visits,ctr,time_on_page,scroll_depth,add_to_cart_rate,conversion_rate,title_quality,description_length,keyword_score,rating,reviews,cluster_id,cluster_label
15895.0,0.0361,59.27,15.42,0.0524,0.0144,3.74,64.0,3.27,3.42,25.0,3,Low Engagement Product
960.0,0.0995,209.37,47.04,0.0929,0.0512,2.38,363.0,3.86,4.14,136.0,3,Low Engagement Product
38258.0,0.0441,427.99,74.41,0.0542,0.0208,2.2,776.0,1.99,2.03,29.0,0,Invisible Product
44832.0,0.0594,454.45,77.33,0.0693,0.0464,6.09,815.0,3.35,3.84,75.0,2,Attract but Don't Convert
11384.0,0.1368,236.44,46.27,0.1201,0.0824,9.93,394.0,9.14,4.96,971.0,1,High Performer
6365.0,0.0299,339.27,62.53,0.0774,0.0458,1.0,638.0,2.59,3.75,378.0,2,Attract but Don't Convert
16950.0,0.0719,80.61,10.61,0.0652,0.0238,2.14,46.0,2.93,2.94,18.0,3,Low Engagement Product
37294.0,0.0587,152.73,26.29,0.0583,0.0236,2.71,212.0,2.57,3.3,38.0,3,Low Engagement Product
22062.0,0.1163,452.69,91.8,0.113,0.0758,4.21,949.0,8.97,4.07,280.0,2,Attract but Don't Convert
47291.0,0.0697,479.26,83.06,0.0524,0.0245,4.65,868.0,5.45,3.22,470.0,2,Attract but Don't Convert
44231.0,0.0303,200.29,35.84,0.0388,0.0079,2.93,376.0,2.61,1.51,25.0,0,Invisible Product
16123.0,0.0629,35.41,18.02,0.0528,0.0176,2.96,81.0,3.72,3.17,31.0,3,Low Engagement Product
41190.0,0.1019,75.54,11.61,0.0893,0.0455,7.14,81.0,2.88,4.02,43.0,3,Low Engagement Product
1785.0,0.0505,296.97,45.78,0.0733,0.0319,3.98,441.0,3.13,2.77,41.0,0,Invisible Product
869.0,0.0834,435.44,80.14,0.0901,0.0578,6.31,813.0,6.63,4.38,483.0,2,Attract but Don't Convert
2533.0,0.1245,350.22,59.17,0.0366,0.0233,9.78,652.0,9.58,4.28,971.0,1,High Performer
5411.0,0.0992,437.43,74.41,0.0675,0.0542,7.89,811.0,9.8,4.22,971.0,1,High Performer
37919.0,0.0151,362.81,50.93,0.0072,0.0001,1.21,570.0,1.99,2.44,27.0,0,Invisible Product
39288.0,0.1262,224.14,44.97,0.0992,0.0747,8.92,399.0,8.58,4.26,971.0,1,High Performer
17668.0,0.0522,197.67,34.41,0.0856,0.0429,6.02,296.0,1.0,4.02,207.0,3,Low Engagement Product
19869.0,0.0559,334.54,56.8,0.059,0.0282,2.63,625.0,3.38,3.02,8.0,0,Invisible Product
28793.0,0.1221,243.39,48.1,0.0853,0.0658,7.58,450.0,9.95,4.28,971.0,1,High Performer
6496.0,0.0821,125.24,20.6,0.0382,0.0171,2.31,134.0,3.85,1.28,47.0,0,Invisible Product
27580.0,0.0144,361.45,69.07,0.0057,0.0017,2.15,707.0,2.81,1.66,30.0,0,Invisible Product
41534.0,0.054,114.93,16.58,0.0511,0.0156,2.35,140.0,3.03,1.33,14.0,0,Invisible Product
25758.0,0.1011,295.16,51.9,0.073,0.041,7.62,544.0,9.11,3.07,478.0,1,High Performer
19042.0,0.0548,473.86,84.13,0.0618,0.0363,3.09,918.0,6.48,3.76,53.0,2,Attract but Don't Convert
18531.0,0.0338,239.14,48.24,0.0598,0.0252,1.55,435.0,2.2,3.24,31.0,0,Invisible Product
2847.0,0.0786,75.97,19.68,0.087,0.0496,5.74,182.0,1.96,4.09,262.0,3,Low Engagement Product
289.0,0.0758,412.0,75.05,0.0413,0.0207,5.21,806.0,5.64,3.06,170.0,2,Attract but Don't Convert
19218.0,0.0317,497.18,89.28,0.0415,0.0129,1.21,929.0,2.79,1.25,12.0,0,Invisible Product
35873.0,0.1195,378.55,66.87,0.1141,0.0698,7.3,707.0,5.27,4.14,344.0,2,Attract but Don't Convert
1999.0,0.0133,189.08,36.89,0.0727,0.0403,3.89,356.0,1.14,3.45,21.0,3,Low Engagement Product
1367.0,0.1052,258.63,39.15,0.0978,0.0514,6.61,398.0,5.37,3.42,364.0,3,Low Engagement Product
31651.0,0.1235,181.63,34.83,0.1466,0.106,8.98,343.0,9.33,4.06,971.0,1,High Performer
11494.0,0.1208,154.74,26.48,0.0653,0.0527,7.64,192.0,7.82,4.54,971.0,1,High Performer
3656.0,0.127,435.94,64.55,0.0941,0.0556,7.6,806.0,7.89,4.02,971.0,1,High Performer
3990.0,0.075,66.23,13.9,0.0583,0.0314,4.84,83.0,8.3,3.88,357.0,3,Low Engagement Product
41706.0,0.0109,91.87,21.69,0.0578,0.0207,1.33,120.0,2.11,1.27,39.0,0,Invisible Product
30840.0,0.1448,206.37,41.01,0.1143,0.0839,8.11,341.0,9.42,4.75,971.0,1,High Performer
14602.0,0.0234,507.89,84.84,0.0774,0.0473,1.67,994.0,2.14,4.45,371.0,2,Attract but Don't Convert
21877.0,0.0367,53.93,13.66,0.0516,0.0248,3.4,85.0,3.39,2.65,10.0,3,Low Engagement Product
10727.0,0.099,456.99,79.33,0.1265,0.0837,8.25,862.0,4.43,4.49,399.0,2,Attract but Don't Convert
8892.0,0.0898,326.74,59.19,0.0971,0.0608,7.55,576.0,7.3,3.95,494.0,1,High Performer
43423.0,0.0114,352.27,57.59,0.0657,0.0342,2.7,618.0,1.98,2.65,32.0,0,Invisible Product
43121.0,0.0625,293.41,47.53,0.1108,0.056,9.01,477.0,5.68,3.74,127.0,3,Low Engagement Product
8533.0,0.2274875,304.43,59.53,0.0171,0.0044,2.23,598.0,1.95,2.95,23.0,4,Trust Issue Product
43101.0,0.2274875,273.13,41.99,0.0374,0.0155,2.75,472.0,3.81,3.41,39.0,4,Trust Issue Product
11116.0,0.0425,168.74,40.37,0.0383,0.008,1.85,278.0,2.38,1.83,43.0,0,Invisible Product
23997.0,0.0732,495.84,86.65,0.0246,0.0091,2.97,953.0,3.53,3.12,5.0,0,Invisible Product
2712.0,0.0752,438.07,67.13,0.0749,0.044,7.28,736.0,3.39,3.27,305.0,2,Attract but Don't Convert
23583.0,0.0256,261.14,51.3,0.0582,0.0184,1.76,445.0,1.84,3.45,15.0,0,Invisible Product
48655.0,0.0436,557.58,90.48,0.0416,0.0092,3.66,998.0,1.24,1.08,29.0,0,Invisible Product
17259.0,0.0468,440.23,85.53,0.0355,0.0195,5.28,955.0,2.48,3.31,271.0,2,Attract but Don't Convert
45074.0,0.0607,149.44,27.62,0.0955,0.0507,6.27,197.0,5.7,3.64,84.0,3,Low Engagement Product
41094.0,0.025,515.72,86.21,0.058,0.0229,2.82,950.0,3.58,2.59,29.0,2,Attract but Don't Convert
14641.0,0.0637,193.54,30.84,0.0945,0.0424,4.41,299.0,4.19,4.05,23.0,3,Low Engagement Product
36020.0,0.056,205.64,44.38,0.0502,0.0246,3.77,363.0,1.04,1.61,13.0,0,Invisible Product
26631.0,0.1724,90.21,10.0,0.0997,0.0607,9.28,36.0,9.52,4.15,478.0,1,High Performer
1685.0,0.0515,183.56,33.17,0.0652,0.0441,4.69,315.0,2.94,3.33,388.0,3,Low Engagement Product
4043.0,0.1225,140.13,36.95,0.1303,0.0977,8.11,221.0,7.77,4.77,971.0,1,High Performer
24039.0,0.0635,500.93,89.01,0.0943,0.06,2.48,981.0,1.0,3.8,477.0,2,Attract but Don't Convert
19557.0,0.0982,380.71,58.31,0.1013,0.0415,6.78,703.0,4.93,3.89,14.0,2,Attract but Don't Convert
1121.0,0.0644,495.51,90.69,0.0916,0.0553,3.54,938.0,4.68,4.34,310.0,2,Attract but Don't Convert
11753.0,0.1176,447.94,72.02,0.1002,0.057,7.89,793.0,7.23,4.31,196.0,2,Attract but Don't Convert
43673.0,0.0537,149.19,21.74,0.0615,0.0265,2.7,213.0,2.9,2.82,6.0,3,Low Engagement Product
13517.0,0.0771,137.47,28.71,0.0573,0.0424,10.0,168.0,3.53,4.23,210.0,3,Low Engagement Product
40857.0,0.2274875,224.84,47.01,0.0164,0.0061,4.0,394.0,2.54,2.68,2.0,4,Trust Issue Product
9792.0,0.0992,476.71,89.7,0.083,0.0452,5.67,907.0,6.39,3.77,487.0,2,Attract but Don't Convert
45858.0,0.058,74.68,10.0,0.0302,0.0199,3.84,54.0,1.0,3.1,499.0,3,Low Engagement Product
6973.0,0.1366,227.16,40.34,0.0995,0.0803,8.65,388.0,8.24,4.4,971.0,1,High Performer
5775.0,0.1265,10.0,12.38,0.0648,0.0205,5.88,48.0,8.27,3.5,308.0,3,Low Engagement Product
261.0,0.0976,417.95,68.86,0.0869,0.0471,9.1,794.0,6.37,3.93,495.0,2,Attract but Don't Convert
37165.0,0.0206,106.28,32.06,0.0846,0.0492,1.67,240.0,2.66,3.96,446.0,3,Low Engagement Product
26657.0,0.1094,49.69,21.23,0.0593,0.0322,10.0,72.0,4.18,4.27,260.0,3,Low Engagement Product
33863.0,0.1001,526.52,83.88,0.1159,0.0773,7.44,952.0,7.91,4.97,261.0,2,Attract but Don't Convert
32706.0,0.0691,428.27,75.58,0.0693,0.0403,4.37,810.0,2.55,3.57,164.0,2,Attract but Don't Convert
11634.0,0.0103,210.61,40.48,0.0127,0.0111,1.74,372.0,3.4,2.91,30.0,0,Invisible Product
29227.0,0.0978,231.62,48.3,0.0887,0.0592,8.59,411.0,4.87,4.4,385.0,3,Low Engagement Product
40497.0,0.0226,77.72,17.64,0.0516,0.0263,2.64,95.0,1.89,2.09,9.0,0,Invisible Product
25951.0,0.0255,279.8,51.2,0.0593,0.0406,2.47,513.0,2.91,3.24,206.0,0,Invisible Product
1116.0,0.0569,419.83,71.14,0.0579,0.0348,5.41,707.0,5.83,3.07,78.0,2,Attract but Don't Convert
24353.0,0.1218,266.43,53.9,0.1109,0.0826,8.47,541.0,7.66,4.78,971.0,1,High Performer
24376.0,0.06,531.58,86.68,0.0617,0.0328,6.99,994.0,1.23,3.27,57.0,2,Attract but Don't Convert
23347.0,0.0766,109.12,15.41,0.0302,0.0137,1.56,136.0,3.58,1.39,32.0,0,Invisible Product
24400.0,0.1634,161.6,30.83,0.0637,0.0458,8.62,299.0,6.53,3.69,258.0,3,Low Engagement Product
8629.0,0.1067,417.41,71.13,0.0828,0.0729,9.83,749.0,7.24,4.12,971.0,1,High Performer
17362.0,0.0267,113.64,19.02,0.125,0.0739,7.63,194.0,1.0,4.23,241.0,3,Low Engagement Product
9368.0,0.0502,422.1,72.57,0.0732,0.0423,5.18,765.0,4.71,3.23,472.0,2,Attract but Don't Convert
21371.0,0.0412,488.76,79.88,0.0587,0.0253,3.29,968.0,2.36,2.46,37.0,0,Invisible Product
12285.0,0.073,423.25,67.66,0.0709,0.0446,2.6,783.0,4.14,3.82,120.0,2,Attract but Don't Convert
21343.0,0.0958,231.6,38.38,0.085,0.0523,5.48,314.0,8.57,4.16,338.0,3,Low Engagement Product
39199.0,0.0929,246.9,45.38,0.0658,0.0391,7.87,470.0,2.97,3.05,376.0,3,Low Engagement Product
8671.0,0.2274875,448.19,79.39,0.0147,0.0087,8.17,853.0,9.07,2.62,971.0,4,Trust Issue Product
40076.0,0.0793,331.49,52.68,0.0932,0.042,6.89,537.0,4.99,3.06,290.0,2,Attract but Don't Convert
38144.0,0.0871,74.73,20.99,0.0743,0.0407,8.22,40.0,2.94,3.74,145.0,3,Low Engagement Product
49316.0,0.0941,110.97,18.04,0.0744,0.0381,6.75,92.0,5.82,3.27,87.0,3,Low Engagement Product
49084.0,0.2274875,453.11,73.77,0.0379,0.0181,1.8,861.0,1.06,2.81,36.0,4,Trust Issue Product
40874.0,0.0681,64.44,17.44,0.0956,0.0596,3.28,55.0,8.68,3.68,240.0,3,Low Engagement Product
2668.0,0.0939,302.22,46.81,0.0801,0.0404,5.35,526.0,3.9,3.07,264.0,2,Attract but Don't Convert
2127.0,0.1849,473.46,88.4,0.0177,0.0042,9.45,918.0,5.22,3.08,169.0,4,Trust Issue Product
2795.0,0.1199,133.65,34.13,0.1118,0.0774,6.21,252.0,6.49,3.98,488.0,3,Low Engagement Product
48290.0,0.0104,378.68,71.24,0.077,0.0303,1.64,747.0,1.55,3.28,14.0,0,Invisible Product
5358.0,0.1154,277.97,55.06,0.093,0.0615,7.1,516.0,7.96,4.85,227.0,1,High Performer
22102.0,0.0317,116.94,33.87,0.046,0.0196,2.42,225.0,3.21,2.13,49.0,0,Invisible Product
39604.0,0.2274875,238.96,45.46,0.0359,0.0087,5.23,445.0,4.0,2.54,70.0,4,Trust Issue Product
33259.0,0.0671,489.88,87.65,0.0622,0.0406,7.18,960.0,1.0,3.76,96.0,2,Attract but Don't Convert
14086.0,0.091,71.74,16.25,0.0893,0.0407,7.79,63.0,10.0,4.24,10.0,3,Low Engagement Product
12766.0,0.1336,92.9,15.14,0.1302,0.1028,7.98,110.0,7.58,4.7,971.0,1,High Performer
38760.0,0.089,492.57,82.96,0.1158,0.0726,8.08,948.0,6.88,4.25,120.0,2,Attract but Don't Convert
3661.0,0.0865,446.67,78.05,0.0917,0.0474,5.97,847.0,6.39,3.24,168.0,2,Attract but Don't Convert
26954.0,0.0849,286.41,49.09,0.1171,0.0931,7.69,489.0,9.67,4.65,971.0,1,High Performer
39052.0,0.2132,334.9,61.19,0.0332,0.0126,1.61,624.0,3.64,2.0,3.0,4,Trust Issue Product
22762.0,0.0592,261.09,46.41,0.0198,0.0117,2.34,486.0,3.8,1.3,36.0,0,Invisible Product
8492.0,0.1199,438.42,72.24,0.1154,0.0712,8.22,870.0,7.53,4.6,223.0,2,Attract but Don't Convert
30635.0,0.0499,292.61,55.19,0.0551,0.0435,5.86,473.0,2.62,4.15,464.0,2,Attract but Don't Convert
13167.0,0.1093,304.58,52.15,0.0973,0.0668,8.65,614.0,8.76,4.99,804.0,1,High Performer
48133.0,0.0346,199.69,42.23,0.0854,0.0457,2.91,352.0,2.23,2.99,41.0,3,Low Engagement Product
23699.0,0.1221,275.29,50.56,0.0794,0.0559,5.53,526.0,9.94,3.85,408.0,1,High Performer
35322.0,0.1075,439.41,76.04,0.1064,0.066,4.94,813.0,10.0,4.14,243.0,2,Attract but Don't Convert
11937.0,0.0704,265.55,52.43,0.0873,0.0485,6.48,489.0,1.49,4.38,79.0,3,Low Engagement Product
14139.0,0.1454,51.68,10.92,0.0956,0.0626,6.97,40.0,7.46,3.5,409.0,3,Low Engagement Product
30918.0,0.0087,136.69,22.92,0.0168,0.0111,1.15,247.0,2.88,2.34,3.0,0,Invisible Product
19215.0,0.0623,218.43,46.6,0.0854,0.029,3.8,395.0,3.87,2.69,9.0,0,Invisible Product
11065.0,0.1202,77.56,25.26,0.0668,0.0443,5.59,149.0,5.79,3.86,471.0,3,Low Engagement Product
24638.0,0.1888,362.83,66.84,0.0215,0.0104,6.01,706.0,1.78,2.75,373.0,4,Trust Issue Product
42630.0,0.064,340.24,65.24,0.1204,0.0708,5.74,639.0,3.16,4.48,90.0,2,Attract but Don't Convert
5156.0,0.1281,249.79,46.28,0.1023,0.0735,8.79,433.0,7.06,4.48,672.0,1,High Performer
32582.0,0.1397,434.06,74.85,0.0912,0.0566,7.32,814.0,9.5,4.17,693.0,1,High Performer
47816.0,0.0623,102.27,16.2,0.116,0.0603,3.05,90.0,2.45,3.92,211.0,3,Low Engagement Product
8210.0,0.0571,211.23,33.09,0.0483,0.0149,3.49,423.0,3.84,1.4,21.0,0,Invisible Product
13873.0,0.0312,315.27,57.82,0.0145,0.0118,2.69,581.0,3.59,1.02,30.0,0,Invisible Product
27366.0,0.148,297.54,55.0,0.098,0.0549,9.47,626.0,8.77,4.29,80.0,1,High Performer
17512.0,0.0737,431.68,77.0,0.1105,0.0676,8.34,810.0,4.07,4.08,102.0,2,Attract but Don't Convert
33370.0,0.1112,224.58,41.82,0.0772,0.0582,6.47,416.0,7.47,4.27,371.0,3,Low Engagement Product
7010.0,0.037,197.68,29.84,0.1009,0.0478,3.35,356.0,1.38,3.42,35.0,3,Low Engagement Product
45553.0,0.0519,347.86,62.72,0.0569,0.0257,2.92,663.0,3.86,3.03,11.0,0,Invisible Product
25546.0,0.2274875,300.7,49.67,0.0176,0.0128,6.4,524.0,6.06,2.63,81.0,4,Trust Issue Product
306.0,0.0554,500.1,91.21,0.0673,0.0145,1.49,929.0,3.23,2.0,8.0,0,Invisible Product
21618.0,0.053,153.38,23.59,0.0628,0.0221,1.96,295.0,3.45,2.14,27.0,0,Invisible Product
22461.0,0.1554,480.99,78.73,0.0675,0.0361,9.09,911.0,9.78,4.38,53.0,2,Attract but Don't Convert
23519.0,0.0635,15.59,10.0,0.0925,0.0282,8.7,32.0,1.0,4.41,66.0,3,Low Engagement Product
48802.0,0.0476,10.0,15.71,0.0495,0.0074,1.0,22.0,9.72,3.34,20.0,3,Low Engagement Product
41623.0,0.1223,536.51,90.82,0.1145,0.0832,9.14,997.0,8.23,4.32,940.0,1,High Performer
45251.0,0.1299,128.76,33.18,0.1346,0.0773,8.28,243.0,7.87,4.36,155.0,1,High Performer
22503.0,0.1237,514.22,83.87,0.1037,0.0576,7.03,993.0,9.38,4.03,67.0,2,Attract but Don't Convert
18241.0,0.0639,131.39,20.7,0.0574,0.0311,7.4,194.0,2.28,3.31,438.0,3,Low Engagement Product
14920.0,0.2274875,488.65,83.73,0.0328,0.0133,2.23,918.0,3.01,2.8,33.0,4,Trust Issue Product
40442.0,0.0848,260.08,50.99,0.0844,0.0451,7.31,404.0,4.7,3.85,157.0,3,Low Engagement Product
6474.0,0.1284,315.36,62.4,0.0928,0.0613,7.32,621.0,9.67,4.07,971.0,1,High Performer
1778.0,0.0957,523.89,80.73,0.08,0.0612,8.31,939.0,9.76,4.0,971.0,1,High Performer
33927.0,0.0862,171.57,31.89,0.0864,0.0445,8.12,260.0,1.34,3.78,217.0,3,Low Engagement Product
16298.0,0.0863,328.2,58.26,0.0922,0.045,6.4,566.0,3.47,4.25,100.0,2,Attract but Don't Convert
10014.0,0.1273,38.67,10.0,0.0366,0.0135,7.3,33.0,4.03,3.6,96.0,3,Low Engagement Product
27990.0,0.1094,117.96,25.84,0.105,0.0659,9.12,214.0,7.36,4.68,281.0,3,Low Engagement Product
22399.0,0.0384,239.9,42.38,0.0315,0.0104,2.74,416.0,3.73,1.52,4.0,0,Invisible Product
43685.0,0.0459,235.87,54.98,0.0717,0.0326,3.4,450.0,2.25,3.01,29.0,0,Invisible Product
43789.0,0.0418,172.73,36.48,0.001,0.0003,3.87,325.0,1.81,1.04,15.0,0,Invisible Product
42657.0,0.1319,209.51,46.56,0.0877,0.046,5.29,353.0,8.08,3.21,407.0,3,Low Engagement Product
49180.0,0.0989,423.04,65.78,0.0917,0.068,8.56,744.0,5.72,4.06,469.0,2,Attract but Don't Convert
44120.0,0.0579,212.42,47.06,0.0939,0.0548,3.36,429.0,4.77,3.91,118.0,3,Low Engagement Product
2793.0,0.0291,67.14,10.0,0.0341,0.0112,2.13,22.0,3.25,3.19,18.0,3,Low Engagement Product
29567.0,0.2274875,360.17,69.88,0.0279,0.0174,7.7,710.0,8.55,3.07,971.0,4,Trust Issue Product
29823.0,0.0556,309.37,53.75,0.0175,0.0127,3.19,571.0,2.93,2.47,13.0,0,Invisible Product
46799.0,0.18,259.68,46.06,0.1057,0.063,9.81,471.0,10.0,4.24,292.0,1,High Performer
3727.0,0.1904,367.82,69.16,0.0176,0.0069,1.47,695.0,2.89,2.43,46.0,4,Trust Issue Product
26039.0,0.2274875,444.26,81.11,0.0367,0.0136,2.72,838.0,2.67,2.76,23.0,4,Trust Issue Product
49025.0,0.1413,415.69,72.8,0.069,0.0472,7.44,766.0,8.53,4.14,214.0,2,Attract but Don't Convert
43041.0,0.0326,449.45,82.08,0.0024,0.0023,3.48,788.0,1.55,1.17,49.0,0,Invisible Product
21934.0,0.0688,471.46,81.62,0.0438,0.0258,6.6,891.0,4.41,4.34,473.0,2,Attract but Don't Convert
18147.0,0.0197,268.75,52.76,0.0048,0.0046,3.25,514.0,3.28,1.49,10.0,0,Invisible Product
26205.0,0.0852,226.62,46.2,0.0359,0.0088,3.17,436.0,2.52,2.02,12.0,0,Invisible Product
10330.0,0.0528,241.38,46.31,0.0442,0.0171,2.19,410.0,2.18,2.54,9.0,0,Invisible Product
15807.0,0.1282,242.35,41.48,0.0928,0.0572,9.2,392.0,8.49,4.07,97.0,3,Low Engagement Product
22076.0,0.1129,340.52,56.65,0.1117,0.0627,9.26,647.0,4.13,4.26,106.0,2,Attract but Don't Convert
44362.0,0.001,83.83,17.57,0.0135,0.0038,2.02,71.0,2.88,1.36,28.0,0,Invisible Product
23876.0,0.0333,270.87,33.92,0.0521,0.0233,3.51,395.0,1.18,1.95,38.0,0,Invisible Product
30180.0,0.1138,263.39,47.4,0.1132,0.0657,9.92,414.0,7.29,4.32,112.0,1,High Performer
1406.0,0.158,486.51,91.22,0.1245,0.0742,8.54,942.0,8.68,4.28,319.0,2,Attract but Don't Convert
6876.0,0.0821,131.13,20.45,0.0986,0.066,3.84,161.0,3.06,4.03,481.0,3,Low Engagement Product
27351.0,0.0565,101.0,15.8,0.0402,0.0114,1.41,105.0,3.75,1.65,26.0,0,Invisible Product
9574.0,0.0478,272.76,38.88,0.0355,0.0043,2.41,483.0,1.43,2.61,0.0,0,Invisible Product
40394.0,0.0953,80.45,14.93,0.0889,0.0549,8.43,65.0,6.01,3.7,469.0,3,Low Engagement Product
22059.0,0.1503,476.71,80.96,0.0966,0.0652,9.13,863.0,8.99,4.45,971.0,1,High Performer
5630.0,0.0553,183.45,32.22,0.0937,0.0499,4.79,257.0,6.25,3.03,274.0,3,Low Engagement Product
29420.0,0.079,56.08,13.67,0.079,0.0465,4.73,29.0,9.84,3.46,278.0,3,Low Engagement Product
3848.0,0.0445,386.6,63.32,0.0672,0.0319,3.89,683.0,2.32,3.3,31.0,2,Attract but Don't Convert
32068.0,0.0872,305.59,61.91,0.1189,0.0909,9.22,592.0,1.0,4.09,438.0,2,Attract but Don't Convert
32662.0,0.1019,304.46,49.09,0.0623,0.041,7.16,549.0,4.83,3.09,273.0,2,Attract but Don't Convert
13645.0,0.001,323.5,54.65,0.0283,0.0136,1.8,617.0,1.18,1.41,17.0,0,Invisible Product
763.0,0.0358,387.91,56.69,0.1265,0.0744,5.11,668.0,3.8,4.13,123.0,2,Attract but Don't Convert
34866.0,0.1022,468.84,81.28,0.091,0.0583,6.66,932.0,8.17,3.77,321.0,2,Attract but Don't Convert
8094.0,0.0279,366.73,65.16,0.0548,0.0187,3.2,761.0,2.85,1.47,3.0,0,Invisible Product
28121.0,0.0652,331.18,51.28,0.1226,0.0799,2.13,659.0,4.93,4.3,475.0,2,Attract but Don't Convert
30403.0,0.0327,342.94,57.19,0.0423,0.0171,3.92,635.0,3.14,2.5,15.0,0,Invisible Product
3404.0,0.1872,348.03,71.42,0.1241,0.0885,9.8,717.0,9.97,4.36,971.0,1,High Performer
46676.0,0.1858,456.14,85.69,0.0316,0.0233,2.29,928.0,1.45,2.38,17.0,4,Trust Issue Product
39453.0,0.1136,141.8,28.9,0.1486,0.0953,7.59,197.0,7.96,4.82,338.0,1,High Performer
17775.0,0.0963,446.14,83.68,0.1362,0.1082,8.53,888.0,7.37,4.88,971.0,1,High Performer
44517.0,0.0817,62.6,10.38,0.1028,0.0651,6.51,25.0,7.91,3.99,228.0,3,Low Engagement Product
24038.0,0.0223,439.56,78.62,0.079,0.0369,1.91,872.0,1.92,2.8,20.0,2,Attract but Don't Convert
23764.0,0.0115,150.26,32.49,0.0216,0.0096,1.01,326.0,2.06,1.72,46.0,0,Invisible Product
1736.0,0.2274875,292.92,56.6,0.0373,0.0149,4.64,567.0,3.58,2.69,242.0,4,Trust Issue Product
20180.0,0.1447,177.24,51.97,0.0805,0.0514,7.35,346.0,8.29,4.21,219.0,3,Low Engagement Product
27828.0,0.0924,191.64,33.48,0.0825,0.0445,8.46,375.0,6.81,3.26,106.0,3,Low Engagement Product
49950.0,0.056,433.81,79.95,0.0565,0.0366,1.0,812.0,5.53,3.26,16.0,2,Attract but Don't Convert
26836.0,0.1585,240.4,40.45,0.0231,0.0136,1.59,414.0,3.47,2.52,24.0,4,Trust Issue Product
28773.0,0.0155,217.14,42.79,0.1028,0.0533,5.03,319.0,1.35,3.32,86.0,3,Low Engagement Product
37605.0,0.0286,295.25,55.44,0.0512,0.0195,1.24,545.0,3.6,1.97,9.0,0,Invisible Product
47423.0,0.0102,419.73,68.57,0.0414,0.0132,2.74,768.0,2.38,1.7,6.0,0,Invisible Product
46745.0,0.0512,155.42,33.14,0.0728,0.0407,3.17,304.0,2.57,3.5,137.0,3,Low Engagement Product
954.0,0.0371,186.34,41.5,0.0622,0.0227,2.65,349.0,2.13,2.82,0.0,0,Invisible Product
24648.0,0.1236,90.5,23.97,0.0881,0.0563,7.38,69.0,9.3,4.12,945.0,1,High Performer
38723.0,0.1309,454.09,77.39,0.1425,0.1091,9.78,792.0,9.85,4.84,971.0,1,High Performer
7492.0,0.0629,555.25,86.74,0.082,0.0324,3.01,987.0,2.23,2.99,32.0,2,Attract but Don't Convert
46817.0,0.0597,347.99,63.72,0.0862,0.0589,3.57,641.0,5.4,4.36,408.0,2,Attract but Don't Convert
21656.0,0.101,367.51,76.23,0.1013,0.0761,8.44,728.0,8.97,4.5,673.0,1,High Performer
38659.0,0.0231,212.87,44.08,0.0971,0.0247,3.47,397.0,2.12,1.82,32.0,0,Invisible Product
26409.0,0.0392,414.94,71.99,0.0926,0.0585,6.23,783.0,4.34,4.16,491.0,2,Attract but Don't Convert
22019.0,0.065,328.2,52.45,0.1065,0.0681,5.8,619.0,4.61,3.55,193.0,2,Attract but Don't Convert
5031.0,0.0247,454.27,83.67,0.0421,0.0215,3.75,844.0,1.97,2.56,18.0,0,Invisible Product
33070.0,0.0714,323.53,53.91,0.1042,0.0626,5.92,557.0,1.74,4.38,113.0,2,Attract but Don't Convert
44315.0,0.06,405.92,69.9,0.0224,0.0025,2.59,793.0,3.88,1.45,6.0,0,Invisible Product
12788.0,0.146,149.85,26.7,0.0904,0.0582,9.81,163.0,9.09,4.32,148.0,3,Low Engagement Product
25442.0,0.0946,70.99,20.18,0.1087,0.0603,4.27,79.0,5.82,4.17,93.0,3,Low Engagement Product
37257.0,0.0037,500.66,76.34,0.042,0.0237,1.97,887.0,1.66,2.98,46.0,0,Invisible Product
2427.0,0.0749,437.97,70.15,0.0633,0.0515,4.92,799.0,4.22,3.98,449.0,2,Attract but Don't Convert
40872.0,0.004,120.12,20.33,0.0482,0.0129,1.24,94.0,3.13,1.7,44.0,0,Invisible Product
40645.0,0.0297,17.74,17.8,0.0218,0.0081,2.51,22.0,2.72,1.43,40.0,0,Invisible Product
297.0,0.0433,316.73,55.87,0.0657,0.0268,2.42,594.0,2.45,3.35,13.0,0,Invisible Product
23609.0,0.0633,403.29,70.32,0.0434,0.0321,3.84,767.0,6.02,3.65,302.0,2,Attract but Don't Convert
34798.0,0.1198,267.16,43.91,0.0661,0.0327,7.18,467.0,4.44,3.98,73.0,3,Low Engagement Product
44642.0,0.0415,521.01,94.32,0.0497,0.0158,2.71,977.0,3.74,2.06,37.0,0,Invisible Product
15187.0,0.0899,417.78,74.08,0.0821,0.0524,6.72,760.0,3.13,3.89,242.0,2,Attract but Don't Convert
22771.0,0.0458,493.3,78.11,0.1062,0.0437,1.0,921.0,5.82,4.17,26.0,2,Attract but Don't Convert
25284.0,0.1127,188.15,41.82,0.06,0.0273,9.97,294.0,4.7,3.34,102.0,3,Low Engagement Product
27948.0,0.2274875,294.82,71.17,0.0138,0.0044,7.09,549.0,9.4,2.55,932.0,4,Trust Issue Product
42207.0,0.1341,344.85,49.88,0.1065,0.072,8.17,611.0,9.23,4.61,732.0,1,High Performer
20766.0,0.0778,203.3,30.46,0.0559,0.0245,3.85,234.0,1.92,2.61,6.0,0,Invisible Product
44457.0,0.1041,381.09,58.43,0.1089,0.0713,8.58,702.0,1.18,4.33,286.0,2,Attract but Don't Convert
15808.0,0.1025,253.11,48.84,0.0727,0.0487,7.27,504.0,7.7,4.21,746.0,1,High Performer
26470.0,0.0321,191.46,30.51,0.0739,0.0304,1.67,348.0,3.23,3.02,45.0,0,Invisible Product
49911.0,0.0951,157.81,39.27,0.1101,0.0582,6.75,274.0,5.8,3.89,87.0,3,Low Engagement Product
2911.0,0.1648,215.28,40.64,0.0377,0.0111,1.19,406.0,1.15,2.87,42.0,4,Trust Issue Product
47111.0,0.1702,104.94,26.65,0.1058,0.0674,9.08,145.0,8.67,4.04,971.0,1,High Performer
6646.0,0.0631,438.98,73.74,0.0617,0.0178,2.25,786.0,2.73,2.41,2.0,0,Invisible Product
34854.0,0.0648,305.5,66.76,0.1025,0.0593,6.09,603.0,3.26,4.21,486.0,2,Attract but Don't Convert
30306.0,0.0419,280.61,49.47,0.0428,0.0168,3.21,569.0,1.31,1.93,10.0,0,Invisible Product
41206.0,0.1405,250.98,26.47,0.1313,0.0834,8.66,343.0,9.47,4.44,192.0,1,High Performer
11511.0,0.1146,122.75,24.95,0.1241,0.0719,9.45,223.0,7.44,3.52,370.0,3,Low Engagement Product
3011.0,0.0915,153.77,23.41,0.0934,0.0443,5.47,191.0,4.03,3.59,120.0,3,Low Engagement Product
1834.0,0.001,422.22,62.36,0.0723,0.0266,2.09,754.0,3.29,3.3,7.0,0,Invisible Product
18327.0,0.1626,135.93,31.03,0.1085,0.0763,9.54,236.0,9.46,4.6,355.0,1,High Performer
8780.0,0.054,146.24,33.03,0.0058,0.0055,2.95,264.0,3.15,1.33,25.0,0,Invisible Product
19460.0,0.1031,195.41,45.07,0.0652,0.0358,9.36,355.0,9.2,4.17,421.0,1,High Performer
18443.0,0.0979,382.16,72.93,0.0797,0.0634,8.36,722.0,7.48,4.65,971.0,1,High Performer
5859.0,0.0245,200.89,32.86,0.0959,0.0579,1.0,317.0,7.77,4.41,351.0,3,Low Engagement Product
23178.0,0.0606,427.65,72.29,0.0664,0.0367,1.93,851.0,1.62,3.21,37.0,2,Attract but Don't Convert
35253.0,0.0143,156.14,17.51,0.0875,0.0366,2.08,201.0,2.47,2.77,2.0,3,Low Engagement Product
11211.0,0.0764,193.72,37.25,0.0061,0.0001,3.88,353.0,3.88,2.43,28.0,0,Invisible Product
37604.0,0.0733,265.73,51.33,0.0444,0.0119,3.31,530.0,3.94,1.81,11.0,0,Invisible Product
1902.0,0.145,234.7,44.09,0.1069,0.0785,9.99,402.0,9.66,4.19,971.0,1,High Performer
8255.0,0.1998,446.07,60.73,0.028,0.0011,1.24,736.0,2.28,3.03,17.0,4,Trust Issue Product
8220.0,0.0676,459.21,82.06,0.0883,0.0608,4.88,892.0,2.78,3.93,317.0,2,Attract but Don't Convert
39484.0,0.0341,141.58,30.08,0.0529,0.024,2.6,218.0,1.37,2.11,42.0,0,Invisible Product
47125.0,0.1453,208.33,34.84,0.0985,0.0559,9.43,351.0,7.45,4.02,624.0,1,High Performer
47354.0,0.0017,159.71,27.54,0.0682,0.0312,2.15,184.0,1.21,2.96,6.0,0,Invisible Product
22018.0,0.1507,141.73,29.68,0.0977,0.0693,8.57,261.0,8.79,4.15,631.0,1,High Performer
20545.0,0.1507,508.22,89.44,0.1269,0.0767,10.0,919.0,6.5,3.48,426.0,2,Attract but Don't Convert
30406.0,0.124,332.03,70.05,0.1157,0.08,9.21,661.0,8.02,4.59,442.0,1,High Performer
16746.0,0.1157,157.45,29.82,0.1082,0.0864,8.77,246.0,9.2,4.64,971.0,1,High Performer
46943.0,0.0797,371.24,66.54,0.0557,0.0219,7.06,653.0,4.86,3.12,86.0,2,Attract but Don't Convert
31165.0,0.0261,337.58,49.24,0.053,0.0241,3.29,575.0,1.9,2.86,29.0,0,Invisible Product
25299.0,0.0138,237.64,45.23,0.0838,0.0323,1.2,470.0,1.11,2.61,41.0,0,Invisible Product
42076.0,0.0508,97.24,29.04,0.0284,0.022,5.71,215.0,3.04,3.65,243.0,3,Low Engagement Product
16471.0,0.1401,470.55,78.88,0.1124,0.0848,9.3,889.0,8.16,4.86,971.0,1,High Performer
11935.0,0.0673,130.1,26.45,0.0917,0.0405,4.47,223.0,2.81,4.27,104.0,3,Low Engagement Product
46036.0,0.015,500.61,84.97,0.0811,0.0314,1.4,998.0,1.55,3.48,47.0,2,Attract but Don't Convert
2149.0,0.0966,242.39,56.82,0.0962,0.0653,9.3,477.0,8.8,4.06,971.0,1,High Performer
31716.0,0.0881,444.94,73.14,0.1067,0.056,6.5,849.0,4.07,3.38,277.0,2,Attract but Don't Convert
38291.0,0.1008,202.18,35.94,0.1111,0.0849,8.5,276.0,8.87,4.95,971.0,1,High Performer
47457.0,0.0953,279.37,51.31,0.0941,0.0557,4.43,548.0,7.61,4.29,361.0,2,Attract but Don't Convert
21032.0,0.1167,193.33,36.39,0.1211,0.0605,7.41,291.0,7.96,4.52,50.0,3,Low Engagement Product
29955.0,0.1139,14.57,10.0,0.127,0.0436,8.12,28.0,7.94,4.25,777.0,3,Low Engagement Product
7258.0,0.1504,404.93,70.63,0.1161,0.0858,9.59,780.0,8.74,4.37,971.0,1,High Performer
43116.0,0.0805,483.36,89.46,0.0931,0.0452,8.73,968.0,1.04,3.24,55.0,2,Attract but Don't Convert
7500.0,0.0886,183.45,30.63,0.0684,0.0406,7.73,220.0,3.05,3.19,335.0,3,Low Engagement Product
42742.0,0.2274875,88.13,20.63,0.0282,0.0134,9.04,78.0,4.48,2.02,468.0,4,Trust Issue Product
15251.0,0.1185,497.03,82.62,0.1227,0.0686,9.19,906.0,7.71,4.06,419.0,2,Attract but Don't Convert
1254.0,0.1075,249.01,48.33,0.1035,0.0778,7.79,412.0,7.68,4.11,971.0,1,High Performer
4599.0,0.2274875,349.35,64.84,0.0275,0.0222,9.06,671.0,8.05,3.31,291.0,4,Trust Issue Product
6395.0,0.0529,99.71,20.29,0.0746,0.0348,2.22,138.0,3.13,3.43,15.0,3,Low Engagement Product
12283.0,0.1075,295.09,59.99,0.1156,0.0667,8.92,572.0,6.66,4.21,391.0,1,High Performer
29399.0,0.2274875,292.88,43.98,0.0242,0.003,3.92,418.0,1.49,2.55,46.0,4,Trust Issue Product
12974.0,0.1117,434.01,79.43,0.0777,0.0427,10.0,853.0,3.85,4.17,224.0,2,Attract but Don't Convert
32811.0,0.2052,187.79,33.06,0.0177,0.0168,5.44,350.0,10.0,2.97,336.0,4,Trust Issue Product
5639.0,0.2274875,205.07,29.67,0.0284,0.0165,7.19,286.0,7.58,2.18,971.0,4,Trust Issue Product
42505.0,0.0988,297.4,55.16,0.0877,0.0543,7.31,539.0,8.12,3.96,450.0,1,High Performer
48454.0,0.0632,399.08,62.71,0.1007,0.0562,5.25,714.0,4.27,3.39,285.0,2,Attract but Don't Convert
2657.0,0.045,277.87,50.06,0.0294,0.009,3.2,499.0,1.58,1.48,44.0,0,Invisible Product
38460.0,0.0911,92.71,12.75,0.0408,0.0157,2.75,153.0,2.77,2.16,24.0,0,Invisible Product
16582.0,0.1836,372.23,76.49,0.0316,0.0151,6.63,712.0,6.84,2.86,77.0,4,Trust Issue Product
2300.0,0.0254,514.75,88.17,0.0653,0.0334,3.15,935.0,4.25,3.31,350.0,2,Attract but Don't Convert
47040.0,0.1044,511.55,84.07,0.0769,0.0454,7.88,954.0,7.21,4.06,971.0,2,Attract but Don't Convert
3061.0,0.0741,241.06,47.46,0.078,0.0498,4.45,374.0,5.69,4.39,309.0,3,Low Engagement Product
47075.0,0.0382,355.31,53.78,0.0483,0.0134,2.2,603.0,1.56,3.11,3.0,0,Invisible Product
21457.0,0.1047,300.04,48.55,0.0858,0.0702,7.55,517.0,8.57,4.6,971.0,1,High Performer
12069.0,0.0435,372.95,64.06,0.0321,0.0133,3.02,644.0,1.23,2.15,3.0,0,Invisible Product
2969.0,0.0933,103.74,24.74,0.0977,0.0581,6.26,126.0,7.54,4.02,295.0,3,Low Engagement Product
46860.0,0.0994,192.11,31.86,0.0477,0.0253,6.17,309.0,5.52,3.85,418.0,3,Low Engagement Product
28743.0,0.1251,445.52,79.81,0.0861,0.0636,8.73,844.0,7.74,4.38,971.0,1,High Performer
24836.0,0.2274875,320.16,63.52,0.0375,0.0233,9.11,648.0,8.36,3.02,296.0,4,Trust Issue Product
38567.0,0.1623,342.81,61.95,0.1115,0.0572,9.82,651.0,9.2,3.61,136.0,1,High Performer
23428.0,0.1309,141.94,20.57,0.0916,0.0593,7.73,166.0,6.23,4.17,395.0,3,Low Engagement Product
25976.0,0.0493,208.77,41.89,0.069,0.0352,6.56,346.0,2.83,3.36,477.0,3,Low Engagement Product
21395.0,0.1277,238.96,34.64,0.0991,0.0739,9.02,434.0,9.43,4.41,971.0,1,High Performer
4087.0,0.0916,168.53,29.02,0.0366,0.0153,6.4,229.0,4.93,3.19,242.0,3,Low Engagement Product
22499.0,0.0503,178.54,31.78,0.0874,0.0447,6.43,315.0,3.57,3.46,191.0,3,Low Engagement Product
46314.0,0.0624,252.66,42.75,0.0554,0.0258,3.42,417.0,2.11,1.84,37.0,0,Invisible Product
34086.0,0.0482,117.59,16.29,0.0782,0.0408,2.7,122.0,3.38,2.85,49.0,3,Low Engagement Product
20980.0,0.1029,369.65,56.37,0.1442,0.0616,8.24,655.0,2.54,4.19,23.0,2,Attract but Don't Convert
4835.0,0.0578,439.24,68.85,0.0663,0.0369,4.36,776.0,2.06,4.32,111.0,2,Attract but Don't Convert
44164.0,0.0409,302.95,49.39,0.0468,0.0287,4.33,527.0,1.0,3.62,160.0,0,Invisible Product
4655.0,0.0275,446.9,81.64,0.0694,0.0156,1.18,910.0,2.82,2.63,0.0,0,Invisible Product
42014.0,0.1168,499.72,80.9,0.0873,0.054,9.51,887.0,8.12,4.12,539.0,2,Attract but Don't Convert
40918.0,0.1144,160.05,31.37,0.0726,0.0504,8.37,228.0,9.1,4.04,814.0,1,High Performer
45625.0,0.104,499.91,93.57,0.0882,0.0519,4.01,952.0,7.49,4.17,334.0,2,Attract but Don't Convert
19930.0,0.0386,241.75,46.1,0.0599,0.0214,1.2,447.0,2.16,3.42,41.0,0,Invisible Product
17529.0,0.1367,238.47,37.74,0.1455,0.1083,7.89,412.0,7.05,4.87,971.0,1,High Performer
6993.0,0.1074,428.51,81.48,0.1438,0.0996,7.59,845.0,8.19,4.39,971.0,1,High Performer
14473.0,0.0746,516.36,86.13,0.0447,0.032,3.81,935.0,3.15,3.5,189.0,2,Attract but Don't Convert
47433.0,0.1195,90.98,15.25,0.0646,0.0491,7.59,128.0,8.81,4.11,171.0,3,Low Engagement Product
3536.0,0.0376,466.02,83.02,0.036,0.0137,2.35,908.0,1.12,2.37,2.0,0,Invisible Product
8854.0,0.0907,226.79,42.74,0.0705,0.0425,3.02,367.0,5.63,3.76,388.0,3,Low Engagement Product
10777.0,0.063,74.0,11.29,0.0592,0.0211,1.83,69.0,1.06,3.42,27.0,3,Low Engagement Product
5995.0,0.1403,513.84,81.98,0.0942,0.0549,8.07,935.0,7.78,4.2,643.0,2,Attract but Don't Convert
19838.0,0.0834,66.31,20.3,0.06,0.0386,7.35,124.0,3.22,3.03,476.0,3,Low Engagement Product
30846.0,0.0486,264.24,43.67,0.0123,0.0001,3.06,439.0,1.92,1.73,45.0,0,Invisible Product
49477.0,0.0691,261.73,33.62,0.0677,0.0426,4.88,392.0,1.0,4.07,187.0,3,Low Engagement Product
48504.0,0.067,52.14,25.4,0.1192,0.087,1.96,46.0,5.09,4.08,464.0,3,Low Engagement Product
32452.0,0.1109,521.37,85.95,0.0669,0.03,6.94,987.0,8.9,3.15,222.0,2,Attract but Don't Convert
39890.0,0.0521,411.69,72.02,0.0603,0.0145,2.13,819.0,3.18,3.16,10.0,0,Invisible Product
42019.0,0.1544,425.64,71.15,0.0671,0.0501,8.44,788.0,8.67,4.1,971.0,1,High Performer
5700.0,0.2021,155.54,32.8,0.0122,0.0114,3.52,292.0,1.62,2.24,36.0,4,Trust Issue Product
29224.0,0.0879,387.35,64.99,0.0988,0.042,4.67,668.0,6.89,3.54,42.0,2,Attract but Don't Convert
27743.0,0.0352,258.03,33.32,0.0759,0.0297,3.97,359.0,3.7,3.02,1.0,3,Low Engagement Product
40864.0,0.0394,239.04,41.83,0.0947,0.0633,5.14,320.0,4.85,3.73,477.0,3,Low Engagement Product
9107.0,0.1475,262.38,42.75,0.0802,0.0588,7.86,499.0,9.68,4.48,971.0,1,High Performer
45814.0,0.0613,441.75,75.96,0.065,0.028,6.04,853.0,6.23,4.16,18.0,2,Attract but Don't Convert
37510.0,0.0593,323.6,58.81,0.0949,0.0416,3.26,563.0,3.79,3.31,8.0,2,Attract but Don't Convert
44180.0,0.0673,313.4,59.54,0.0744,0.0268,3.07,576.0,3.02,2.56,16.0,0,Invisible Product
40547.0,0.0949,172.28,18.73,0.089,0.0557,5.57,284.0,7.52,4.24,360.0,3,Low Engagement Product
8308.0,0.0524,359.59,54.52,0.1039,0.0606,5.01,561.0,5.97,4.08,273.0,2,Attract but Don't Convert
18689.0,0.0642,315.82,59.42,0.0488,0.0275,4.72,615.0,7.2,3.32,212.0,2,Attract but Don't Convert
43584.0,0.0974,127.83,25.92,0.0809,0.0637,7.01,185.0,8.42,4.8,971.0,1,High Performer
17553.0,0.1143,205.11,33.73,0.067,0.0492,7.6,335.0,7.97,4.39,971.0,1,High Performer
36312.0,0.0887,61.0,10.28,0.0868,0.0475,4.71,20.0,3.9,3.53,272.0,3,Low Engagement Product
43625.0,0.0467,402.75,74.94,0.0764,0.0431,2.01,780.0,4.18,3.37,158.0,2,Attract but Don't Convert
47302.0,0.172,199.67,36.09,0.0992,0.0716,9.94,280.0,7.26,4.62,971.0,1,High Performer
32735.0,0.056,76.25,10.0,0.0464,0.0158,3.17,82.0,1.52,2.82,31.0,3,Low Engagement Product
33928.0,0.0634,264.42,52.44,0.1337,0.078,4.41,502.0,3.26,3.96,101.0,2,Attract but Don't Convert
18811.0,0.0471,373.89,67.31,0.0789,0.0454,4.88,695.0,1.59,3.97,62.0,2,Attract but Don't Convert
3520.0,0.1831,220.05,41.39,0.0176,0.0073,7.02,340.0,8.5,3.37,971.0,4,Trust Issue Product
31316.0,0.1002,504.15,74.84,0.0676,0.0252,5.31,865.0,7.65,3.02,24.0,2,Attract but Don't Convert
401.0,0.0953,132.97,29.78,0.0815,0.0479,8.21,220.0,3.04,4.1,465.0,3,Low Engagement Product
45336.0,0.1001,192.82,19.9,0.1052,0.0414,5.77,241.0,6.72,3.34,61.0,3,Low Engagement Product
49858.0,0.2274875,140.35,21.81,0.0333,0.0232,7.68,171.0,2.64,3.14,469.0,4,Trust Issue Product
799.0,0.0614,351.29,61.4,0.0906,0.0601,4.06,663.0,6.87,4.25,462.0,2,Attract but Don't Convert
290.0,0.0776,364.55,61.99,0.0984,0.0401,1.48,645.0,3.9,3.4,30.0,2,Attract but Don't Convert
10592.0,0.1668,287.94,52.1,0.0333,0.0201,7.91,481.0,5.67,2.8,209.0,4,Trust Issue Product
35843.0,0.0644,143.21,23.4,0.064,0.0354,4.39,236.0,3.26,3.61,46.0,3,Low Engagement Product
6202.0,0.034,124.61,33.2,0.0516,0.0192,1.61,215.0,1.58,1.94,20.0,0,Invisible Product
19878.0,0.1352,433.33,63.22,0.0996,0.0688,7.1,812.0,7.99,4.71,382.0,1,High Performer
26741.0,0.0606,132.75,19.24,0.0578,0.036,5.36,221.0,3.97,3.52,471.0,3,Low Engagement Product
34684.0,0.1142,368.52,67.98,0.0843,0.0603,7.07,666.0,8.5,4.61,959.0,1,High Performer
32845.0,0.0464,200.15,30.76,0.1095,0.0645,5.13,253.0,3.07,3.65,397.0,3,Low Engagement Product
23193.0,0.0747,119.17,31.33,0.0468,0.0296,6.29,160.0,3.69,3.79,356.0,3,Low Engagement Product
669.0,0.1041,429.68,71.99,0.1116,0.0851,8.52,727.0,7.16,4.55,971.0,1,High Performer
38310.0,0.2274875,299.87,51.42,0.0164,0.0041,1.72,517.0,3.5,2.25,16.0,4,Trust Issue Product
34763.0,0.0425,374.87,53.46,0.1072,0.0508,6.51,574.0,3.48,3.37,88.0,2,Attract but Don't Convert
36731.0,0.1117,51.73,12.94,0.0937,0.0695,5.89,76.0,4.59,4.4,477.0,3,Low Engagement Product
45781.0,0.0879,464.19,87.92,0.0766,0.043,3.4,951.0,9.22,3.76,326.0,2,Attract but Don't Convert
7555.0,0.0999,296.96,48.93,0.1036,0.0462,6.7,523.0,5.33,3.11,159.0,2,Attract but Don't Convert
4114.0,0.0634,118.49,24.13,0.1138,0.0819,4.54,161.0,3.66,4.5,499.0,3,Low Engagement Product
11193.0,0.0451,432.02,65.9,0.0805,0.0368,2.39,741.0,2.3,3.25,41.0,2,Attract but Don't Convert
18170.0,0.0067,369.59,59.25,0.0704,0.0278,3.1,603.0,3.14,2.68,16.0,0,Invisible Product
35877.0,0.0293,376.32,78.1,0.0558,0.0331,2.39,755.0,2.77,3.73,442.0,2,Attract but Don't Convert
16638.0,0.1634,305.56,57.41,0.1196,0.0688,8.75,558.0,9.94,4.42,45.0,1,High Performer
10829.0,0.0897,362.28,60.38,0.0687,0.0266,3.29,659.0,3.49,3.18,42.0,2,Attract but Don't Convert
34277.0,0.0742,69.43,21.75,0.0863,0.0503,5.74,125.0,5.13,3.59,103.0,3,Low Engagement Product
45117.0,0.1067,119.2,26.1,0.1099,0.0831,7.7,184.0,7.2,4.48,971.0,1,High Performer
884.0,0.1541,168.82,29.75,0.0827,0.0617,8.14,234.0,9.57,4.47,763.0,1,High Performer
27851.0,0.0385,98.25,19.12,0.0666,0.0251,1.23,90.0,2.73,2.55,26.0,3,Low Engagement Product
40964.0,0.0897,404.99,73.34,0.072,0.0536,8.15,735.0,3.72,3.34,362.0,2,Attract but Don't Convert
40428.0,0.0403,405.92,70.09,0.0362,0.0148,3.1,684.0,2.44,2.85,27.0,0,Invisible Product
12633.0,0.1027,335.97,57.85,0.0894,0.0521,9.32,598.0,5.89,4.11,200.0,2,Attract but Don't Convert
40211.0,0.0675,110.08,11.83,0.0801,0.0433,7.33,109.0,3.29,3.65,485.0,3,Low Engagement Product
40074.0,0.0658,408.73,73.7,0.1049,0.0617,6.18,791.0,2.24,4.32,175.0,2,Attract but Don't Convert
5901.0,0.1244,461.05,80.65,0.0513,0.0255,7.77,893.0,7.98,4.33,135.0,2,Attract but Don't Convert
19290.0,0.0306,195.04,32.51,0.0315,0.0218,1.21,247.0,1.88,1.03,38.0,0,Invisible Product
49789.0,0.0999,69.24,11.79,0.0737,0.0271,5.52,98.0,9.63,3.7,49.0,3,Low Engagement Product
38854.0,0.1229,363.77,62.66,0.0986,0.0376,6.34,627.0,6.49,3.51,73.0,2,Attract but Don't Convert
29692.0,0.0773,203.46,40.08,0.0967,0.0609,5.58,368.0,9.05,4.45,461.0,1,High Performer
10747.0,0.1329,468.3,74.01,0.0967,0.0694,7.13,861.0,9.18,4.5,826.0,1,High Performer
8816.0,0.1781,483.78,72.67,0.0155,0.0148,6.35,913.0,8.81,3.3,193.0,4,Trust Issue Product
23455.0,0.1221,176.82,35.55,0.1085,0.0802,9.69,265.0,8.9,4.48,971.0,1,High Performer
22109.0,0.0945,189.72,28.33,0.0938,0.0495,6.64,291.0,6.82,3.31,279.0,3,Low Engagement Product
24476.0,0.0086,227.77,36.36,0.02,0.006,2.97,422.0,2.42,1.85,0.0,0,Invisible Product
45191.0,0.0829,389.0,62.22,0.0761,0.0452,7.39,688.0,2.71,3.73,139.0,2,Attract but Don't Convert
4880.0,0.051,74.65,26.66,0.093,0.032,1.47,135.0,1.02,2.93,15.0,3,Low Engagement Product
2468.0,0.2274875,291.52,47.3,0.021,0.0148,7.98,454.0,5.15,2.1,494.0,4,Trust Issue Product
12139.0,0.1767,311.68,56.14,0.1114,0.0623,8.03,549.0,9.25,4.32,419.0,1,High Performer
6755.0,0.0803,199.94,46.64,0.0466,0.0234,6.87,461.0,6.13,3.16,248.0,3,Low Engagement Product
41041.0,0.0378,99.33,26.79,0.0097,0.0027,3.88,191.0,2.29,2.01,2.0,0,Invisible Product
4595.0,0.1505,61.19,11.78,0.0803,0.044,8.1,35.0,8.34,4.3,386.0,3,Low Engagement Product
10993.0,0.2089,539.21,86.05,0.0119,0.0047,2.28,980.0,2.88,2.17,14.0,4,Trust Issue Product
25647.0,0.077,407.69,68.48,0.1141,0.0704,2.87,771.0,8.01,4.28,391.0,2,Attract but Don't Convert
22486.0,0.1736,491.64,81.83,0.1293,0.0972,9.2,917.0,9.35,4.45,971.0,1,High Performer
13503.0,0.0827,82.01,28.07,0.0577,0.0392,8.74,75.0,5.44,4.4,456.0,3,Low Engagement Product
32197.0,0.1265,361.22,61.65,0.084,0.0527,5.29,610.0,10.0,4.11,284.0,2,Attract but Don't Convert
13221.0,0.1096,109.16,15.47,0.1146,0.0621,4.85,122.0,8.4,4.48,87.0,3,Low Engagement Product
11066.0,0.001,170.29,27.59,0.0656,0.0245,2.95,303.0,2.31,3.38,3.0,0,Invisible Product
33721.0,0.0401,419.29,67.47,0.0817,0.0398,3.85,724.0,3.13,2.38,35.0,2,Attract but Don't Convert
28412.0,0.0823,254.53,44.33,0.0513,0.0228,2.28,536.0,2.34,1.48,29.0,0,Invisible Product
49826.0,0.2274875,342.9,65.49,0.0319,0.0154,3.45,637.0,2.32,3.05,28.0,4,Trust Issue Product
22777.0,0.0409,190.9,21.0,0.0464,0.0135,2.55,297.0,1.87,2.3,22.0,0,Invisible Product
31389.0,0.0504,457.88,80.76,0.0733,0.0144,3.52,904.0,2.57,3.47,4.0,2,Attract but Don't Convert
31124.0,0.1781,346.6,51.48,0.097,0.0586,8.66,631.0,9.64,4.8,630.0,1,High Performer
42775.0,0.0733,425.57,73.76,0.0875,0.05,6.55,769.0,5.82,3.07,336.0,2,Attract but Don't Convert
4877.0,0.1307,158.48,29.25,0.1129,0.0733,9.76,288.0,9.47,4.25,971.0,1,High Performer
29849.0,0.0949,459.81,81.68,0.0885,0.0401,5.02,852.0,7.93,3.5,134.0,2,Attract but Don't Convert
15438.0,0.0376,215.04,32.7,0.0645,0.0252,1.2,419.0,2.33,2.8,46.0,0,Invisible Product
2591.0,0.1206,311.11,57.41,0.0886,0.0679,8.03,522.0,7.64,4.85,971.0,1,High Performer
27336.0,0.0662,93.17,20.16,0.0807,0.0346,4.74,105.0,3.61,3.2,18.0,3,Low Engagement Product
48196.0,0.1869,214.27,36.95,0.0301,0.0107,6.57,339.0,6.59,2.38,298.0,4,Trust Issue Product
14699.0,0.1576,54.11,10.0,0.1503,0.1134625,9.73,51.0,9.67,4.72,971.0,1,High Performer
19608.0,0.0314,174.18,36.85,0.064,0.0361,7.39,355.0,1.83,4.34,136.0,3,Low Engagement Product
3151.0,0.0772,62.35,19.19,0.0667,0.0362,5.52,70.0,6.23,3.67,225.0,3,Low Engagement Product
48847.0,0.1021,113.52,13.66,0.0637,0.0409,8.4,98.0,7.4,4.26,971.0,3,Low Engagement Product
49256.0,0.0605,408.83,66.8,0.0866,0.0591,6.53,717.0,4.47,4.24,125.0,2,Attract but Don't Convert
21706.0,0.0711,161.41,23.94,0.0577,0.0353,6.46,193.0,7.77,4.27,326.0,3,Low Engagement Product
21799.0,0.0913,514.61,88.27,0.097,0.0513,3.84,967.0,7.72,3.21,115.0,2,Attract but Don't Convert
976.0,0.1238,334.66,53.99,0.1145,0.0769,7.04,637.0,8.32,4.01,971.0,1,High Performer
32193.0,0.1966,301.73,58.86,0.0358,0.0238,7.4,520.0,3.37,2.69,222.0,4,Trust Issue Product
4242.0,0.1384,323.16,62.2,0.0751,0.0428,7.12,594.0,8.83,4.08,441.0,1,High Performer
15302.0,0.171,66.34,10.0,0.0229,0.0115,2.83,95.0,3.7,2.81,10.0,4,Trust Issue Product
39834.0,0.0459,162.8,26.98,0.0562,0.0249,5.72,335.0,5.85,3.28,53.0,3,Low Engagement Product
7179.0,0.0403,462.69,85.19,0.0581,0.0231,1.57,852.0,2.11,2.08,18.0,0,Invisible Product
8087.0,0.0487,244.74,41.69,0.0549,0.0197,3.58,392.0,2.42,3.29,7.0,0,Invisible Product
39667.0,0.0223,56.7,10.0,0.0927,0.0494,1.18,100.0,1.33,2.61,42.0,3,Low Engagement Product
29040.0,0.2274875,505.78,78.89,0.0291,0.0126,3.81,892.0,2.89,2.69,74.0,4,Trust Issue Product
37333.0,0.0767,364.49,61.27,0.0793,0.033,4.36,659.0,7.35,3.58,94.0,2,Attract but Don't Convert
17119.0,0.0827,389.21,70.32,0.0791,0.0406,8.38,714.0,1.25,4.0,66.0,2,Attract but Don't Convert
46285.0,0.1204,392.61,76.64,0.0983,0.0556,9.44,774.0,9.23,4.88,55.0,2,Attract but Don't Convert
18177.0,0.0594,398.55,67.91,0.0757,0.0279,3.63,716.0,1.36,1.89,10.0,0,Invisible Product
26358.0,0.0405,382.45,69.22,0.0772,0.0408,5.58,751.0,1.15,4.31,241.0,2,Attract but Don't Convert
21236.0,0.006,55.9,14.83,0.0625,0.0167,3.28,90.0,2.97,2.16,8.0,0,Invisible Product
8411.0,0.0444,490.55,96.08,0.0388,0.0242,1.7,988.0,3.92,1.7,45.0,0,Invisible Product
17314.0,0.1147,520.51,77.73,0.1219,0.0936,8.71,873.0,9.72,4.81,971.0,1,High Performer
14198.0,0.0432,371.54,67.38,0.0603,0.0338,2.78,685.0,6.17,3.62,289.0,2,Attract but Don't Convert
28351.0,0.1282,405.81,66.71,0.0953,0.0654,8.06,776.0,7.21,4.46,111.0,2,Attract but Don't Convert
38045.0,0.1253,364.66,57.35,0.0843,0.0502,8.69,671.0,5.52,3.61,181.0,2,Attract but Don't Convert
47130.0,0.0901,64.96,18.15,0.0628,0.0317,7.47,90.0,4.83,3.32,114.0,3,Low Engagement Product
26045.0,0.0016,58.92,13.3,0.0932,0.0425,3.58,65.0,2.0,3.4,24.0,3,Low Engagement Product
25416.0,0.0954,70.44,10.0,0.0701,0.0525,4.73,66.0,6.58,3.79,461.0,3,Low Engagement Product
32317.0,0.1605,326.87,57.19,0.0386,0.0114,2.28,610.0,8.54,2.13,15.0,4,Trust Issue Product
8408.0,0.1299,252.98,57.72,0.1039,0.0621,9.19,441.0,4.45,3.19,460.0,1,High Performer
6049.0,0.1006,160.66,23.25,0.0941,0.0458,5.29,168.0,2.88,3.03,43.0,3,Low Engagement Product
1250.0,0.0858,457.83,82.82,0.1227,0.0772,10.0,929.0,5.45,4.12,418.0,2,Attract but Don't Convert
24044.0,0.1613,81.73,20.43,0.066,0.0398,9.91,149.0,5.01,4.4,382.0,3,Low Engagement Product
34799.0,0.015,277.37,53.99,0.0787,0.0393,4.19,475.0,1.96,3.66,36.0,0,Invisible Product
9304.0,0.0517,386.37,61.91,0.0689,0.03,4.58,658.0,3.74,3.1,27.0,2,Attract but Don't Convert
1181.0,0.1436,537.84,82.92,0.0853,0.0417,6.93,896.0,9.47,4.11,14.0,2,Attract but Don't Convert
29405.0,0.0165,363.29,65.58,0.0941,0.0459,2.49,650.0,1.63,4.3,127.0,2,Attract but Don't Convert
16996.0,0.0205,498.12,95.32,0.0507,0.037,2.61,985.0,2.29,2.75,24.0,2,Attract but Don't Convert
46275.0,0.2065,504.11,77.4,0.0388,0.0261,9.13,888.0,8.76,3.11,971.0,4,Trust Issue Product
7905.0,0.0674,294.49,47.11,0.1445,0.0867,9.7,524.0,2.85,3.49,481.0,1,High Performer
5337.0,0.1066,505.72,82.27,0.0982,0.0722,9.35,948.0,7.04,4.06,487.0,2,Attract but Don't Convert
49811.0,0.1431,387.64,76.71,0.1177,0.085,9.06,793.0,7.96,4.81,971.0,1,High Performer
20156.0,0.0716,184.87,34.88,0.0632,0.0198,1.67,263.0,3.4,1.98,13.0,0,Invisible Product
45643.0,0.007,258.08,50.42,0.0335,0.0106,1.27,493.0,1.69,1.46,30.0,0,Invisible Product
49112.0,0.0542,241.84,46.98,0.0501,0.0361,5.01,401.0,3.29,3.33,105.0,3,Low Engagement Product
46052.0,0.2174,92.35,23.6,0.0121,0.0041,1.61,122.0,2.26,2.36,12.0,4,Trust Issue Product
3443.0,0.0079,287.99,47.53,0.0441,0.027,1.97,508.0,3.16,2.19,0.0,0,Invisible Product
13600.0,0.0419,59.04,10.0,0.0689,0.0352,2.96,56.0,6.68,3.51,222.0,3,Low Engagement Product
29475.0,0.0125,351.42,61.64,0.0054,0.0001,3.1,673.0,1.98,2.17,29.0,0,Invisible Product
9762.0,0.073,297.18,58.13,0.1271,0.0704,5.0,568.0,4.87,4.36,264.0,2,Attract but Don't Convert
17064.0,0.0765,318.45,55.59,0.0823,0.0433,5.47,539.0,6.41,3.63,53.0,2,Attract but Don't Convert
47993.0,0.022,410.68,61.94,0.0719,0.029,2.31,762.0,1.62,2.04,8.0,0,Invisible Product
8230.0,0.1369,192.9,26.35,0.0542,0.0341,9.01,352.0,8.19,4.26,195.0,3,Low Engagement Product
19631.0,0.1793,227.75,46.73,0.0101,0.0001,1.4,416.0,1.38,3.11,39.0,4,Trust Issue Product
1779.0,0.1058,201.26,38.77,0.0999,0.0726,7.97,315.0,9.24,4.95,971.0,1,High Performer
3606.0,0.0405,79.44,21.88,0.0982,0.0372,1.08,126.0,1.77,3.45,28.0,3,Low Engagement Product
13384.0,0.0109,501.42,84.85,0.085,0.0502,5.73,879.0,1.12,3.98,363.0,2,Attract but Don't Convert
7353.0,0.0974,513.39,88.89,0.081,0.0414,6.51,973.0,8.54,3.11,102.0,2,Attract but Don't Convert
19228.0,0.1646,297.51,47.28,0.116,0.0893,7.49,549.0,9.87,4.52,971.0,1,High Performer
28032.0,0.0429,464.36,75.97,0.0335,0.0176,3.12,844.0,1.7,1.89,30.0,0,Invisible Product
9535.0,0.093,75.32,17.77,0.0907,0.0678,7.62,102.0,9.57,4.72,971.0,1,High Performer
44178.0,0.031,514.13,83.39,0.0643,0.0488,6.61,953.0,1.74,3.42,256.0,2,Attract but Don't Convert
13396.0,0.0282,182.39,31.62,0.0402,0.0222,2.77,307.0,1.89,3.34,270.0,0,Invisible Product
30545.0,0.0503,357.78,67.54,0.0573,0.0194,7.0,725.0,1.0,3.09,326.0,2,Attract but Don't Convert
13345.0,0.2077,248.65,44.26,0.0388,0.0098,1.57,480.0,3.99,3.3,17.0,4,Trust Issue Product
29224.0,0.2127,152.86,18.06,0.0261,0.0157,7.85,234.0,7.25,2.8,971.0,4,Trust Issue Product
29999.0,0.0532,170.98,34.54,0.0781,0.0349,5.5,300.0,2.96,3.18,260.0,3,Low Engagement Product
44019.0,0.1277,446.68,76.31,0.0854,0.0547,8.5,751.0,8.81,3.62,251.0,2,Attract but Don't Convert
43325.0,0.0528,500.76,76.82,0.0869,0.0531,6.45,973.0,3.34,3.84,357.0,2,Attract but Don't Convert
35347.0,0.1311,242.82,49.07,0.1076,0.0803,9.07,478.0,8.83,4.03,971.0,1,High Performer
29322.0,0.035,440.79,70.54,0.0573,0.021,4.0,820.0,3.41,2.93,2.0,0,Invisible Product
26311.0,0.0404,216.52,42.44,0.0278,0.0001,2.29,363.0,3.03,2.12,34.0,0,Invisible Product
37320.0,0.1224,154.17,28.94,0.0996,0.066,9.45,213.0,8.54,4.06,211.0,3,Low Engagement Product
26746.0,0.1284,68.4,29.42,0.0539,0.0414,7.82,177.0,7.63,4.98,971.0,1,High Performer
38749.0,0.0617,302.15,44.5,0.0349,0.0109,1.89,484.0,3.54,1.54,1.0,0,Invisible Product
23149.0,0.1459,65.32,20.17,0.1181,0.0818,8.14,123.0,7.86,4.41,612.0,1,High Performer
14169.0,0.1124,78.28,26.69,0.1015,0.0528,8.57,53.0,6.32,3.47,143.0,3,Low Engagement Product
32680.0,0.1836,129.65,20.69,0.031,0.0177,5.38,121.0,7.2,3.06,84.0,4,Trust Issue Product
31943.0,0.2274875,373.93,66.19,0.0374,0.0182,4.06,658.0,5.29,2.06,304.0,4,Trust Issue Product
2949.0,0.0255,379.56,76.62,0.0173,0.0092,4.33,745.0,1.31,3.37,249.0,0,Invisible Product
40258.0,0.0065,198.14,33.11,0.0425,0.0067,3.42,344.0,1.1,1.45,3.0,0,Invisible Product
23389.0,0.0873,526.61,76.95,0.0627,0.0316,5.64,963.0,5.04,3.05,145.0,2,Attract but Don't Convert
44790.0,0.007,444.16,67.68,0.0751,0.0282,2.78,827.0,3.62,1.7,40.0,0,Invisible Product
35357.0,0.0792,364.02,61.0,0.0474,0.0293,2.46,710.0,5.77,3.39,236.0,2,Attract but Don't Convert
9923.0,0.0732,337.5,56.78,0.1018,0.0706,4.75,611.0,5.96,4.38,468.0,2,Attract but Don't Convert
42075.0,0.1144,99.67,25.28,0.1284,0.0902,8.23,160.0,7.81,4.18,971.0,1,High Performer
9640.0,0.0557,288.54,54.21,0.0298,0.0085,2.48,493.0,3.15,1.0,14.0,0,Invisible Product
16464.0,0.0474,33.77,10.0,0.0334,0.0222,7.7,50.0,3.51,3.03,93.0,3,Low Engagement Product
4711.0,0.0858,442.82,92.96,0.1279,0.0741,5.99,903.0,6.04,3.19,389.0,2,Attract but Don't Convert
27763.0,0.1546,486.67,92.82,0.023,0.0061,2.55,954.0,1.02,2.06,49.0,4,Trust Issue Product
38746.0,0.1796,36.89,14.03,0.0232,0.0011,1.23,82.0,3.16,2.3,16.0,4,Trust Issue Product
31077.0,0.0152,306.93,68.23,0.042,0.0239,2.2,579.0,3.35,1.21,25.0,0,Invisible Product
29268.0,0.0928,96.42,21.45,0.0878,0.0503,9.96,106.0,3.34,3.1,255.0,3,Low Engagement Product
49215.0,0.0689,183.62,35.51,0.048,0.0222,2.95,323.0,2.74,1.41,30.0,0,Invisible Product
25571.0,0.0714,69.51,11.71,0.0508,0.0228,7.73,80.0,3.82,3.57,252.0,3,Low Engagement Product
22787.0,0.005,217.4,37.63,0.0431,0.0205,3.7,415.0,1.06,1.81,29.0,0,Invisible Product
951.0,0.0232,206.9,42.93,0.0791,0.0267,1.47,353.0,2.87,2.38,22.0,0,Invisible Product
18171.0,0.0029,496.38,88.16,0.0656,0.0331,1.2,971.0,2.93,2.76,29.0,2,Attract but Don't Convert
6933.0,0.0118,408.72,76.52,0.0445,0.0152,3.95,805.0,3.64,1.77,10.0,0,Invisible Product
12038.0,0.1535,240.48,38.72,0.099,0.0659,8.77,430.0,9.68,4.72,971.0,1,High Performer
35295.0,0.0488,167.97,36.96,0.0547,0.0259,1.35,303.0,2.36,3.39,32.0,0,Invisible Product
26244.0,0.0698,216.22,49.17,0.055,0.0366,3.84,485.0,4.35,3.97,436.0,3,Low Engagement Product
4100.0,0.0501,77.91,12.49,0.0782,0.0374,2.29,99.0,2.01,2.9,37.0,3,Low Engagement Product
5152.0,0.0269,366.01,59.77,0.0596,0.0273,1.0,711.0,3.67,3.06,45.0,0,Invisible Product
35606.0,0.1642,410.64,74.43,0.0872,0.0584,9.33,803.0,8.96,4.88,971.0,1,High Performer
28174.0,0.0975,105.92,21.1,0.1166,0.0729,5.22,96.0,9.45,4.37,95.0,3,Low Engagement Product
38255.0,0.0264,533.58,93.15,0.0271,0.0123,1.39,973.0,2.13,1.81,4.0,0,Invisible Product
40870.0,0.2274875,413.5,71.32,0.015,0.0079,4.62,752.0,6.93,2.54,434.0,4,Trust Issue Product
32420.0,0.0401,493.21,79.89,0.0616,0.0417,8.09,924.0,1.0,3.38,469.0,2,Attract but Don't Convert
38404.0,0.127,448.62,75.14,0.0942,0.0615,9.77,813.0,8.85,4.27,971.0,1,High Performer
46347.0,0.1837,301.65,56.5,0.119,0.0858,8.81,559.0,9.74,4.57,971.0,1,High Performer
4013.0,0.1131,221.58,36.58,0.0729,0.0451,7.92,380.0,3.08,3.95,121.0,3,Low Engagement Product
17550.0,0.0834,69.93,15.32,0.1085,0.0683,2.07,96.0,6.99,4.0,78.0,3,Low Engagement Product
24207.0,0.1225,296.25,52.38,0.1068,0.0738,8.68,528.0,8.79,4.25,971.0,1,High Performer
20864.0,0.0221,127.21,25.75,0.031,0.0032,2.04,183.0,2.11,1.95,34.0,0,Invisible Product
43504.0,0.1214,48.46,10.0,0.0717,0.0435,4.88,28.0,6.73,3.14,491.0,3,Low Engagement Product
20591.0,0.0896,119.65,22.76,0.0733,0.0497,6.76,194.0,5.13,3.64,371.0,3,Low Engagement Product
38594.0,0.2274875,284.31,49.18,0.0372,0.0092,3.2,481.0,7.74,2.27,491.0,4,Trust Issue Product
3473.0,0.0979,188.95,38.56,0.1049,0.0562,6.12,326.0,8.41,3.24,295.0,3,Low Engagement Product
12261.0,0.0823,328.94,59.26,0.0613,0.0393,5.63,607.0,6.14,3.09,452.0,2,Attract but Don't Convert
32096.0,0.0532,125.57,32.58,0.056,0.0242,3.06,264.0,1.96,2.35,0.0,0,Invisible Product
27222.0,0.0726,83.47,22.56,0.0541,0.0194,5.06,141.0,6.58,3.04,160.0,3,Low Engagement Product
34950.0,0.1308,149.32,22.21,0.1202,0.0832,8.68,204.0,7.84,4.82,569.0,1,High Performer
27450.0,0.015,71.17,20.97,0.0496,0.0143,1.5,51.0,2.36,2.13,3.0,0,Invisible Product
27572.0,0.0794,520.56,86.64,0.1203,0.0731,4.28,982.0,4.94,4.29,493.0,2,Attract but Don't Convert
28861.0,0.1898,409.34,68.71,0.0294,0.0168,3.12,781.0,4.08,2.95,450.0,4,Trust Issue Product
25451.0,0.0752,327.03,49.75,0.0543,0.0225,1.65,588.0,3.7,1.65,47.0,0,Invisible Product
23232.0,0.0859,146.61,33.74,0.1087,0.0739,4.14,329.0,7.5,3.74,418.0,3,Low Engagement Product
49149.0,0.0508,228.29,37.81,0.0662,0.0188,1.91,391.0,2.79,3.49,37.0,0,Invisible Product
15405.0,0.0996,342.56,62.12,0.0762,0.0435,7.68,675.0,5.65,3.44,185.0,2,Attract but Don't Convert
9917.0,0.1067,452.68,79.51,0.0962,0.0627,7.79,849.0,7.77,4.09,971.0,1,High Performer
11361.0,0.055,341.75,65.15,0.0632,0.0224,2.05,615.0,3.75,3.12,36.0,0,Invisible Product
517.0,0.112,60.51,20.07,0.0797,0.0408,7.83,75.0,4.03,3.25,207.0,3,Low Engagement Product
41676.0,0.2274875,449.93,64.73,0.0154,0.008,9.87,810.0,8.4,2.42,51.0,4,Trust Issue Product
20458.0,0.0449,163.36,38.4,0.0341,0.0087,2.17,292.0,3.46,1.59,6.0,0,Invisible Product
3367.0,0.0594,256.93,51.25,0.0686,0.03,3.08,483.0,5.13,3.25,38.0,0,Invisible Product
17309.0,0.0247,390.99,74.77,0.0724,0.0288,1.59,697.0,1.14,3.23,9.0,0,Invisible Product
24152.0,0.0719,260.3,44.81,0.0485,0.0222,3.35,475.0,2.63,2.47,32.0,0,Invisible Product
38613.0,0.0952,555.93,84.8,0.0853,0.0524,4.08,998.0,6.43,4.14,94.0,2,Attract but Don't Convert
26192.0,0.1456,374.77,69.44,0.084,0.0539,8.51,689.0,7.82,4.37,463.0,1,High Performer
11438.0,0.2205,175.03,35.21,0.0268,0.0168,7.22,268.0,8.45,3.27,971.0,4,Trust Issue Product
512.0,0.0285,407.13,63.98,0.0324,0.0111,3.6,717.0,1.36,1.03,13.0,0,Invisible Product
7643.0,0.0496,77.07,16.49,0.0868,0.0637,8.55,97.0,4.52,4.36,336.0,3,Low Engagement Product
40455.0,0.1058,275.96,56.63,0.0681,0.0408,4.02,553.0,6.32,3.65,238.0,2,Attract but Don't Convert
33596.0,0.0455,106.05,21.9,0.0873,0.0535,5.51,127.0,7.22,4.23,182.0,3,Low Engagement Product
23648.0,0.0957,199.86,33.18,0.0903,0.0439,6.77,292.0,1.75,3.64,50.0,3,Low Engagement Product
27484.0,0.0974,416.19,73.1,0.0857,0.048,5.22,783.0,5.79,3.67,210.0,2,Attract but Don't Convert
44525.0,0.0815,66.85,10.0,0.09,0.0252,3.79,34.0,1.82,1.87,35.0,3,Low Engagement Product
38856.0,0.1034,201.14,40.11,0.0718,0.0398,7.85,389.0,5.22,3.73,328.0,3,Low Engagement Product
18988.0,0.0765,194.49,28.91,0.0892,0.059,4.75,323.0,4.11,4.23,384.0,3,Low Engagement Product
35835.0,0.0248,369.78,65.25,0.0393,0.014,2.6,691.0,1.2,1.06,46.0,0,Invisible Product
47395.0,0.2274875,110.46,21.07,0.0198,0.0096,3.47,224.0,2.45,2.84,440.0,4,Trust Issue Product
48916.0,0.0129,103.97,15.04,0.0642,0.0302,2.28,132.0,1.38,1.22,37.0,0,Invisible Product
17606.0,0.0998,361.74,81.85,0.0924,0.0532,7.72,699.0,5.9,4.12,109.0,2,Attract but Don't Convert
20563.0,0.0594,479.53,71.22,0.1038,0.0606,6.68,884.0,3.49,4.33,394.0,2,Attract but Don't Convert
18055.0,0.0388,146.04,36.63,0.0332,0.0042,1.14,272.0,3.9,1.45,29.0,0,Invisible Product
37941.0,0.1248,226.52,48.16,0.1121,0.0728,6.71,460.0,10.0,3.96,360.0,1,High Performer
5204.0,0.0755,118.22,27.9,0.0715,0.0411,4.09,205.0,6.03,4.26,413.0,3,Low Engagement Product
35011.0,0.1358,489.7,74.91,0.1378,0.0996,9.19,878.0,9.16,4.64,875.0,1,High Performer
23290.0,0.0256,149.8,33.33,0.0514,0.0243,1.27,246.0,3.79,2.21,25.0,0,Invisible Product
7457.0,0.1999,304.21,44.67,0.0144,0.0073,2.41,547.0,3.56,2.57,30.0,4,Trust Issue Product
32579.0,0.104,376.29,62.49,0.0723,0.0494,4.33,687.0,8.69,3.84,229.0,2,Attract but Don't Convert
44911.0,0.0275,218.53,39.93,0.0369,0.0127,1.04,373.0,1.89,1.37,41.0,0,Invisible Product
36308.0,0.089,388.48,69.68,0.0727,0.0435,5.89,642.0,8.49,4.16,156.0,2,Attract but Don't Convert
20250.0,0.1048,39.17,14.88,0.1151,0.059,5.07,20.0,7.11,4.06,74.0,3,Low Engagement Product
5744.0,0.0318,277.89,53.6,0.0171,0.0055,3.99,572.0,2.28,1.99,46.0,0,Invisible Product
43386.0,0.0319,312.06,54.93,0.0415,0.0193,3.67,579.0,1.98,1.76,18.0,0,Invisible Product
47420.0,0.0755,504.37,88.55,0.0823,0.05,5.07,946.0,4.75,4.12,102.0,2,Attract but Don't Convert
3014.0,0.159,224.28,39.06,0.0682,0.0384,8.58,439.0,9.56,4.18,941.0,1,High Performer
21452.0,0.2274875,344.74,66.67,0.0155,0.0057,8.82,639.0,9.18,3.34,971.0,4,Trust Issue Product
46452.0,0.0039,115.49,23.93,0.0499,0.0209,1.69,180.0,1.47,2.03,39.0,0,Invisible Product
45012.0,0.001,155.52,20.02,0.0108,0.0067,1.69,180.0,2.48,1.43,12.0,0,Invisible Product
14497.0,0.2274875,461.45,74.23,0.0268,0.008,9.0,890.0,4.32,3.24,211.0,4,Trust Issue Product
41655.0,0.0342,122.49,10.0,0.0614,0.022,3.4,147.0,2.06,2.52,22.0,3,Low Engagement Product
47059.0,0.0543,397.58,78.04,0.046,0.0185,2.69,741.0,3.41,1.11,18.0,0,Invisible Product
828.0,0.047,132.2,14.17,0.0573,0.0249,1.72,170.0,3.65,1.97,15.0,0,Invisible Product
798.0,0.1873,289.41,49.44,0.0269,0.0184,9.86,463.0,7.12,3.23,971.0,4,Trust Issue Product
40054.0,0.0805,430.62,75.05,0.077,0.041,5.76,786.0,4.97,3.23,301.0,2,Attract but Don't Convert
47380.0,0.0741,273.85,46.82,0.0894,0.05,6.07,490.0,5.7,3.98,416.0,3,Low Engagement Product
14023.0,0.0984,293.97,47.99,0.0636,0.034,2.66,482.0,9.84,3.72,219.0,3,Low Engagement Product
16879.0,0.0267,375.23,67.92,0.073,0.037,1.18,749.0,1.27,3.24,24.0,0,Invisible Product
7500.0,0.1855,57.97,15.03,0.0337,0.0192,3.33,49.0,1.57,3.09,25.0,3,Low Engagement Product
24566.0,0.1245,251.07,47.41,0.1077,0.0635,10.0,492.0,6.36,4.15,422.0,1,High Performer
37039.0,0.0144,334.0,54.63,0.0462,0.0257,3.18,576.0,2.32,2.1,20.0,0,Invisible Product
4460.0,0.019,81.47,17.51,0.023,0.0084,2.67,99.0,3.25,3.22,229.0,3,Low Engagement Product
35370.0,0.2274875,57.55,17.77,0.0174,0.0098,3.19,58.0,5.35,2.92,309.0,4,Trust Issue Product
17201.0,0.0909,152.1,33.72,0.0798,0.0441,5.93,259.0,5.42,4.06,392.0,3,Low Engagement Product
32407.0,0.2082,331.53,55.46,0.0375,0.0268,8.35,576.0,2.88,2.55,272.0,4,Trust Issue Product
5586.0,0.0767,298.76,57.46,0.1041,0.0675,7.27,609.0,6.76,3.86,424.0,1,High Performer
8435.0,0.0874,246.05,41.3,0.0749,0.0366,6.92,356.0,4.31,3.47,47.0,3,Low Engagement Product
21464.0,0.061,490.65,79.86,0.0414,0.0122,3.51,927.0,3.43,1.17,17.0,0,Invisible Product
37359.0,0.0627,444.0,74.57,0.0614,0.0424,4.56,880.0,4.86,3.41,114.0,2,Attract but Don't Convert
23676.0,0.1121,386.92,68.81,0.1144,0.0733,6.04,819.0,4.64,4.35,260.0,2,Attract but Don't Convert
31767.0,0.1031,512.13,88.88,0.1121,0.0984,9.88,971.0,7.75,4.89,971.0,1,High Performer
11230.0,0.0133,184.1,39.39,0.0597,0.023,1.69,299.0,1.09,2.51,8.0,0,Invisible Product
22072.0,0.0339,103.61,21.15,0.0849,0.0555,3.99,135.0,8.29,4.25,459.0,3,Low Engagement Product
40519.0,0.0415,144.99,34.36,0.1036,0.0497,2.23,288.0,2.38,3.34,23.0,3,Low Engagement Product
1267.0,0.0747,472.9,82.2,0.1052,0.0558,5.94,935.0,5.97,3.01,263.0,2,Attract but Don't Convert
27292.0,0.0674,234.12,39.62,0.0281,0.0172,5.26,354.0,9.0,3.27,472.0,3,Low Engagement Product
1162.0,0.0673,164.45,37.16,0.0598,0.0251,3.89,331.0,3.49,1.73,46.0,0,Invisible Product
18640.0,0.1637,68.23,18.17,0.0256,0.0171,6.81,72.0,6.68,2.63,287.0,4,Trust Issue Product
24344.0,0.0652,65.79,10.0,0.1022,0.0584,8.48,87.0,1.03,4.27,246.0,3,Low Engagement Product
21645.0,0.1165,375.78,69.18,0.0576,0.034,8.62,713.0,3.91,4.08,212.0,2,Attract but Don't Convert
21789.0,0.0568,51.02,17.39,0.0895,0.0429,7.52,53.0,2.14,3.79,63.0,3,Low Engagement Product
11274.0,0.0496,426.71,78.23,0.0279,0.0143,1.5,815.0,3.4,1.98,39.0,0,Invisible Product
23025.0,0.1265,437.04,76.35,0.094,0.0681,7.53,837.0,7.23,4.53,971.0,1,High Performer
37597.0,0.0628,252.47,51.18,0.0872,0.0548,5.45,405.0,4.42,4.48,447.0,3,Low Engagement Product
9448.0,0.146,155.92,36.13,0.0825,0.0585,9.51,268.0,9.93,4.13,366.0,1,High Performer
23814.0,0.1589,70.63,27.66,0.0838,0.065,7.26,130.0,9.44,4.1,971.0,1,High Performer
38202.0,0.0253,84.82,21.31,0.0785,0.0529,2.81,113.0,3.25,4.2,220.0,3,Low Engagement Product
9024.0,0.1381,223.32,44.33,0.1092,0.0835,9.58,429.0,7.36,4.92,512.0,1,High Performer
37198.0,0.0954,107.26,28.8,0.09,0.0421,8.39,198.0,4.16,3.7,15.0,3,Low Engagement Product
24494.0,0.1475,92.1,12.15,0.1295,0.0775,6.96,66.0,9.32,3.88,210.0,3,Low Engagement Product
6901.0,0.1172,432.84,79.18,0.0541,0.0288,5.88,813.0,9.84,3.07,455.0,2,Attract but Don't Convert
37714.0,0.1416,439.95,77.41,0.1163,0.0948,7.85,871.0,9.2,4.98,971.0,1,High Performer
6831.0,0.0597,474.44,78.49,0.1104,0.0723,7.38,893.0,4.85,4.45,373.0,2,Attract but Don't Convert
48236.0,0.001,342.78,53.26,0.0353,0.0111,3.42,623.0,2.06,2.47,16.0,0,Invisible Product
23725.0,0.0677,223.36,46.63,0.0325,0.0206,5.88,395.0,5.94,3.54,294.0,3,Low Engagement Product
17437.0,0.0244,391.73,79.51,0.001,0.0001,1.48,743.0,2.95,1.23,29.0,0,Invisible Product
35407.0,0.125,305.25,65.32,0.0514,0.0356,9.11,606.0,8.51,4.17,248.0,2,Attract but Don't Convert
7156.0,0.0591,476.19,87.23,0.1042,0.0416,1.43,909.0,3.53,3.38,3.0,2,Attract but Don't Convert
11616.0,0.0635,124.62,32.33,0.0985,0.0545,8.51,221.0,1.0,3.99,52.0,3,Low Engagement Product
44361.0,0.0901,259.56,51.59,0.1041,0.0534,5.16,464.0,6.79,4.0,204.0,3,Low Engagement Product
1642.0,0.0519,507.45,84.41,0.0682,0.0183,2.94,938.0,3.61,2.17,27.0,2,Attract but Don't Convert
21777.0,0.1553,541.03,84.25,0.0161,0.0082,3.8,952.0,3.42,2.97,40.0,4,Trust Issue Product
46832.0,0.0653,203.5,30.41,0.1143,0.0611,5.89,316.0,2.87,3.09,257.0,3,Low Engagement Product
39181.0,0.129,139.21,45.47,0.0876,0.0562,5.6,327.0,8.79,3.4,374.0,3,Low Engagement Product
27669.0,0.2121,405.45,68.36,0.0224,0.0076,8.43,742.0,6.16,2.26,327.0,4,Trust Issue Product
23422.0,0.0683,316.32,51.67,0.1164,0.0678,6.33,512.0,1.19,4.37,278.0,2,Attract but Don't Convert
19165.0,0.0709,205.65,32.94,0.1038,0.0613,6.53,357.0,2.03,4.17,380.0,3,Low Engagement Product
18024.0,0.091,543.11,83.25,0.0726,0.023,3.88,964.0,3.86,1.84,39.0,2,Attract but Don't Convert
22656.0,0.0836,478.91,80.44,0.1136,0.0624,7.76,942.0,6.19,3.87,201.0,2,Attract but Don't Convert
27062.0,0.2122,344.95,61.4,0.0377,0.012,7.4,665.0,3.01,3.24,56.0,4,Trust Issue Product
28395.0,0.1123,457.12,82.07,0.1034,0.0634,7.75,861.0,4.57,4.42,197.0,2,Attract but Don't Convert
13907.0,0.0689,69.58,19.13,0.0274,0.01,2.86,85.0,3.18,1.93,8.0,0,Invisible Product
42448.0,0.0709,452.23,77.89,0.0118,0.0012,3.1,811.0,2.86,1.86,35.0,0,Invisible Product
26532.0,0.1342,250.54,45.2,0.1252,0.0878,7.06,441.0,8.07,4.75,971.0,1,High Performer
17849.0,0.0735,307.32,58.46,0.0986,0.0504,7.68,559.0,5.55,3.61,280.0,2,Attract but Don't Convert
41559.0,0.0177,551.03,84.7,0.0266,0.0025,4.38,943.0,1.0,3.22,270.0,0,Invisible Product
26356.0,0.0791,338.45,64.12,0.0542,0.0223,4.4,648.0,4.28,3.03,78.0,0,Invisible Product
40362.0,0.079,311.77,49.0,0.0975,0.0587,5.25,512.0,3.75,4.43,267.0,2,Attract but Don't Convert
37180.0,0.0417,488.81,87.6,0.0619,0.0131,1.3,901.0,1.9,2.73,7.0,0,Invisible Product
1424.0,0.0382,513.17,84.0,0.082,0.0378,1.21,981.0,3.76,1.86,21.0,2,Attract but Don't Convert
25831.0,0.0446,203.18,42.51,0.0753,0.0471,7.26,336.0,2.19,4.17,123.0,3,Low Engagement Product
36009.0,0.0748,494.15,88.69,0.0705,0.0379,6.58,961.0,3.69,3.32,303.0,2,Attract but Don't Convert
23903.0,0.1168,459.72,86.07,0.0889,0.0372,6.4,856.0,7.2,3.21,251.0,2,Attract but Don't Convert
19970.0,0.2274875,352.42,58.3,0.0243,0.0212,8.35,645.0,7.57,3.41,971.0,4,Trust Issue Product
34678.0,0.0325,86.53,16.37,0.0293,0.0088,2.75,94.0,1.59,1.81,24.0,0,Invisible Product
6688.0,0.09,394.17,67.35,0.086,0.0413,7.59,733.0,4.33,4.44,103.0,2,Attract but Don't Convert
38169.0,0.052,542.32,82.32,0.0771,0.0348,1.98,958.0,6.35,3.36,191.0,2,Attract but Don't Convert
26890.0,0.0237,51.35,26.1,0.035,0.0111,3.41,78.0,1.92,1.81,48.0,0,Invisible Product
25389.0,0.1738,218.73,38.84,0.1277,0.0835,7.94,405.0,9.61,4.83,469.0,1,High Performer
28278.0,0.0787,51.78,10.0,0.0739,0.024,2.68,34.0,3.66,2.94,5.0,3,Low Engagement Product
28810.0,0.0534,138.89,37.26,0.001,0.0001,2.24,250.0,2.03,1.77,25.0,0,Invisible Product
15585.0,0.0361,361.46,64.71,0.001,0.001,2.52,636.0,1.18,1.03,41.0,0,Invisible Product
44582.0,0.0933,404.29,64.73,0.0812,0.0591,7.46,696.0,7.66,4.1,919.0,1,High Performer
20752.0,0.0846,128.61,18.18,0.1019,0.0574,2.19,218.0,6.72,3.69,485.0,3,Low Engagement Product
4848.0,0.1622,499.26,93.37,0.0919,0.0709,9.45,935.0,9.2,4.44,971.0,1,High Performer
21333.0,0.049,229.59,49.57,0.0907,0.0516,6.45,373.0,1.0,3.92,304.0,3,Low Engagement Product
9535.0,0.0042,74.67,17.37,0.0507,0.0162,1.58,54.0,1.83,1.91,1.0,0,Invisible Product
3809.0,0.1367,190.06,27.08,0.1164,0.0812,9.83,181.0,7.26,4.6,971.0,1,High Performer
30455.0,0.1169,390.85,73.1,0.0626,0.0372,5.13,776.0,7.61,3.09,489.0,2,Attract but Don't Convert
13216.0,0.2274875,468.88,73.29,0.0362,0.0206,1.18,818.0,1.0,2.15,262.0,4,Trust Issue Product
25570.0,0.0496,474.15,89.17,0.0126,0.0059,2.64,914.0,2.57,1.7,30.0,0,Invisible Product
42444.0,0.0569,263.0,47.28,0.1534,0.0737,5.63,490.0,4.37,4.42,29.0,3,Low Engagement Product
43018.0,0.2274875,307.86,56.79,0.0148,0.0001,2.07,550.0,9.39,2.03,259.0,4,Trust Issue Product
39398.0,0.0777,522.74,89.73,0.1156,0.0715,5.21,983.0,4.6,3.55,413.0,2,Attract but Don't Convert
43056.0,0.0209,460.52,74.82,0.0509,0.0197,3.18,811.0,1.78,3.27,11.0,0,Invisible Product
14783.0,0.0928,436.09,75.42,0.118,0.0685,5.49,871.0,5.74,4.19,294.0,2,Attract but Don't Convert
604.0,0.092,191.48,39.39,0.0848,0.0511,8.29,442.0,8.27,4.26,428.0,1,High Performer
34082.0,0.1181,252.18,41.83,0.1083,0.0861,9.8,367.0,8.23,4.85,971.0,1,High Performer
34399.0,0.1385,357.7,64.88,0.0727,0.0344,9.32,713.0,6.4,3.23,425.0,2,Attract but Don't Convert
28116.0,0.0429,527.1,87.04,0.0306,0.0139,1.86,954.0,2.01,2.19,18.0,0,Invisible Product
24060.0,0.0357,523.89,85.56,0.018,0.0055,2.05,932.0,1.6,1.59,36.0,0,Invisible Product
33691.0,0.0626,135.69,24.83,0.0831,0.0353,4.47,166.0,5.06,3.88,26.0,3,Low Engagement Product
17412.0,0.1977,236.73,40.84,0.0374,0.0137,4.42,393.0,5.45,2.21,381.0,4,Trust Issue Product
37897.0,0.1253,398.42,69.8,0.1122,0.0879,9.78,707.0,7.52,4.86,971.0,1,High Performer
46296.0,0.0907,366.55,65.11,0.0614,0.0168,3.65,694.0,2.21,3.45,47.0,0,Invisible Product
49385.0,0.0926,209.21,43.6,0.0986,0.0464,6.94,435.0,4.56,3.76,60.0,3,Low Engagement Product
2205.0,0.0102,376.05,70.17,0.0242,0.0123,1.81,706.0,1.6,1.62,36.0,0,Invisible Product
36495.0,0.0398,275.63,51.17,0.0949,0.0279,2.51,513.0,3.01,2.91,0.0,0,Invisible Product
45840.0,0.0163,300.11,57.4,0.0531,0.0262,3.69,578.0,2.96,2.62,9.0,0,Invisible Product
22800.0,0.001,168.49,36.73,0.0412,0.0171,2.45,275.0,1.1,2.16,33.0,0,Invisible Product
34720.0,0.1752,480.51,90.43,0.1333,0.0815,9.75,979.0,9.71,4.18,452.0,1,High Performer
37778.0,0.0296,407.59,71.06,0.0334,0.0113,2.14,705.0,1.09,2.01,15.0,0,Invisible Product
20659.0,0.0403,89.61,11.85,0.0595,0.0278,3.2,122.0,3.38,3.18,40.0,3,Low Engagement Product
27609.0,0.1069,90.12,34.42,0.0707,0.0343,5.92,140.0,8.39,3.7,145.0,3,Low Engagement Product
27960.0,0.2274875,242.81,48.64,0.0229,0.0118,2.63,438.0,2.21,3.14,6.0,4,Trust Issue Product
11103.0,0.0398,211.37,42.51,0.028,0.0193,3.55,369.0,1.58,1.94,12.0,0,Invisible Product
21832.0,0.0484,347.27,63.39,0.0581,0.0136,2.32,676.0,1.07,1.89,3.0,0,Invisible Product
25926.0,0.0932,39.7,10.0,0.0835,0.0491,10.0,61.0,1.0,3.76,158.0,3,Low Engagement Product
30454.0,0.0664,196.85,44.47,0.0991,0.0509,4.04,386.0,5.91,3.78,160.0,3,Low Engagement Product
13943.0,0.0949,25.61,19.39,0.1234,0.0338,7.49,48.0,9.82,4.97,67.0,3,Low Engagement Product
44572.0,0.0261,505.38,80.27,0.0262,0.0081,2.73,985.0,3.42,1.69,38.0,0,Invisible Product
48629.0,0.0599,482.55,87.31,0.0317,0.0094,2.46,911.0,3.5,2.02,30.0,0,Invisible Product
6290.0,0.2274875,454.02,82.04,0.0381,0.0199,8.04,804.0,1.91,2.16,124.0,4,Trust Issue Product
17740.0,0.0726,496.47,97.2,0.0728,0.0411,6.93,996.0,5.1,3.27,444.0,2,Attract but Don't Convert
38513.0,0.0066,64.81,15.3,0.0333,0.0104,2.62,33.0,1.01,1.3,9.0,0,Invisible Product
42456.0,0.06,467.33,84.73,0.0919,0.0567,6.88,939.0,2.27,3.85,356.0,2,Attract but Don't Convert
44697.0,0.1604,517.93,92.5,0.036,0.0197,6.76,972.0,3.54,2.56,271.0,4,Trust Issue Product
40921.0,0.0415,418.16,79.03,0.0138,0.0046,3.7,837.0,1.45,1.16,11.0,0,Invisible Product
3430.0,0.1106,426.71,79.34,0.0921,0.0746,8.35,844.0,8.43,4.64,971.0,1,High Performer
19187.0,0.1,288.33,47.69,0.1135,0.0766,7.14,504.0,7.16,4.66,418.0,1,High Performer
41530.0,0.0284,140.1,18.57,0.0369,0.0257,3.29,208.0,1.9,2.35,33.0,0,Invisible Product
24604.0,0.0477,490.48,85.57,0.0984,0.0529,2.78,891.0,1.7,4.12,189.0,2,Attract but Don't Convert
7214.0,0.076,168.37,33.5,0.0622,0.017,2.23,314.0,2.69,2.14,27.0,0,Invisible Product
13423.0,0.1115,150.93,21.26,0.109,0.0576,6.85,202.0,7.66,3.36,145.0,3,Low Engagement Product
34221.0,0.1527,502.77,75.08,0.1034,0.0793,8.12,883.0,9.33,4.89,709.0,1,High Performer
11075.0,0.2274875,318.16,54.45,0.0298,0.0111,6.82,567.0,6.63,2.09,108.0,4,Trust Issue Product
11123.0,0.1447,444.77,75.97,0.0383,0.0176,4.6,901.0,8.45,3.5,334.0,2,Attract but Don't Convert
21547.0,0.0769,19.42,19.87,0.0719,0.022,8.32,56.0,5.5,4.15,298.0,3,Low Engagement Product
25033.0,0.1241,49.56,15.35,0.0825,0.0491,6.09,33.0,7.22,4.46,199.0,3,Low Engagement Product
24059.0,0.1012,489.56,90.95,0.0909,0.0522,7.39,942.0,5.2,3.53,458.0,2,Attract but Don't Convert
767.0,0.0645,337.09,57.17,0.103,0.0487,6.64,654.0,5.32,3.02,200.0,2,Attract but Don't Convert
29803.0,0.2274875,333.66,52.14,0.0302,0.0131,9.65,614.0,7.18,2.65,563.0,4,Trust Issue Product
9437.0,0.1275,111.84,33.03,0.1207,0.0789,7.25,178.0,9.82,4.41,225.0,1,High Performer
46527.0,0.081,283.29,47.04,0.0765,0.0506,6.37,513.0,6.86,4.13,169.0,3,Low Engagement Product
36587.0,0.1267,186.39,38.32,0.077,0.0419,8.91,348.0,7.95,4.42,79.0,3,Low Engagement Product
19229.0,0.0803,386.09,56.82,0.0882,0.0495,8.17,633.0,6.93,4.25,320.0,2,Attract but Don't Convert
40351.0,0.1194,442.25,75.33,0.0992,0.0649,8.75,868.0,8.45,4.98,484.0,1,High Performer
32021.0,0.0054,75.62,21.13,0.012,0.0001,2.0,102.0,1.28,1.43,4.0,0,Invisible Product
33407.0,0.0982,276.67,55.36,0.0804,0.0486,4.69,575.0,8.89,3.31,298.0,2,Attract but Don't Convert
27455.0,0.2274875,306.37,64.49,0.0163,0.009,8.08,599.0,1.55,2.91,175.0,4,Trust Issue Product
37832.0,0.001,293.47,47.4,0.042,0.014,2.68,579.0,1.34,1.27,27.0,0,Invisible Product
4935.0,0.0808,313.24,56.95,0.0671,0.0411,7.89,588.0,5.16,3.35,267.0,2,Attract but Don't Convert
20259.0,0.0699,328.02,55.92,0.0664,0.0365,5.72,606.0,3.7,3.02,245.0,2,Attract but Don't Convert
38910.0,0.0626,42.06,12.05,0.073,0.0264,8.68,41.0,2.27,3.24,218.0,3,Low Engagement Product
47705.0,0.1114,94.56,21.2,0.0895,0.0542,6.0,151.0,7.63,4.38,403.0,3,Low Engagement Product
40180.0,0.0896,276.29,51.94,0.1007,0.0541,4.56,484.0,5.52,3.32,238.0,3,Low Engagement Product
38188.0,0.0664,273.32,47.07,0.0521,0.041,6.62,475.0,4.48,3.88,494.0,3,Low Engagement Product
13316.0,0.0684,142.87,34.8,0.0597,0.0302,1.47,321.0,3.95,1.36,46.0,0,Invisible Product
35647.0,0.1192,538.15,96.63,0.0853,0.0467,7.95,974.0,8.75,4.02,971.0,1,High Performer
31571.0,0.1672,509.72,79.82,0.1325,0.0944,7.82,949.0,9.6,4.87,971.0,1,High Performer
17408.0,0.0652,133.82,27.45,0.0996,0.0559,4.06,286.0,5.32,4.45,75.0,3,Low Engagement Product
27632.0,0.1904,456.97,84.73,0.0281,0.0183,1.51,818.0,4.93,2.94,469.0,4,Trust Issue Product
34449.0,0.1008,257.39,51.66,0.0919,0.0559,9.16,414.0,1.0,4.21,494.0,3,Low Engagement Product
45545.0,0.0088,59.73,12.15,0.0414,0.0173,1.85,139.0,2.1,1.79,10.0,0,Invisible Product
5813.0,0.071,156.25,41.92,0.0716,0.0252,2.83,265.0,3.61,2.13,33.0,0,Invisible Product
49507.0,0.0417,328.78,59.85,0.0358,0.0097,3.45,587.0,1.79,1.48,14.0,0,Invisible Product
4904.0,0.0716,79.9,11.02,0.1117,0.0591,4.86,57.0,6.17,3.9,231.0,3,Low Engagement Product
10236.0,0.2125,171.83,31.15,0.0265,0.0027,3.49,264.0,3.1,2.78,4.0,4,Trust Issue Product
109.0,0.0853,38.74,11.05,0.0636,0.0259,4.01,40.0,7.6,3.49,24.0,3,Low Engagement Product
19355.0,0.1619,72.85,20.32,0.1059,0.0871,9.97,129.0,9.81,4.84,971.0,1,High Performer
23893.0,0.0701,312.93,57.93,0.0957,0.0587,5.2,625.0,4.26,3.55,480.0,2,Attract but Don't Convert
29648.0,0.186,217.94,37.15,0.02,0.0108,2.6,413.0,3.25,3.41,47.0,4,Trust Issue Product
37992.0,0.1077,255.26,37.71,0.1119,0.0608,8.71,429.0,8.78,4.26,96.0,1,High Performer
1115.0,0.0668,381.92,64.44,0.0602,0.0345,4.14,667.0,5.01,3.04,381.0,2,Attract but Don't Convert
27812.0,0.1963,403.46,66.96,0.0252,0.008,1.3,762.0,1.01,2.8,20.0,4,Trust Issue Product
35061.0,0.0563,65.43,10.0,0.0775,0.0405,5.16,27.0,5.56,3.38,475.0,3,Low Engagement Product
8515.0,0.1019,269.66,49.7,0.0689,0.0424,4.02,463.0,6.8,3.64,326.0,3,Low Engagement Product
46418.0,0.0983,254.06,40.36,0.0799,0.0431,7.38,347.0,5.67,4.08,168.0,3,Low Engagement Product
47380.0,0.2274875,446.35,85.09,0.0379,0.0151,5.76,906.0,5.98,3.29,254.0,4,Trust Issue Product
23933.0,0.0889,180.13,35.11,0.0886,0.0538,5.18,309.0,7.58,3.87,260.0,3,Low Engagement Product
4258.0,0.2168,425.24,68.18,0.0102,0.0001,4.29,782.0,4.93,3.49,175.0,4,Trust Issue Product
20409.0,0.05,331.95,58.42,0.0938,0.0556,3.94,530.0,2.93,4.05,166.0,2,Attract but Don't Convert
7070.0,0.0267,466.4,88.89,0.0926,0.0444,1.14,931.0,3.9,3.49,30.0,2,Attract but Don't Convert
7038.0,0.0493,200.68,51.55,0.0582,0.017,1.38,380.0,1.13,2.12,39.0,0,Invisible Product
21268.0,0.0454,495.1,90.54,0.0691,0.0172,1.93,928.0,2.76,1.43,6.0,0,Invisible Product
46640.0,0.1428,314.54,61.03,0.1517,0.1084,9.85,618.0,9.1,4.82,348.0,1,High Performer
20484.0,0.1587,392.53,77.63,0.0967,0.0727,7.83,735.0,9.82,4.33,971.0,1,High Performer
18117.0,0.0539,116.29,29.41,0.06,0.0369,6.34,238.0,1.0,3.89,215.0,3,Low Engagement Product
10444.0,0.0519,266.4,44.41,0.0641,0.03,1.11,425.0,3.94,3.24,34.0,0,Invisible Product
40134.0,0.0566,449.58,71.52,0.0396,0.0179,1.18,772.0,3.26,1.58,20.0,0,Invisible Product
8802.0,0.0315,535.31,82.84,0.1139,0.0561,1.14,942.0,3.79,3.31,39.0,2,Attract but Don't Convert
484.0,0.1153,458.57,89.21,0.0814,0.0406,6.52,851.0,7.69,3.87,130.0,2,Attract but Don't Convert
504.0,0.0998,428.01,68.96,0.1081,0.0798,7.33,789.0,7.15,4.63,971.0,1,High Performer
41043.0,0.0601,349.76,52.91,0.0183,0.0038,3.67,640.0,1.29,1.3,4.0,0,Invisible Product
48026.0,0.2274875,440.72,70.63,0.0225,0.0147,9.39,787.0,9.24,2.34,971.0,4,Trust Issue Product
29289.0,0.1544,461.73,76.87,0.0732,0.0513,8.8,813.0,8.13,4.1,971.0,1,High Performer
12863.0,0.0592,163.77,26.42,0.0388,0.0221,3.75,239.0,3.61,3.1,13.0,3,Low Engagement Product
18484.0,0.1341,341.85,57.34,0.1223,0.0722,3.98,614.0,7.12,4.08,180.0,2,Attract but Don't Convert
32706.0,0.1057,107.11,10.47,0.1298,0.0899,8.28,126.0,7.7,4.9,436.0,1,High Performer
9960.0,0.071,329.79,51.75,0.0698,0.0407,3.97,600.0,3.21,3.5,131.0,2,Attract but Don't Convert
38857.0,0.1152,317.17,53.65,0.1237,0.0958,7.82,628.0,7.66,4.55,971.0,1,High Performer
15206.0,0.0672,389.67,73.63,0.0541,0.0386,2.76,743.0,6.8,3.68,497.0,2,Attract but Don't Convert
23674.0,0.0336,186.76,27.4,0.0889,0.0572,8.54,305.0,1.0,4.45,288.0,3,Low Engagement Product
23624.0,0.0482,396.59,68.19,0.0375,0.0241,2.62,768.0,3.61,1.46,33.0,0,Invisible Product
3736.0,0.063,24.71,11.21,0.1117,0.0295,1.02,27.0,9.98,4.0,34.0,3,Low Engagement Product
11016.0,0.2274875,454.86,70.61,0.02,0.019,4.04,825.0,2.61,2.4,498.0,4,Trust Issue Product
4909.0,0.1216,147.61,28.02,0.1127,0.0831,9.32,208.0,9.39,4.48,971.0,1,High Performer
32301.0,0.2167,85.91,20.25,0.0388,0.0318,8.56,100.0,3.49,2.78,495.0,4,Trust Issue Product
13556.0,0.0437,83.55,27.47,0.0728,0.0409,7.68,127.0,1.0,3.16,165.0,3,Low Engagement Product
48312.0,0.0111,193.25,37.21,0.0933,0.0323,2.34,340.0,1.97,3.35,9.0,3,Low Engagement Product
38865.0,0.0212,343.0,47.26,0.0476,0.0209,2.14,598.0,4.94,3.89,108.0,0,Invisible Product
34916.0,0.1065,364.47,63.51,0.1185,0.0731,7.74,705.0,5.45,4.25,359.0,2,Attract but Don't Convert
45206.0,0.0503,183.4,37.78,0.0495,0.0179,3.27,365.0,3.38,2.44,17.0,0,Invisible Product
17200.0,0.0891,481.14,87.0,0.0565,0.0339,6.14,882.0,3.85,3.79,228.0,2,Attract but Don't Convert
22049.0,0.1135,201.11,36.62,0.1036,0.0853,9.09,347.0,7.1,4.88,928.0,1,High Performer
4644.0,0.0396,343.14,57.96,0.0951,0.052,3.29,574.0,3.75,3.27,209.0,2,Attract but Don't Convert
37844.0,0.0677,367.69,65.93,0.0706,0.0364,6.73,718.0,2.53,3.67,377.0,2,Attract but Don't Convert
45643.0,0.1401,211.99,38.39,0.1066,0.0795,8.77,321.0,8.04,4.33,971.0,1,High Performer
42883.0,0.0639,127.82,24.36,0.0425,0.0194,5.15,219.0,2.57,3.42,92.0,3,Low Engagement Product
26757.0,0.1006,501.64,74.6,0.0443,0.0239,6.94,912.0,6.43,3.54,394.0,2,Attract but Don't Convert
36287.0,0.0483,223.23,31.9,0.0128,0.0036,1.59,438.0,3.08,1.47,16.0,0,Invisible Product
47298.0,0.0791,26.9,17.18,0.0949,0.0257,5.46,58.0,5.07,3.34,374.0,3,Low Engagement Product
7339.0,0.1198,412.52,71.72,0.1024,0.0651,7.81,751.0,9.74,4.57,762.0,1,High Performer
14589.0,0.0573,187.5,38.09,0.0977,0.0565,2.53,326.0,2.69,3.5,373.0,3,Low Engagement Product
49501.0,0.0777,44.69,12.43,0.1156,0.0798,5.89,23.0,7.8,4.23,285.0,3,Low Engagement Product
43225.0,0.0602,336.49,52.35,0.0736,0.0479,7.47,652.0,4.35,4.14,231.0,2,Attract but Don't Convert
28638.0,0.2274875,470.06,76.13,0.0392,0.0101,5.39,867.0,5.39,2.27,38.0,4,Trust Issue Product
32149.0,0.0359,103.48,17.18,0.0549,0.012,1.89,96.0,2.67,3.11,37.0,3,Low Engagement Product
37231.0,0.0473,295.43,45.31,0.0643,0.0274,3.48,487.0,2.21,1.98,48.0,0,Invisible Product
43044.0,0.1334,115.51,28.68,0.1302,0.094,9.49,198.0,9.17,4.88,505.0,1,High Performer
8527.0,0.0701,336.87,62.35,0.065,0.0308,3.76,664.0,1.98,2.83,31.0,0,Invisible Product
41448.0,0.2274875,450.94,80.65,0.0276,0.014,3.65,842.0,1.0,2.85,145.0,4,Trust Issue Product
24385.0,0.2224,426.95,76.58,0.0265,0.0073,5.97,760.0,6.52,3.03,71.0,4,Trust Issue Product
37726.0,0.0422,143.74,35.82,0.0587,0.0316,1.32,295.0,2.29,2.61,16.0,0,Invisible Product
42908.0,0.0705,127.69,24.53,0.055,0.0221,3.36,171.0,2.35,2.79,21.0,3,Low Engagement Product
23028.0,0.1382,161.71,18.07,0.0912,0.0526,7.79,183.0,7.08,4.34,211.0,3,Low Engagement Product
19298.0,0.1062,197.29,35.02,0.0988,0.0772,7.94,309.0,9.14,4.79,971.0,1,High Performer
19858.0,0.1965,197.39,33.74,0.0371,0.0147,4.98,397.0,4.8,2.09,407.0,4,Trust Issue Product
15354.0,0.0543,327.35,55.17,0.0631,0.0324,1.65,640.0,6.16,4.47,175.0,2,Attract but Don't Convert
44338.0,0.0256,344.7,64.01,0.0298,0.0089,1.44,657.0,2.02,1.86,24.0,0,Invisible Product
1352.0,0.1444,412.6,65.35,0.0982,0.0697,7.06,771.0,9.17,4.51,800.0,1,High Performer
39864.0,0.1012,201.48,47.66,0.0729,0.0444,4.73,329.0,3.7,3.37,140.0,3,Low Engagement Product
12273.0,0.1613,518.91,90.49,0.0102,0.0001,7.11,949.0,4.45,3.02,268.0,4,Trust Issue Product
37541.0,0.0979,523.03,90.09,0.066,0.0483,9.64,998.0,8.71,4.16,971.0,1,High Performer
26798.0,0.001,501.12,70.59,0.0875,0.0412,1.08,932.0,1.65,3.35,15.0,2,Attract but Don't Convert
15881.0,0.0372,212.37,33.15,0.0694,0.0303,2.32,408.0,2.76,2.4,29.0,0,Invisible Product
13151.0,0.1258,453.88,91.47,0.112,0.0733,4.34,876.0,9.77,4.3,320.0,2,Attract but Don't Convert
39749.0,0.1211,386.2,61.42,0.0888,0.0644,8.49,677.0,9.75,4.04,665.0,1,High Performer
7049.0,0.1247,430.54,78.56,0.0922,0.0666,9.82,783.0,7.32,4.73,388.0,1,High Performer
42389.0,0.1212,142.54,23.56,0.0716,0.0362,5.98,202.0,5.87,3.3,215.0,3,Low Engagement Product
8117.0,0.0607,429.21,72.2,0.0778,0.0499,6.1,840.0,3.06,3.52,414.0,2,Attract but Don't Convert
7041.0,0.0948,191.74,30.67,0.104,0.0607,5.14,325.0,2.83,4.06,172.0,3,Low Engagement Product
26034.0,0.0604,77.21,10.0,0.0702,0.0424,6.4,91.0,2.81,3.29,309.0,3,Low Engagement Product
23486.0,0.1111,155.46,31.88,0.096,0.0481,6.02,238.0,6.39,3.89,181.0,3,Low Engagement Product
10309.0,0.0277,419.35,70.94,0.018,0.0055,1.42,738.0,2.07,1.19,33.0,0,Invisible Product
17815.0,0.1432,126.9,22.66,0.1053,0.076,8.26,192.0,8.76,4.26,971.0,1,High Performer
29020.0,0.0756,397.81,53.38,0.0259,0.0078,3.32,672.0,1.41,1.17,4.0,0,Invisible Product
31803.0,0.083,136.2,32.03,0.0897,0.0562,7.05,291.0,2.9,3.8,378.0,3,Low Engagement Product
42418.0,0.072,396.33,72.4,0.0288,0.0194,3.41,745.0,2.83,2.85,43.0,0,Invisible Product
4737.0,0.1238,294.15,60.01,0.1184,0.088,9.94,487.0,8.95,4.82,971.0,1,High Performer
4954.0,0.0169,159.07,38.16,0.075,0.0377,3.15,288.0,1.59,3.12,32.0,3,Low Engagement Product
43188.0,0.0914,66.17,14.08,0.1035,0.0527,9.31,39.0,7.24,4.19,108.0,3,Low Engagement Product
37760.0,0.0099,330.46,53.53,0.036,0.0167,2.97,597.0,1.17,2.74,4.0,0,Invisible Product
39911.0,0.0504,484.96,82.95,0.0247,0.0013,1.35,834.0,1.32,1.69,39.0,0,Invisible Product
49389.0,0.1308,287.98,52.33,0.0645,0.0381,7.43,522.0,9.13,3.44,436.0,1,High Performer
19956.0,0.0676,110.22,24.07,0.0824,0.0449,5.84,166.0,3.88,3.45,178.0,3,Low Engagement Product
21933.0,0.2197,290.02,51.74,0.0269,0.0196,1.16,448.0,1.96,2.24,41.0,4,Trust Issue Product
20063.0,0.204,114.77,23.5,0.0107,0.0012,3.98,184.0,2.04,2.45,2.0,4,Trust Issue Product
37032.0,0.0507,505.63,87.21,0.0612,0.0128,3.28,909.0,1.4,1.49,37.0,0,Invisible Product
27269.0,0.0338,200.65,30.32,0.0684,0.0276,2.36,329.0,1.56,1.95,12.0,0,Invisible Product
8041.0,0.0492,320.24,49.39,0.0591,0.0168,1.58,537.0,1.3,2.57,7.0,0,Invisible Product
14488.0,0.0335,39.52,15.0,0.0863,0.048,5.0,33.0,2.06,3.77,164.0,3,Low Engagement Product
5669.0,0.1094,103.37,21.78,0.0687,0.0455,8.3,151.0,7.23,4.57,925.0,1,High Performer
4400.0,0.159,459.15,78.54,0.0872,0.0588,9.73,873.0,8.34,4.09,971.0,1,High Performer
39137.0,0.1184,377.52,65.98,0.0558,0.0177,5.68,774.0,7.55,3.45,101.0,2,Attract but Don't Convert
36686.0,0.0924,253.7,51.44,0.0564,0.0207,5.16,458.0,6.16,3.27,165.0,3,Low Engagement Product
12115.0,0.1011,475.04,62.71,0.1036,0.0483,5.06,762.0,9.87,4.16,14.0,2,Attract but Don't Convert
45102.0,0.1117,394.85,75.1,0.1037,0.0579,8.9,759.0,3.9,3.87,180.0,2,Attract but Don't Convert
6354.0,0.0725,379.42,65.69,0.0963,0.0478,7.91,693.0,4.19,3.66,200.0,2,Attract but Don't Convert
17244.0,0.1356,460.82,75.45,0.0838,0.0364,9.66,814.0,5.27,3.27,48.0,2,Attract but Don't Convert
24314.0,0.1166,181.43,32.31,0.1,0.0478,7.06,282.0,4.43,3.89,19.0,3,Low Engagement Product
40218.0,0.2274875,359.45,58.64,0.039,0.0172,6.11,662.0,6.25,3.11,72.0,4,Trust Issue Product
15283.0,0.1977,493.12,86.78,0.0887,0.062,9.52,962.0,9.94,4.74,410.0,1,High Performer
6338.0,0.0306,180.85,31.35,0.0331,0.0081,3.03,244.0,3.7,1.71,29.0,0,Invisible Product
6190.0,0.0298,190.67,34.22,0.0893,0.0541,3.48,277.0,1.0,3.72,274.0,3,Low Engagement Product
11737.0,0.0324,184.87,29.74,0.0331,0.012,1.41,253.0,3.49,1.94,49.0,0,Invisible Product
22515.0,0.0565,233.87,37.83,0.0496,0.0274,4.13,355.0,3.69,3.56,93.0,3,Low Engagement Product
24171.0,0.1502,215.45,43.64,0.0965,0.0711,7.81,428.0,8.42,4.77,835.0,1,High Performer
45515.0,0.1486,446.46,76.48,0.0945,0.0527,8.94,847.0,9.71,4.92,74.0,2,Attract but Don't Convert
42779.0,0.1109,533.22,80.7,0.0678,0.0495,9.73,994.0,7.28,4.56,971.0,1,High Performer
41340.0,0.1332,32.48,10.84,0.1399,0.0883,8.09,43.0,9.38,4.11,502.0,1,High Performer
18371.0,0.1347,162.4,28.01,0.1347,0.105,9.11,290.0,7.08,4.83,971.0,1,High Performer
36134.0,0.0542,99.81,18.31,0.0039,0.0037,2.35,114.0,3.49,1.9,4.0,0,Invisible Product
33534.0,0.0653,122.49,18.29,0.0111,0.0005,3.21,161.0,2.24,2.15,37.0,0,Invisible Product
4288.0,0.0457,421.72,68.76,0.0422,0.0226,3.21,713.0,2.65,2.69,30.0,0,Invisible Product
49923.0,0.0647,384.08,74.9,0.0358,0.0104,3.74,737.0,2.76,2.96,1.0,0,Invisible Product
10261.0,0.1283,471.9,82.08,0.1465,0.0947,10.0,921.0,7.48,4.3,486.0,1,High Performer
28832.0,0.0622,568.46,90.8,0.0713,0.0454,5.64,993.0,4.38,4.06,376.0,2,Attract but Don't Convert
11414.0,0.1106,75.09,15.63,0.1046,0.0547,8.2,100.0,9.59,4.31,74.0,3,Low Engagement Product
24054.0,0.153,138.5,32.92,0.0196,0.0082,7.15,293.0,9.7,2.25,971.0,4,Trust Issue Product
21608.0,0.0217,185.49,40.4,0.0321,0.0212,3.09,295.0,3.82,2.66,6.0,0,Invisible Product
22069.0,0.0414,459.5,74.43,0.0464,0.0161,1.75,902.0,3.08,1.07,15.0,0,Invisible Product
45759.0,0.0572,510.77,84.79,0.0837,0.0358,3.43,977.0,3.11,3.24,9.0,2,Attract but Don't Convert
37645.0,0.0063,243.65,49.25,0.0485,0.0289,1.63,484.0,1.83,2.45,28.0,0,Invisible Product
36768.0,0.0815,165.73,27.33,0.1265,0.0684,4.48,227.0,3.99,3.53,38.0,3,Low Engagement Product
23161.0,0.0662,195.66,33.32,0.0891,0.0534,6.08,315.0,6.35,3.89,421.0,3,Low Engagement Product
13816.0,0.0661,33.21,10.0,0.0645,0.0325,6.61,58.0,3.74,3.35,404.0,3,Low Engagement Product
39849.0,0.0571,517.47,89.52,0.11,0.0439,2.7,967.0,2.34,3.3,29.0,2,Attract but Don't Convert
39244.0,0.014,196.92,34.06,0.0777,0.0279,3.21,307.0,2.14,3.41,19.0,3,Low Engagement Product
17007.0,0.0621,97.27,24.65,0.0991,0.0489,5.1,143.0,1.0,3.02,222.0,3,Low Engagement Product
18877.0,0.1564,510.61,86.8,0.1144,0.0715,9.58,895.0,8.3,4.98,297.0,1,High Performer
27793.0,0.1378,544.83,88.83,0.0396,0.0248,9.94,988.0,5.58,4.3,364.0,2,Attract but Don't Convert
43028.0,0.0625,171.36,40.79,0.0596,0.0348,6.33,302.0,1.0,4.23,480.0,3,Low Engagement Product
26429.0,0.001,473.97,86.99,0.0651,0.0248,1.12,897.0,1.05,2.17,41.0,0,Invisible Product
46992.0,0.1119,104.77,23.74,0.0821,0.0562,8.94,199.0,8.62,4.13,971.0,1,High Performer
16382.0,0.1251,54.07,26.6,0.0968,0.0549,9.77,116.0,8.25,3.96,230.0,3,Low Engagement Product
23724.0,0.0029,117.59,30.08,0.1073,0.0605,5.51,210.0,3.04,4.22,280.0,3,Low Engagement Product
23421.0,0.0455,62.44,23.83,0.074,0.0353,2.63,93.0,3.37,3.29,33.0,3,Low Engagement Product
10588.0,0.2274875,289.53,38.14,0.0256,0.0189,3.28,466.0,8.02,2.8,218.0,4,Trust Issue Product
22674.0,0.2125,404.5,77.67,0.0225,0.0171,3.99,804.0,1.0,2.88,161.0,4,Trust Issue Product
5340.0,0.0937,289.95,52.84,0.0983,0.0551,7.84,516.0,5.29,4.34,44.0,2,Attract but Don't Convert
43321.0,0.1394,324.29,52.32,0.0874,0.0579,8.13,580.0,9.99,4.08,971.0,1,High Performer
10578.0,0.2205,267.36,42.75,0.0368,0.0125,7.3,503.0,8.8,2.25,70.0,4,Trust Issue Product
45262.0,0.0074,484.39,78.69,0.0319,0.0148,3.84,868.0,1.04,1.91,7.0,0,Invisible Product
19362.0,0.0561,394.25,69.53,0.0368,0.0155,3.69,741.0,3.04,1.65,33.0,0,Invisible Product
4532.0,0.0565,85.65,17.86,0.0623,0.0421,4.54,135.0,3.05,4.28,285.0,3,Low Engagement Product
29821.0,0.0014,339.85,50.57,0.0568,0.0425,3.79,554.0,1.0,3.75,323.0,0,Invisible Product
13668.0,0.0573,71.66,16.61,0.0151,0.0052,2.51,117.0,2.75,1.18,33.0,0,Invisible Product
14278.0,0.0902,219.07,34.39,0.053,0.0295,3.87,347.0,8.94,4.06,456.0,3,Low Engagement Product
22295.0,0.1774,482.64,88.9,0.04,0.0181,9.53,928.0,9.85,2.41,971.0,4,Trust Issue Product
402.0,0.1164,218.7,40.06,0.0864,0.0453,5.63,426.0,10.0,3.5,109.0,3,Low Engagement Product
17122.0,0.001,189.39,28.33,0.075,0.0424,2.66,332.0,1.39,4.29,212.0,3,Low Engagement Product
155.0,0.1077,437.62,71.61,0.0692,0.0461,6.09,721.0,7.6,4.29,256.0,2,Attract but Don't Convert
45881.0,0.0416,357.62,71.61,0.0549,0.0258,2.68,713.0,1.54,2.13,44.0,0,Invisible Product
8817.0,0.0545,99.49,22.76,0.0708,0.0368,2.92,167.0,1.23,2.72,35.0,3,Low Engagement Product
28799.0,0.1559,235.08,33.24,0.1155,0.0961,8.91,361.0,9.43,4.9,971.0,1,High Performer
8250.0,0.0485,268.2,41.42,0.0745,0.0163,2.06,514.0,1.21,3.44,6.0,0,Invisible Product
2225.0,0.1002,501.46,87.53,0.0839,0.0399,5.25,967.0,6.15,3.1,231.0,2,Attract but Don't Convert
44347.0,0.069,53.69,15.92,0.0754,0.0416,3.8,42.0,6.7,3.52,197.0,3,Low Engagement Product
48613.0,0.0921,87.5,15.86,0.056,0.0258,6.08,124.0,7.45,3.26,432.0,3,Low Engagement Product
16848.0,0.076,387.18,69.53,0.0703,0.0386,2.28,694.0,5.22,3.2,413.0,2,Attract but Don't Convert
39677.0,0.0304,323.75,50.68,0.0413,0.0118,3.08,598.0,2.02,2.3,13.0,0,Invisible Product
4721.0,0.2274875,440.62,76.04,0.0121,0.0029,1.75,821.0,3.07,2.91,19.0,4,Trust Issue Product
15134.0,0.0878,437.39,65.43,0.0913,0.0498,3.91,820.0,3.24,3.24,36.0,2,Attract but Don't Convert
46491.0,0.0368,302.15,51.42,0.0521,0.0331,4.38,577.0,2.18,3.62,95.0,0,Invisible Product
5226.0,0.0526,299.0,50.2,0.0876,0.0472,2.53,612.0,2.54,3.94,97.0,2,Attract but Don't Convert
5222.0,0.046,548.44,89.62,0.0499,0.0247,5.6,960.0,2.68,3.52,451.0,2,Attract but Don't Convert
18130.0,0.0513,352.43,65.95,0.0339,0.0156,2.47,678.0,2.8,2.36,32.0,0,Invisible Product
17402.0,0.0956,135.13,41.52,0.1103,0.0532,5.46,241.0,2.99,3.46,457.0,3,Low Engagement Product
19281.0,0.1533,470.97,80.89,0.1162,0.0763,7.43,874.0,9.44,4.59,226.0,1,High Performer
38738.0,0.0549,26.31,10.57,0.0715,0.0196,4.66,34.0,3.68,3.14,151.0,3,Low Engagement Product
1631.0,0.1232,503.31,77.64,0.0506,0.0217,6.23,910.0,6.0,3.57,173.0,2,Attract but Don't Convert
41040.0,0.2098,361.09,67.09,0.032,0.0203,2.81,652.0,3.9,2.69,30.0,4,Trust Issue Product
40541.0,0.0908,73.08,30.97,0.03,0.0104,3.94,97.0,2.06,3.12,32.0,3,Low Engagement Product
23433.0,0.0594,190.51,42.33,0.0554,0.0179,3.97,341.0,3.87,2.44,25.0,0,Invisible Product
39750.0,0.0502,418.99,77.14,0.038,0.0171,2.92,826.0,2.0,2.9,25.0,0,Invisible Product
34774.0,0.0893,166.27,31.15,0.0942,0.0448,5.91,260.0,4.31,3.71,150.0,3,Low Engagement Product
35954.0,0.0431,51.22,10.0,0.0795,0.0407,2.42,37.0,6.25,3.6,266.0,3,Low Engagement Product
46371.0,0.0882,410.58,77.36,0.0649,0.0417,6.46,787.0,1.64,4.02,379.0,2,Attract but Don't Convert
8252.0,0.0424,276.98,44.25,0.0648,0.0255,3.26,473.0,1.81,2.65,37.0,0,Invisible Product
38618.0,0.2274875,292.61,40.95,0.021,0.0177,8.89,462.0,7.07,2.99,174.0,4,Trust Issue Product
45640.0,0.1255,503.79,84.82,0.1071,0.0618,8.89,947.0,9.85,4.93,215.0,2,Attract but Don't Convert
10367.0,0.1856,173.06,29.78,0.0142,0.0093,7.71,296.0,9.33,3.28,971.0,4,Trust Issue Product
25389.0,0.0851,232.29,40.82,0.0351,0.0229,8.44,443.0,3.11,3.43,100.0,3,Low Engagement Product
1162.0,0.1062,274.32,47.16,0.1137,0.0744,7.88,495.0,9.12,4.69,175.0,1,High Performer
30026.0,0.0403,44.61,10.0,0.0741,0.0412,4.28,46.0,3.27,4.07,278.0,3,Low Engagement Product
6329.0,0.001,275.57,51.34,0.0178,0.0153,3.1,533.0,1.55,1.15,15.0,0,Invisible Product
49377.0,0.0357,481.02,81.93,0.102,0.0512,5.03,884.0,1.9,4.32,172.0,2,Attract but Don't Convert
48015.0,0.139,276.97,43.69,0.0868,0.0525,7.03,483.0,7.87,3.89,401.0,1,High Performer
4732.0,0.0718,444.53,82.82,0.0033,0.0031,2.79,826.0,3.58,1.42,11.0,0,Invisible Product
39156.0,0.1645,444.26,74.58,0.0222,0.0149,3.76,843.0,8.5,2.2,27.0,4,Trust Issue Product
3696.0,0.0905,239.43,35.17,0.0454,0.0192,1.96,382.0,4.48,3.27,171.0,0,Invisible Product
44343.0,0.13,195.99,46.24,0.0842,0.0461,9.2,402.0,4.9,4.4,61.0,3,Low Engagement Product
6268.0,0.0864,380.94,71.92,0.0938,0.0618,9.36,770.0,1.0,4.13,335.0,2,Attract but Don't Convert
42663.0,0.2274875,306.51,60.23,0.0399,0.0192,8.15,544.0,9.13,2.11,971.0,4,Trust Issue Product
7661.0,0.2274875,255.79,50.12,0.0207,0.0037,4.38,401.0,5.43,3.0,67.0,4,Trust Issue Product
8358.0,0.0108,133.91,19.33,0.0381,0.0028,3.02,203.0,1.77,1.72,0.0,0,Invisible Product
16716.0,0.1256,139.04,38.17,0.1,0.0509,7.9,213.0,9.56,3.23,292.0,3,Low Engagement Product
26834.0,0.001,249.56,36.72,0.0714,0.0332,5.49,481.0,1.0,3.07,155.0,0,Invisible Product
6471.0,0.0655,24.61,10.0,0.0486,0.0098,6.08,75.0,5.57,3.29,66.0,3,Low Engagement Product
26169.0,0.0761,135.01,23.24,0.001,0.001,3.76,249.0,2.69,1.71,43.0,0,Invisible Product
14469.0,0.0282,296.89,57.38,0.0678,0.0314,2.07,508.0,1.49,3.1,19.0,0,Invisible Product
13010.0,0.0781,22.05,16.36,0.1191,0.0363,8.0,47.0,5.26,4.1,389.0,3,Low Engagement Product
8043.0,0.0848,438.46,79.46,0.0623,0.0368,5.38,851.0,4.52,3.94,379.0,2,Attract but Don't Convert
12299.0,0.0542,299.68,46.11,0.0343,0.0139,2.42,602.0,3.19,2.5,49.0,0,Invisible Product
15828.0,0.0732,382.4,69.17,0.1034,0.0518,3.94,741.0,1.7,4.45,18.0,2,Attract but Don't Convert
23375.0,0.171,542.3,100.0,0.1102,0.0691,8.87,979.0,9.18,4.17,931.0,1,High Performer
6838.0,0.0533,119.38,28.82,0.0974,0.0482,3.58,203.0,1.45,3.48,201.0,3,Low Engagement Product
16013.0,0.0767,270.29,43.88,0.1241,0.0677,9.54,444.0,4.72,4.18,88.0,3,Low Engagement Product
35340.0,0.1307,215.38,46.93,0.0814,0.0279,6.98,394.0,4.37,3.18,160.0,3,Low Engagement Product
19223.0,0.0955,502.32,81.69,0.0679,0.0362,8.13,887.0,1.0,3.84,324.0,2,Attract but Don't Convert
48547.0,0.1497,66.98,12.3,0.0858,0.068,9.38,60.0,8.32,4.44,971.0,1,High Performer
34629.0,0.0845,272.29,46.84,0.0716,0.044,6.12,503.0,5.19,3.7,204.0,3,Low Engagement Product
10267.0,0.0226,166.26,35.03,0.108,0.0567,6.15,279.0,1.0,4.26,210.0,3,Low Engagement Product
10654.0,0.1277,231.17,45.39,0.0964,0.071,8.56,460.0,9.96,4.68,971.0,1,High Performer
17360.0,0.0451,492.28,86.44,0.0479,0.0083,3.9,945.0,2.24,1.21,1.0,0,Invisible Product
47145.0,0.0287,495.91,68.38,0.0534,0.0283,3.18,875.0,1.71,4.05,287.0,2,Attract but Don't Convert
3912.0,0.1483,88.69,17.69,0.1128,0.0634,9.06,103.0,7.8,4.61,119.0,3,Low Engagement Product
28124.0,0.0361,20.74,10.0,0.0544,0.017,2.37,65.0,2.64,3.29,443.0,3,Low Engagement Product
27385.0,0.0547,256.08,51.91,0.1054,0.0738,3.88,459.0,5.48,4.48,416.0,3,Low Engagement Product
27000.0,0.1094,378.36,59.9,0.0905,0.0475,10.0,690.0,3.25,4.23,93.0,2,Attract but Don't Convert
1705.0,0.1091,482.51,76.17,0.1112,0.0649,7.46,875.0,9.31,4.22,572.0,1,High Performer
5722.0,0.0522,291.5,46.28,0.0672,0.0302,6.36,538.0,4.96,3.53,445.0,3,Low Engagement Product
6867.0,0.0722,459.6,83.26,0.0915,0.0617,7.27,864.0,1.0,4.24,272.0,2,Attract but Don't Convert
27239.0,0.0273,279.15,49.15,0.0583,0.0212,2.31,457.0,1.53,1.97,30.0,0,Invisible Product
11713.0,0.0558,102.63,16.92,0.0514,0.019,3.28,155.0,3.75,2.39,17.0,3,Low Engagement Product
10689.0,0.0769,116.43,21.53,0.0414,0.01,3.8,202.0,2.79,1.63,41.0,0,Invisible Product
14018.0,0.124,410.71,72.2,0.1258,0.0996,8.44,728.0,7.43,4.91,971.0,1,High Performer
20219.0,0.1555,142.59,35.49,0.1097,0.0863,9.38,191.0,9.84,4.78,971.0,1,High Performer
27546.0,0.0523,450.78,86.48,0.001,0.0001,3.67,928.0,3.26,1.1,9.0,0,Invisible Product
13146.0,0.1003,475.18,86.14,0.0873,0.0518,8.78,880.0,2.44,4.44,382.0,2,Attract but Don't Convert
24918.0,0.001,413.35,73.24,0.001,0.001,1.01,807.0,2.22,1.95,5.0,0,Invisible Product
35458.0,0.1189,342.5,53.41,0.0883,0.0483,8.23,609.0,9.68,4.07,721.0,1,High Performer
4424.0,0.2274875,522.55,84.92,0.0183,0.0134,7.2,947.0,8.59,3.16,971.0,4,Trust Issue Product
10887.0,0.1134,529.88,93.43,0.1137,0.0851,7.41,975.0,8.99,5.0,971.0,1,High Performer
9211.0,0.0889,398.86,63.89,0.1235,0.0734,3.97,709.0,10.0,4.34,154.0,2,Attract but Don't Convert
38210.0,0.1356,295.79,52.91,0.127,0.0918,9.38,558.0,8.93,4.39,971.0,1,High Performer
16489.0,0.1086,90.35,32.24,0.0927,0.06,9.33,139.0,5.51,3.83,396.0,3,Low Engagement Product
41527.0,0.06,191.85,42.82,0.0355,0.026,6.02,300.0,2.2,3.87,400.0,3,Low Engagement Product
14143.0,0.1406,194.92,36.88,0.1208,0.0918,9.38,327.0,8.82,4.66,902.0,1,High Performer
28846.0,0.1278,362.63,74.06,0.0794,0.0538,7.57,727.0,8.15,4.1,971.0,1,High Performer
22450.0,0.0685,195.83,27.74,0.0877,0.0483,7.07,296.0,4.13,3.16,470.0,3,Low Engagement Product
41705.0,0.1226,275.23,57.24,0.1047,0.0699,9.87,549.0,7.86,4.31,971.0,1,High Performer
217.0,0.1335,193.5,35.65,0.1241,0.0778,7.19,314.0,8.15,4.88,234.0,1,High Performer
46785.0,0.0705,435.15,76.27,0.082,0.0476,6.81,802.0,5.11,3.25,434.0,2,Attract but Don't Convert
19035.0,0.2274875,89.63,10.0,0.0354,0.0175,4.18,72.0,1.35,2.67,242.0,4,Trust Issue Product
47177.0,0.0184,437.78,68.25,0.0553,0.0238,2.1,825.0,2.41,2.15,1.0,0,Invisible Product
13334.0,0.1359,214.92,43.28,0.0782,0.055,8.68,451.0,9.98,4.51,971.0,1,High Performer
38428.0,0.0528,68.37,10.0,0.0919,0.0313,3.27,71.0,1.11,3.26,15.0,3,Low Engagement Product
946.0,0.0601,410.15,65.01,0.0628,0.0239,3.14,747.0,3.47,3.27,4.0,2,Attract but Don't Convert
11054.0,0.0766,96.97,30.21,0.1177,0.0726,7.6,91.0,4.94,4.15,160.0,3,Low Engagement Product
13803.0,0.171,42.94,19.92,0.1445,0.1105,9.69,47.0,8.27,4.83,971.0,1,High Performer
48253.0,0.0657,288.06,50.77,0.0798,0.0386,6.36,488.0,4.25,3.04,46.0,3,Low Engagement Product
46614.0,0.0574,513.44,86.73,0.0566,0.0386,4.48,931.0,7.5,3.82,333.0,2,Attract but Don't Convert
22800.0,0.0774,406.86,74.73,0.0436,0.0188,1.94,783.0,3.52,2.25,37.0,0,Invisible Product
32143.0,0.0278,488.84,81.45,0.0732,0.0202,3.33,905.0,2.61,2.18,21.0,0,Invisible Product
6569.0,0.0843,466.06,86.1,0.1188,0.0693,4.6,931.0,6.94,3.52,210.0,2,Attract but Don't Convert
30205.0,0.0991,324.28,60.01,0.0805,0.0481,7.77,566.0,5.81,3.47,463.0,2,Attract but Don't Convert
42201.0,0.044,244.45,42.45,0.0509,0.02,1.35,420.0,2.96,2.6,21.0,0,Invisible Product
26486.0,0.001,115.23,34.82,0.0094,0.0001,1.2,220.0,1.3,1.65,21.0,0,Invisible Product
49476.0,0.0639,412.06,71.18,0.0597,0.0318,6.31,780.0,3.02,3.83,371.0,2,Attract but Don't Convert
45687.0,0.0633,366.7,55.44,0.0806,0.0345,5.19,630.0,4.22,3.48,201.0,2,Attract but Don't Convert
37076.0,0.1491,453.5,78.43,0.1091,0.0708,7.99,839.0,8.11,4.01,971.0,1,High Performer
39151.0,0.0773,258.84,47.84,0.0455,0.0174,4.42,485.0,7.33,3.38,27.0,0,Invisible Product
2148.0,0.0266,350.14,62.4,0.0535,0.0154,2.39,671.0,2.02,1.71,0.0,0,Invisible Product
39101.0,0.0345,357.06,63.52,0.051,0.0255,1.1,614.0,1.47,1.01,35.0,0,Invisible Product
13041.0,0.0375,309.68,54.5,0.0403,0.0193,1.35,579.0,2.29,1.2,48.0,0,Invisible Product
45475.0,0.0682,438.91,70.05,0.128,0.0768,5.78,809.0,5.24,4.41,172.0,2,Attract but Don't Convert
42633.0,0.0349,220.74,39.89,0.0395,0.01,1.64,398.0,1.88,1.45,12.0,0,Invisible Product
1928.0,0.0491,375.26,68.62,0.0734,0.033,7.51,779.0,1.0,3.06,288.0,2,Attract but Don't Convert
2017.0,0.0964,473.94,79.37,0.0897,0.0576,7.89,914.0,2.82,3.65,360.0,2,Attract but Don't Convert
20718.0,0.0899,150.76,30.57,0.1115,0.0569,4.59,196.0,7.82,3.77,221.0,3,Low Engagement Product
32354.0,0.0715,108.38,10.57,0.0911,0.0433,4.48,71.0,8.4,3.66,144.0,3,Low Engagement Product
39856.0,0.041,63.53,18.43,0.0732,0.0551,6.36,98.0,4.83,3.99,198.0,3,Low Engagement Product
47462.0,0.1134,238.67,40.66,0.1131,0.0825,8.41,404.0,7.71,4.67,971.0,1,High Performer
20228.0,0.1136,503.07,77.69,0.106,0.0777,7.74,853.0,9.5,4.3,372.0,1,High Performer
45845.0,0.2163,351.52,47.42,0.036,0.0121,2.64,595.0,3.57,2.59,11.0,4,Trust Issue Product
109.0,0.1361,19.25,15.38,0.1313,0.0403,8.54,27.0,9.73,4.86,64.0,3,Low Engagement Product
16744.0,0.0863,141.21,27.24,0.1093,0.0825,7.76,233.0,8.85,4.94,901.0,1,High Performer
22522.0,0.0912,57.15,18.38,0.084,0.0413,5.92,44.0,8.2,3.04,341.0,3,Low Engagement Product
9965.0,0.0444,289.95,49.52,0.0453,0.0115,2.51,469.0,3.76,1.53,12.0,0,Invisible Product
2319.0,0.081,399.44,73.2,0.0801,0.0412,5.04,787.0,5.5,4.33,494.0,2,Attract but Don't Convert
39909.0,0.1496,432.48,71.96,0.0891,0.0558,8.26,774.0,9.56,4.69,491.0,1,High Performer
5387.0,0.1926,538.07,100.0,0.0202,0.0125,2.69,988.0,3.13,2.9,47.0,4,Trust Issue Product
34487.0,0.1268,261.92,44.06,0.0861,0.0513,8.92,476.0,8.62,3.75,442.0,1,High Performer
8612.0,0.0443,312.88,49.86,0.1129,0.0625,2.31,480.0,3.99,3.83,252.0,2,Attract but Don't Convert
1442.0,0.0478,120.27,28.55,0.0546,0.0202,3.66,217.0,3.99,2.54,10.0,3,Low Engagement Product
43436.0,0.071,93.78,10.97,0.0885,0.054,2.13,113.0,5.59,3.69,194.0,3,Low Engagement Product
19316.0,0.0308,402.99,68.75,0.0731,0.0249,3.19,738.0,1.94,2.63,49.0,0,Invisible Product
27634.0,0.2146,520.52,79.49,0.019,0.0112,1.21,966.0,4.51,2.83,205.0,4,Trust Issue Product
14331.0,0.0734,281.11,46.14,0.0646,0.0286,6.9,456.0,7.32,3.28,405.0,3,Low Engagement Product
32393.0,0.1723,276.15,45.57,0.0294,0.0008,6.44,546.0,9.01,2.74,254.0,4,Trust Issue Product
26714.0,0.0234,387.67,68.63,0.0367,0.0095,1.9,709.0,1.93,1.15,17.0,0,Invisible Product
36358.0,0.0871,562.39,82.58,0.0701,0.0294,4.42,986.0,4.59,3.63,24.0,2,Attract but Don't Convert
28353.0,0.1093,244.46,41.7,0.0856,0.0584,7.29,397.0,7.16,4.15,971.0,1,High Performer
42178.0,0.1058,319.78,50.36,0.0863,0.0505,3.98,606.0,9.82,3.7,395.0,2,Attract but Don't Convert
40852.0,0.0783,75.5,22.22,0.0748,0.0428,3.84,123.0,6.59,3.02,387.0,3,Low Engagement Product
18088.0,0.0719,452.86,75.61,0.0907,0.0343,2.74,825.0,3.43,2.93,21.0,2,Attract but Don't Convert
31137.0,0.0387,369.71,65.0,0.0648,0.0127,1.11,699.0,2.7,2.52,0.0,0,Invisible Product
12319.0,0.0915,517.64,89.18,0.0534,0.0331,4.84,981.0,7.4,3.2,184.0,2,Attract but Don't Convert
335.0,0.0495,338.13,64.3,0.0721,0.0521,5.23,646.0,2.97,4.14,468.0,2,Attract but Don't Convert
43029.0,0.0449,100.48,10.34,0.0833,0.0489,7.04,58.0,2.3,3.63,321.0,3,Low Engagement Product
2008.0,0.1235,275.43,48.07,0.0975,0.0562,7.93,477.0,4.14,4.11,106.0,3,Low Engagement Product
8667.0,0.0595,222.56,38.31,0.0289,0.0147,2.12,383.0,3.68,1.99,3.0,0,Invisible Product
36398.0,0.0539,399.35,80.83,0.0916,0.0449,6.12,804.0,1.58,3.26,23.0,2,Attract but Don't Convert
5356.0,0.1568,90.49,20.28,0.0601,0.0368,7.44,154.0,8.69,4.47,971.0,1,High Performer
19119.0,0.1345,225.28,37.42,0.1094,0.078,9.91,393.0,8.04,4.46,971.0,1,High Performer
8262.0,0.0615,154.31,22.56,0.0562,0.0237,2.65,251.0,7.73,4.05,164.0,3,Low Engagement Product
5515.0,0.1068,92.22,13.3,0.097,0.0566,5.26,58.0,5.73,3.43,397.0,3,Low Engagement Product
36259.0,0.0259,523.98,85.19,0.0665,0.0295,3.23,983.0,3.65,3.46,8.0,2,Attract but Don't Convert
44025.0,0.0857,461.77,77.57,0.1047,0.0534,4.98,822.0,7.51,4.06,175.0,2,Attract but Don't Convert
6051.0,0.0878,452.59,78.15,0.0636,0.0347,5.92,838.0,8.99,3.13,113.0,2,Attract but Don't Convert
21952.0,0.0911,80.22,17.94,0.1056,0.0627,5.56,66.0,8.71,3.5,221.0,3,Low Engagement Product
8107.0,0.0455,24.14,10.0,0.001,0.0005,1.56,55.0,3.98,1.03,2.0,0,Invisible Product
41932.0,0.0888,430.37,64.42,0.0901,0.0448,5.7,851.0,5.25,3.18,139.0,2,Attract but Don't Convert
30623.0,0.068,105.48,19.12,0.0735,0.0345,4.72,114.0,7.28,3.94,13.0,3,Low Engagement Product
23425.0,0.1625,249.93,44.52,0.1204,0.0894,9.43,380.0,7.41,4.83,448.0,1,High Performer
21304.0,0.0318,267.87,51.55,0.0833,0.0408,3.21,544.0,6.6,3.59,250.0,2,Attract but Don't Convert
15624.0,0.0386,112.74,32.13,0.0233,0.0078,1.93,165.0,2.87,2.36,7.0,0,Invisible Product
19382.0,0.0883,468.01,84.26,0.091,0.0398,8.18,936.0,3.18,3.11,161.0,2,Attract but Don't Convert
24030.0,0.0383,210.22,37.28,0.0875,0.0482,1.15,387.0,3.25,3.79,146.0,3,Low Engagement Product
177.0,0.0928,33.98,18.8,0.0724,0.0352,4.26,84.0,5.77,3.04,156.0,3,Low Engagement Product
40445.0,0.019,151.13,36.67,0.0942,0.0528,6.86,247.0,3.8,4.23,199.0,3,Low Engagement Product
20711.0,0.1138,412.81,71.62,0.1031,0.0741,9.65,773.0,7.58,4.46,749.0,1,High Performer
17084.0,0.0406,295.57,56.89,0.0487,0.0128,3.19,539.0,1.81,1.4,8.0,0,Invisible Product
14160.0,0.098,441.65,74.69,0.0885,0.0561,4.63,835.0,3.89,4.41,465.0,2,Attract but Don't Convert
17549.0,0.0369,478.7,77.76,0.0569,0.0266,3.42,872.0,3.05,1.82,17.0,0,Invisible Product
18620.0,0.0678,351.29,61.51,0.1025,0.0703,7.59,574.0,1.97,4.22,178.0,2,Attract but Don't Convert
43403.0,0.0559,393.32,63.14,0.0288,0.0166,2.57,775.0,2.95,1.33,4.0,0,Invisible Product
9610.0,0.0511,113.19,20.75,0.1306,0.078,5.06,200.0,4.98,4.43,137.0,3,Low Engagement Product
29387.0,0.1893,292.59,54.5,0.0162,0.0117,8.23,520.0,4.03,3.23,101.0,4,Trust Issue Product
28273.0,0.0637,332.64,57.56,0.0971,0.0554,2.11,616.0,6.67,4.34,86.0,2,Attract but Don't Convert
39811.0,0.1088,110.67,25.41,0.0897,0.0412,8.26,174.0,7.87,3.37,465.0,3,Low Engagement Product
12054.0,0.1291,406.75,77.14,0.0777,0.0306,5.87,806.0,10.0,3.35,87.0,2,Attract but Don't Convert
7904.0,0.0866,297.89,47.73,0.0861,0.0338,3.63,554.0,2.16,2.67,21.0,0,Invisible Product
6665.0,0.0394,344.09,55.05,0.0436,0.0268,3.31,646.0,1.48,2.0,36.0,0,Invisible Product
6084.0,0.001,452.88,82.72,0.1008,0.0583,2.37,837.0,1.17,4.21,443.0,2,Attract but Don't Convert
21626.0,0.0479,238.85,44.39,0.0582,0.0349,6.22,454.0,2.49,3.74,123.0,3,Low Engagement Product
37538.0,0.2231,462.85,73.02,0.0245,0.006,9.1,830.0,9.25,2.26,820.0,4,Trust Issue Product
18674.0,0.038,63.71,21.29,0.0812,0.0349,2.33,118.0,3.38,3.47,4.0,3,Low Engagement Product
9284.0,0.0697,378.58,65.7,0.0876,0.0516,7.19,635.0,5.24,4.41,83.0,2,Attract but Don't Convert
19196.0,0.0755,209.15,45.17,0.0906,0.0463,6.74,391.0,1.32,4.35,134.0,3,Low Engagement Product
2292.0,0.0358,349.85,58.87,0.0094,0.0044,2.67,582.0,3.81,2.63,22.0,0,Invisible Product
34116.0,0.0996,205.5,46.27,0.1308,0.0828,7.53,381.0,5.65,4.34,221.0,1,High Performer
11346.0,0.001,112.11,23.03,0.0681,0.0297,1.34,131.0,1.39,3.29,15.0,3,Low Engagement Product
45658.0,0.0868,258.7,44.99,0.1052,0.0632,8.21,472.0,4.48,3.49,202.0,3,Low Engagement Product
18481.0,0.0523,419.11,73.31,0.0094,0.0067,3.53,775.0,3.53,1.6,4.0,0,Invisible Product
36555.0,0.1031,136.04,28.96,0.0763,0.0464,5.9,188.0,8.12,3.2,85.0,3,Low Engagement Product
26827.0,0.1088,324.83,54.19,0.0994,0.0664,7.73,603.0,5.78,4.02,236.0,2,Attract but Don't Convert
4118.0,0.0513,70.93,19.8,0.0438,0.0194,2.41,158.0,3.89,1.8,36.0,0,Invisible Product
11402.0,0.1096,450.78,80.35,0.0888,0.0558,7.54,867.0,9.79,3.66,349.0,2,Attract but Don't Convert
2070.0,0.1006,144.89,33.44,0.0703,0.0438,4.36,250.0,4.56,4.4,341.0,3,Low Engagement Product
41257.0,0.0917,193.57,30.52,0.1011,0.061,7.53,258.0,5.12,4.28,149.0,3,Low Engagement Product
27302.0,0.1154,165.06,33.05,0.0869,0.0679,9.04,272.0,9.95,4.61,971.0,1,High Performer
31210.0,0.001,260.91,33.97,0.0259,0.0075,2.6,455.0,1.6,1.91,43.0,0,Invisible Product
17686.0,0.044,496.69,93.04,0.0926,0.0631,3.15,938.0,2.52,4.39,176.0,2,Attract but Don't Convert
24619.0,0.0285,324.36,60.28,0.0577,0.024,2.33,580.0,3.94,3.1,38.0,0,Invisible Product
31373.0,0.0516,225.74,48.92,0.0763,0.0478,4.36,441.0,1.0,3.85,422.0,3,Low Engagement Product
22051.0,0.0936,177.26,38.97,0.1076,0.0597,7.74,322.0,4.61,3.79,195.0,3,Low Engagement Product
15474.0,0.1236,88.75,20.93,0.0398,0.0202,2.11,91.0,3.87,1.53,2.0,0,Invisible Product
5888.0,0.0418,166.54,39.52,0.0817,0.0443,6.4,282.0,2.54,4.27,332.0,3,Low Engagement Product
5508.0,0.064,454.47,83.83,0.0713,0.0253,3.39,853.0,2.33,3.37,25.0,2,Attract but Don't Convert
25153.0,0.0973,150.1,31.42,0.0629,0.034,7.41,241.0,8.47,3.77,336.0,3,Low Engagement Product
9546.0,0.1156,91.76,21.71,0.1018,0.0602,8.24,96.0,4.95,4.35,224.0,3,Low Engagement Product
1022.0,0.0907,57.68,17.87,0.0845,0.0408,6.07,81.0,2.22,3.05,86.0,3,Low Engagement Product
33287.0,0.124,277.0,45.4,0.1116,0.0781,8.63,490.0,8.82,4.65,971.0,1,High Performer
10889.0,0.0755,74.94,21.54,0.079,0.0413,7.29,176.0,4.72,3.54,84.0,3,Low Engagement Product
32284.0,0.0528,410.26,73.9,0.1024,0.0588,2.28,825.0,5.17,4.25,418.0,2,Attract but Don't Convert
1220.0,0.0775,97.03,20.67,0.063,0.0328,7.82,144.0,4.49,3.31,125.0,3,Low Engagement Product
44128.0,0.1539,387.9,69.61,0.1124,0.0855,9.0,760.0,7.23,4.81,626.0,1,High Performer
32254.0,0.103,485.17,73.91,0.1102,0.0679,5.52,871.0,8.74,3.6,349.0,2,Attract but Don't Convert
17434.0,0.1139,98.64,25.45,0.0658,0.0286,7.83,180.0,6.18,3.02,58.0,3,Low Engagement Product
2436.0,0.1488,307.44,58.49,0.125,0.0935,9.8,560.0,8.79,4.9,971.0,1,High Performer
38241.0,0.158,368.55,59.27,0.1263,0.1066,9.79,645.0,8.9,4.89,965.0,1,High Performer
2343.0,0.0905,344.87,57.18,0.0629,0.0389,8.28,610.0,4.99,3.45,328.0,2,Attract but Don't Convert
19129.0,0.1072,296.11,58.09,0.094,0.0552,6.22,554.0,6.03,3.48,248.0,2,Attract but Don't Convert
32365.0,0.1535,84.7,20.95,0.0957,0.0745,8.29,125.0,8.7,4.63,971.0,1,High Performer
37480.0,0.1279,114.49,26.41,0.1119,0.0866,9.49,150.0,7.98,4.52,971.0,1,High Performer
46814.0,0.1717,234.14,43.76,0.0142,0.0083,3.87,376.0,2.4,3.02,7.0,4,Trust Issue Product
43972.0,0.2274875,411.94,62.36,0.0191,0.012,3.77,704.0,3.17,3.11,292.0,4,Trust Issue Product
46297.0,0.0619,443.6,74.73,0.0891,0.0573,5.41,795.0,2.38,4.02,463.0,2,Attract but Don't Convert
23810.0,0.0564,480.21,82.84,0.0724,0.0297,3.87,873.0,3.64,3.22,20.0,2,Attract but Don't Convert
29586.0,0.1463,488.85,78.84,0.1161,0.0747,9.3,904.0,8.4,4.8,240.0,1,High Performer
6471.0,0.1003,440.42,69.45,0.0728,0.0482,1.99,816.0,7.57,3.67,207.0,2,Attract but Don't Convert
6459.0,0.0426,33.08,11.59,0.0235,0.0132,2.76,21.0,3.51,2.13,17.0,0,Invisible Product
40731.0,0.1517,165.97,19.67,0.0189,0.0068,9.38,252.0,1.79,3.35,496.0,4,Trust Issue Product
36096.0,0.0453,219.27,24.44,0.0729,0.0301,2.63,388.0,3.21,2.31,4.0,0,Invisible Product
20203.0,0.0568,178.93,34.6,0.0872,0.033,3.37,270.0,2.54,3.49,5.0,3,Low Engagement Product
14482.0,0.1094,526.95,83.4,0.106,0.0724,8.61,965.0,7.59,4.31,971.0,1,High Performer
18855.0,0.0358,465.4,76.65,0.0569,0.027,1.73,852.0,3.71,3.18,26.0,2,Attract but Don't Convert
35759.0,0.0558,81.05,21.37,0.0745,0.028,3.52,127.0,1.03,3.26,21.0,3,Low Engagement Product
3856.0,0.0651,175.73,33.4,0.0627,0.0321,7.98,295.0,5.93,3.64,370.0,3,Low Engagement Product
20709.0,0.0491,151.18,22.09,0.0457,0.0248,3.61,199.0,1.08,2.46,21.0,0,Invisible Product
48638.0,0.1244,367.86,79.32,0.1147,0.0772,8.37,744.0,7.2,4.76,900.0,1,High Performer
16578.0,0.0862,189.8,34.57,0.0453,0.0238,4.73,312.0,2.34,3.65,67.0,3,Low Engagement Product
35542.0,0.1048,346.64,72.02,0.1244,0.0735,6.84,603.0,4.45,3.97,131.0,2,Attract but Don't Convert
39766.0,0.1522,445.69,70.42,0.0787,0.0541,9.91,814.0,9.92,4.51,971.0,1,High Performer
10247.0,0.0146,168.39,23.64,0.1209,0.0736,1.0,194.0,4.34,4.08,131.0,3,Low Engagement Product
33661.0,0.0876,68.76,21.48,0.0774,0.0508,5.36,142.0,7.87,4.27,274.0,3,Low Engagement Product
34984.0,0.0862,129.33,30.05,0.0742,0.0613,5.52,246.0,6.58,4.13,222.0,3,Low Engagement Product
5879.0,0.1982,494.15,88.63,0.0308,0.0187,6.02,921.0,9.78,3.42,475.0,4,Trust Issue Product
12398.0,0.1273,280.14,35.39,0.0808,0.0581,8.52,463.0,6.32,3.84,394.0,1,High Performer
14253.0,0.1117,447.15,84.2,0.0815,0.0394,8.83,832.0,8.18,4.12,109.0,2,Attract but Don't Convert
43979.0,0.1046,279.86,36.39,0.0723,0.0361,6.49,447.0,6.38,3.46,251.0,3,Low Engagement Product
10889.0,0.0345,69.46,14.27,0.0731,0.0395,2.54,102.0,3.29,3.39,37.0,3,Low Engagement Product
44265.0,0.0397,416.54,72.98,0.0539,0.0268,6.02,784.0,1.0,3.39,251.0,2,Attract but Don't Convert
13099.0,0.14,383.75,66.21,0.1161,0.0617,10.0,677.0,6.99,4.26,85.0,2,Attract but Don't Convert
914.0,0.0307,348.43,61.08,0.1128,0.0756,3.47,651.0,1.0,4.08,202.0,2,Attract but Don't Convert
49597.0,0.0662,90.74,14.33,0.0477,0.0326,4.13,84.0,7.8,4.0,357.0,3,Low Engagement Product
10641.0,0.2274875,193.9,34.04,0.0185,0.0125,7.23,300.0,6.88,2.76,417.0,4,Trust Issue Product
25038.0,0.033,428.67,73.13,0.0731,0.0331,1.67,814.0,2.33,2.72,37.0,0,Invisible Product
2543.0,0.0332,240.99,48.22,0.0694,0.0334,3.21,410.0,2.19,3.05,42.0,0,Invisible Product
10557.0,0.097,243.94,49.22,0.0873,0.0348,3.98,447.0,4.97,4.45,28.0,3,Low Engagement Product
10480.0,0.1129,330.65,63.19,0.0771,0.0396,9.52,637.0,2.69,3.12,131.0,2,Attract but Don't Convert
7883.0,0.0832,494.17,90.63,0.1114,0.0615,4.42,944.0,6.35,4.26,151.0,2,Attract but Don't Convert
44341.0,0.0651,441.91,78.22,0.125,0.0755,6.68,831.0,6.57,3.32,407.0,2,Attract but Don't Convert
17468.0,0.0974,95.23,18.89,0.1253,0.0663,8.63,126.0,1.39,3.59,227.0,3,Low Engagement Product
15428.0,0.2274875,311.33,47.32,0.037,0.016,5.12,567.0,2.94,2.65,345.0,4,Trust Issue Product
26315.0,0.2274875,333.9,73.56,0.0395,0.0136,4.76,678.0,4.91,2.76,353.0,4,Trust Issue Product
33695.0,0.0895,190.32,38.09,0.0869,0.0518,4.89,281.0,7.85,3.82,169.0,3,Low Engagement Product
27406.0,0.0012,465.95,79.15,0.083,0.0423,1.1,940.0,2.52,2.8,26.0,2,Attract but Don't Convert
20015.0,0.0775,122.78,27.9,0.0717,0.0345,8.12,178.0,1.0,3.28,271.0,3,Low Engagement Product
40015.0,0.0367,157.18,35.02,0.0476,0.0181,3.21,284.0,3.93,2.95,44.0,0,Invisible Product
37319.0,0.1942,276.42,44.24,0.0124,0.0115,7.11,487.0,8.62,3.1,205.0,4,Trust Issue Product
15443.0,0.0493,136.02,34.61,0.0581,0.0284,6.06,221.0,3.0,3.05,122.0,3,Low Engagement Product
46503.0,0.0763,512.95,86.99,0.1089,0.0682,8.58,952.0,2.81,4.08,359.0,2,Attract but Don't Convert
38827.0,0.0379,127.41,18.18,0.1034,0.0473,2.35,174.0,1.73,2.59,45.0,3,Low Engagement Product
226.0,0.0355,66.76,10.0,0.0781,0.0336,2.91,32.0,1.49,2.82,48.0,3,Low Engagement Product
27732.0,0.1414,203.46,37.36,0.1261,0.0908,7.85,316.0,9.35,4.65,971.0,1,High Performer
41663.0,0.1069,488.33,78.43,0.1105,0.0591,5.74,915.0,6.65,3.76,262.0,2,Attract but Don't Convert
44509.0,0.1145,475.36,74.56,0.0914,0.0465,8.87,853.0,2.85,3.54,288.0,2,Attract but Don't Convert
20630.0,0.0838,278.32,53.48,0.0689,0.0217,8.77,517.0,2.41,3.43,28.0,2,Attract but Don't Convert
40064.0,0.1225,371.62,55.98,0.0909,0.0556,9.11,616.0,4.0,4.23,226.0,2,Attract but Don't Convert
44427.0,0.0666,423.61,72.53,0.1124,0.0682,1.04,811.0,8.7,4.19,226.0,2,Attract but Don't Convert
3468.0,0.1187,152.6,27.17,0.1024,0.0613,7.44,264.0,6.31,4.24,139.0,3,Low Engagement Product
3897.0,0.1241,153.16,38.88,0.0593,0.0362,7.08,319.0,6.47,3.33,211.0,3,Low Engagement Product
47982.0,0.1601,207.15,46.67,0.1238,0.0847,8.38,381.0,9.98,4.08,971.0,1,High Performer
13818.0,0.0388,211.16,31.31,0.074,0.0405,6.44,373.0,2.63,4.28,434.0,3,Low Engagement Product
34660.0,0.0612,448.05,72.84,0.0726,0.0449,8.16,847.0,8.39,4.45,518.0,2,Attract but Don't Convert
11153.0,0.0977,333.66,41.97,0.0818,0.0449,8.57,540.0,2.98,4.48,190.0,2,Attract but Don't Convert
22216.0,0.0271,244.2,43.03,0.0506,0.0153,1.9,405.0,1.71,2.09,32.0,0,Invisible Product
36344.0,0.1482,437.78,73.26,0.124,0.0947,9.77,778.0,9.25,4.49,971.0,1,High Performer
36285.0,0.1301,195.5,31.73,0.1112,0.0842,8.0,331.0,9.1,4.65,971.0,1,High Performer
1745.0,0.1216,232.48,42.46,0.0946,0.064,9.9,433.0,7.22,4.68,971.0,1,High Performer
47623.0,0.2028,222.08,36.05,0.0219,0.0124,1.79,297.0,1.6,2.03,41.0,4,Trust Issue Product
19356.0,0.1354,412.48,79.28,0.1128,0.0695,9.61,769.0,7.54,4.19,364.0,1,High Performer
35940.0,0.0321,409.89,65.02,0.0352,0.0095,1.92,734.0,2.63,1.69,30.0,0,Invisible Product
34722.0,0.0303,400.05,72.79,0.0878,0.0556,2.97,778.0,1.0,3.9,420.0,2,Attract but Don't Convert
37530.0,0.1044,389.59,74.01,0.0691,0.0409,6.14,766.0,6.14,3.07,117.0,2,Attract but Don't Convert
39382.0,0.1253,365.92,67.95,0.0992,0.0659,8.86,612.0,9.42,4.03,971.0,1,High Performer
2808.0,0.0411,226.15,42.01,0.093,0.0529,7.44,375.0,1.0,4.05,401.0,3,Low Engagement Product
11794.0,0.2009,297.55,63.07,0.0191,0.0106,6.21,544.0,2.17,2.26,114.0,4,Trust Issue Product
9624.0,0.0751,455.23,71.43,0.0969,0.0506,7.51,858.0,3.86,4.07,52.0,2,Attract but Don't Convert
31980.0,0.158,26.8,14.86,0.0737,0.0191,10.0,35.0,7.11,3.28,298.0,3,Low Engagement Product
39324.0,0.0939,50.78,13.77,0.0911,0.0528,7.6,64.0,4.56,3.91,436.0,3,Low Engagement Product
37080.0,0.0864,208.51,37.08,0.0658,0.0383,7.95,340.0,5.37,3.81,220.0,3,Low Engagement Product
32509.0,0.1771,365.91,57.52,0.0206,0.0048,5.74,670.0,4.11,3.36,128.0,4,Trust Issue Product
13324.0,0.0612,217.56,43.71,0.1129,0.0686,3.23,345.0,7.72,4.09,423.0,3,Low Engagement Product
40838.0,0.0541,58.69,26.27,0.0878,0.048,1.4,167.0,6.3,3.82,299.0,3,Low Engagement Product
25250.0,0.0696,220.49,40.99,0.099,0.0516,4.96,374.0,5.41,3.48,343.0,3,Low Engagement Product
49788.0,0.001,173.1,21.83,0.0369,0.0222,1.0,255.0,2.14,3.46,365.0,0,Invisible Product
34493.0,0.1143,346.88,72.33,0.0728,0.0443,7.03,722.0,5.3,4.04,29.0,2,Attract but Don't Convert
43182.0,0.1187,325.32,57.24,0.1137,0.0775,8.22,632.0,8.6,4.79,971.0,1,High Performer
8073.0,0.0769,63.08,16.0,0.0711,0.0488,3.37,124.0,6.99,4.0,480.0,3,Low Engagement Product
8677.0,0.0845,302.43,41.9,0.0526,0.0308,6.26,493.0,3.15,3.63,327.0,3,Low Engagement Product
8170.0,0.1404,421.94,70.81,0.0921,0.0503,9.9,781.0,7.89,4.98,971.0,1,High Performer
8766.0,0.0381,240.32,40.43,0.0491,0.0185,1.74,415.0,3.13,2.59,27.0,0,Invisible Product
36468.0,0.1017,285.19,53.91,0.089,0.0693,7.42,465.0,6.79,3.53,472.0,1,High Performer
6883.0,0.0857,340.28,54.98,0.1215,0.0418,4.6,625.0,4.88,3.93,11.0,2,Attract but Don't Convert
46094.0,0.0415,136.5,25.53,0.0293,0.0177,3.31,239.0,2.24,2.31,29.0,0,Invisible Product
42014.0,0.1302,447.92,73.37,0.0918,0.0732,7.64,829.0,9.34,4.94,971.0,1,High Performer
5071.0,0.0721,473.6,75.51,0.0431,0.0149,3.01,870.0,3.63,3.25,33.0,2,Attract but Don't Convert
13590.0,0.1018,499.38,82.08,0.091,0.0523,6.43,984.0,4.03,3.47,225.0,2,Attract but Don't Convert
45819.0,0.0417,291.83,50.13,0.0956,0.0564,3.14,461.0,1.71,4.44,97.0,3,Low Engagement Product
45180.0,0.072,324.14,62.25,0.0658,0.0382,7.13,664.0,2.19,3.89,262.0,2,Attract but Don't Convert
2090.0,0.0517,482.53,78.66,0.0422,0.0168,3.53,892.0,1.62,2.68,44.0,0,Invisible Product
5399.0,0.0431,406.47,61.62,0.0796,0.0441,3.13,686.0,3.29,3.89,232.0,2,Attract but Don't Convert
45865.0,0.0518,55.92,14.39,0.0679,0.0373,4.84,47.0,2.72,3.2,217.0,3,Low Engagement Product
20056.0,0.1107,395.4,71.82,0.0686,0.0403,4.92,813.0,10.0,3.91,127.0,2,Attract but Don't Convert
22459.0,0.1157,306.73,49.18,0.084,0.0467,8.14,494.0,10.0,3.44,77.0,2,Attract but Don't Convert
46340.0,0.1432,343.88,64.15,0.0604,0.0333,6.35,647.0,6.45,3.68,235.0,2,Attract but Don't Convert
37248.0,0.1197,207.62,37.64,0.103,0.0736,9.5,324.0,7.53,4.5,817.0,1,High Performer
28834.0,0.1717,420.88,78.39,0.018,0.0014,9.3,765.0,2.97,2.29,88.0,4,Trust Issue Product
4857.0,0.0693,241.68,48.81,0.0893,0.0437,7.25,424.0,2.04,3.72,348.0,3,Low Engagement Product
19197.0,0.0655,254.82,54.21,0.0806,0.0295,3.59,532.0,3.31,2.49,16.0,0,Invisible Product
10495.0,0.0515,298.64,53.59,0.082,0.0418,2.89,521.0,5.0,4.21,156.0,2,Attract but Don't Convert
16341.0,0.0466,228.26,49.16,0.0403,0.0154,2.71,367.0,2.93,1.78,34.0,0,Invisible Product
38456.0,0.0912,127.48,26.73,0.0601,0.0461,7.31,259.0,7.12,4.53,971.0,1,High Performer
27796.0,0.2221,357.99,59.61,0.0215,0.0103,7.99,589.0,9.46,2.34,181.0,4,Trust Issue Product
5044.0,0.1095,455.28,74.97,0.0367,0.0175,7.21,866.0,5.62,3.15,377.0,2,Attract but Don't Convert
46263.0,0.0372,423.33,71.29,0.0671,0.0268,7.61,714.0,1.12,3.25,44.0,2,Attract but Don't Convert
19916.0,0.0616,221.34,41.67,0.0199,0.0138,2.78,356.0,5.39,3.24,157.0,0,Invisible Product
49940.0,0.0027,52.97,12.37,0.0469,0.0265,2.4,45.0,1.67,3.16,35.0,3,Low Engagement Product
37111.0,0.0459,531.6,96.41,0.1238,0.0779,5.68,999.0,2.57,4.23,368.0,2,Attract but Don't Convert
25017.0,0.111,263.7,44.54,0.0975,0.0488,10.0,428.0,2.34,3.18,306.0,3,Low Engagement Product
31295.0,0.0792,108.56,19.36,0.1185,0.0922,9.5,96.0,7.69,4.54,971.0,1,High Performer
21666.0,0.1316,484.56,77.76,0.0984,0.0515,4.75,948.0,10.0,4.46,131.0,2,Attract but Don't Convert
10016.0,0.1411,136.03,40.14,0.1327,0.0803,9.45,236.0,8.36,4.28,460.0,1,High Performer
20906.0,0.03,236.66,32.6,0.0309,0.0133,2.39,347.0,1.82,1.14,5.0,0,Invisible Product
10084.0,0.0878,440.36,72.26,0.1117,0.065,2.02,856.0,7.35,4.45,422.0,2,Attract but Don't Convert
1859.0,0.1905,426.94,76.55,0.0142,0.0017,6.82,793.0,4.64,3.41,408.0,4,Trust Issue Product
42049.0,0.0295,37.25,14.22,0.1141,0.0817,5.38,42.0,2.1,4.47,477.0,3,Low Engagement Product
26938.0,0.086,432.28,64.34,0.0718,0.0247,5.95,775.0,1.0,3.22,41.0,2,Attract but Don't Convert
2582.0,0.0566,325.23,60.83,0.0809,0.0358,3.7,689.0,1.27,3.25,44.0,2,Attract but Don't Convert
24542.0,0.0734,413.19,66.94,0.1151,0.0736,3.81,737.0,7.86,3.99,150.0,2,Attract but Don't Convert
33819.0,0.1331,217.71,32.6,0.1193,0.0771,7.43,329.0,8.91,4.68,185.0,1,High Performer
28065.0,0.014,352.15,60.42,0.0697,0.0239,3.55,618.0,1.29,2.63,28.0,0,Invisible Product
2179.0,0.1284,156.37,37.53,0.1281,0.0893,9.2,286.0,9.23,4.48,666.0,1,High Performer
2817.0,0.0107,176.13,55.71,0.1237,0.0743,2.38,434.0,4.66,3.6,400.0,3,Low Engagement Product
28052.0,0.0537,348.95,55.55,0.0686,0.0371,6.97,665.0,3.8,4.1,387.0,2,Attract but Don't Convert
21008.0,0.0494,186.04,32.55,0.0912,0.0549,2.41,286.0,3.15,3.61,319.0,3,Low Engagement Product
42560.0,0.0544,205.51,38.58,0.0861,0.0457,4.68,352.0,1.32,3.57,25.0,3,Low Engagement Product
24961.0,0.1638,447.08,74.28,0.0184,0.0174,8.74,799.0,8.46,2.44,863.0,4,Trust Issue Product
7411.0,0.0429,260.08,48.52,0.0208,0.0098,1.96,469.0,2.05,1.47,22.0,0,Invisible Product
28171.0,0.0834,316.56,57.14,0.1285,0.084,6.91,584.0,3.89,4.36,275.0,2,Attract but Don't Convert
23670.0,0.1825,377.0,66.21,0.0324,0.011,8.63,630.0,9.55,2.44,258.0,4,Trust Issue Product
18549.0,0.1499,149.19,33.22,0.069,0.049,7.12,266.0,10.0,4.11,193.0,3,Low Engagement Product
33636.0,0.1266,70.43,10.0,0.0971,0.0666,9.02,55.0,7.2,4.78,953.0,1,High Performer
38358.0,0.0636,255.68,37.01,0.0502,0.0257,5.26,420.0,4.38,3.97,203.0,3,Low Engagement Product
48402.0,0.0315,100.93,18.3,0.0514,0.0191,2.75,47.0,1.84,3.26,13.0,3,Low Engagement Product
28965.0,0.0756,182.61,31.58,0.0662,0.0352,5.68,239.0,6.63,3.99,175.0,3,Low Engagement Product
6745.0,0.1214,253.48,42.62,0.0843,0.0357,4.77,425.0,9.16,3.52,62.0,3,Low Engagement Product
38100.0,0.0361,360.69,63.0,0.1001,0.0487,3.94,633.0,5.16,3.38,91.0,2,Attract but Don't Convert
26837.0,0.0349,452.24,76.58,0.028,0.0175,2.4,794.0,2.68,1.82,8.0,0,Invisible Product
11585.0,0.1493,162.17,38.25,0.131,0.073,9.66,290.0,8.74,4.94,75.0,1,High Performer
38665.0,0.1142,442.73,69.24,0.113,0.0553,10.0,755.0,7.94,4.33,43.0,2,Attract but Don't Convert
25622.0,0.0491,364.38,67.58,0.0212,0.0184,3.72,670.0,6.55,3.04,350.0,0,Invisible Product
12442.0,0.001,449.13,74.24,0.0175,0.0001,1.68,811.0,1.24,1.42,14.0,0,Invisible Product
40906.0,0.0357,302.23,45.03,0.032,0.0164,2.88,530.0,2.64,1.8,37.0,0,Invisible Product
48870.0,0.0176,505.86,90.5,0.0774,0.0333,3.02,982.0,2.38,3.4,24.0,2,Attract but Don't Convert
13187.0,0.0718,174.88,40.73,0.0762,0.034,3.48,305.0,3.76,2.88,19.0,3,Low Engagement Product
37741.0,0.0364,250.55,51.74,0.0754,0.0389,5.97,473.0,3.03,3.26,94.0,3,Low Engagement Product
34349.0,0.1332,424.89,78.48,0.0782,0.0573,7.12,781.0,9.23,4.14,562.0,1,High Performer
10193.0,0.0867,425.86,79.12,0.06,0.0274,5.49,853.0,9.54,3.2,394.0,2,Attract but Don't Convert
47290.0,0.0172,178.22,32.66,0.0601,0.0302,1.27,336.0,5.06,4.42,216.0,3,Low Engagement Product
16538.0,0.0676,325.63,59.69,0.0682,0.0367,7.42,609.0,4.8,3.01,211.0,2,Attract but Don't Convert
40511.0,0.0473,184.85,33.41,0.0632,0.0236,1.11,316.0,2.34,3.29,42.0,0,Invisible Product
26499.0,0.0467,237.62,40.2,0.0756,0.0394,6.91,357.0,2.53,3.01,68.0,3,Low Engagement Product
19946.0,0.1494,212.9,36.37,0.0957,0.0557,10.0,326.0,6.88,3.34,364.0,1,High Performer
15808.0,0.0451,251.15,50.91,0.0328,0.0139,2.38,447.0,3.09,1.75,21.0,0,Invisible Product
44139.0,0.2274875,251.29,32.68,0.0203,0.006,8.29,370.0,7.81,3.39,34.0,4,Trust Issue Product
45468.0,0.0513,301.71,40.71,0.0776,0.0469,8.48,530.0,1.17,3.84,425.0,3,Low Engagement Product
11098.0,0.0915,315.48,53.91,0.0757,0.038,1.0,544.0,6.13,4.44,40.0,2,Attract but Don't Convert
47163.0,0.0728,430.68,78.38,0.0652,0.0421,6.85,877.0,4.42,3.7,83.0,2,Attract but Don't Convert
30778.0,0.0297,266.67,48.28,0.001,0.0001,2.06,511.0,3.46,1.21,6.0,0,Invisible Product
10782.0,0.1885,514.45,80.63,0.0162,0.0048,3.64,927.0,6.93,2.56,390.0,4,Trust Issue Product
49248.0,0.063,349.6,58.86,0.0426,0.0218,2.03,613.0,2.03,2.41,17.0,0,Invisible Product
8619.0,0.0837,79.9,14.3,0.071,0.0267,5.37,28.0,6.17,4.23,12.0,3,Low Engagement Product
31580.0,0.1491,322.35,54.03,0.1217,0.0912,7.67,516.0,9.05,4.52,540.0,1,High Performer
19794.0,0.1026,391.39,55.28,0.1165,0.0826,7.23,744.0,8.09,4.79,971.0,1,High Performer
3400.0,0.107,342.52,55.8,0.0933,0.0627,5.97,579.0,2.3,3.58,351.0,2,Attract but Don't Convert
6822.0,0.0899,300.35,47.49,0.1115,0.0787,7.8,580.0,7.69,4.43,971.0,1,High Performer
40086.0,0.0846,418.24,81.65,0.0727,0.0342,7.57,840.0,6.15,3.21,111.0,2,Attract but Don't Convert
24260.0,0.1303,265.88,49.83,0.0966,0.066,6.89,459.0,6.98,4.19,203.0,1,High Performer
20159.0,0.1857,330.81,50.35,0.0133,0.0053,2.55,571.0,4.02,2.74,224.0,4,Trust Issue Product
35922.0,0.1026,483.69,81.96,0.0898,0.0408,4.52,894.0,5.49,3.31,130.0,2,Attract but Don't Convert
13675.0,0.1013,454.62,64.86,0.1232,0.0869,7.18,811.0,7.57,4.63,815.0,1,High Performer
8070.0,0.1129,396.87,72.74,0.0895,0.0583,7.47,757.0,5.83,3.95,434.0,2,Attract but Don't Convert
35011.0,0.0266,543.88,91.22,0.046,0.0247,3.34,987.0,2.05,3.15,369.0,2,Attract but Don't Convert
21691.0,0.0349,83.1,23.95,0.0524,0.0186,2.34,127.0,2.51,2.21,16.0,0,Invisible Product
31921.0,0.0101,209.78,34.23,0.0455,0.0165,1.81,264.0,2.95,2.8,13.0,0,Invisible Product
9603.0,0.0299,184.12,29.23,0.0632,0.0282,2.01,274.0,2.1,2.36,25.0,0,Invisible Product
48017.0,0.0275,87.55,10.0,0.0483,0.0133,3.35,52.0,2.66,1.99,39.0,0,Invisible Product
19022.0,0.176,26.11,10.0,0.115,0.0457,9.86,42.0,8.08,4.82,971.0,1,High Performer
12275.0,0.1338,453.59,78.49,0.095,0.0711,9.48,864.0,9.22,4.47,517.0,1,High Performer
41224.0,0.0326,320.79,50.48,0.0435,0.0222,3.67,585.0,3.87,1.01,31.0,0,Invisible Product
21489.0,0.1382,426.77,75.47,0.1,0.0632,8.75,840.0,7.84,3.38,327.0,2,Attract but Don't Convert
47938.0,0.0632,96.29,13.71,0.0669,0.0323,3.81,68.0,7.84,3.59,190.0,3,Low Engagement Product
922.0,0.0347,271.63,54.07,0.0223,0.0172,1.02,481.0,1.26,2.17,28.0,0,Invisible Product
17427.0,0.0481,304.31,61.07,0.0803,0.0456,4.92,609.0,2.98,3.59,353.0,2,Attract but Don't Convert
47157.0,0.2274875,197.57,34.8,0.0204,0.0133,9.02,355.0,8.17,2.84,771.0,4,Trust Issue Product
6250.0,0.2274875,489.53,88.58,0.0293,0.0168,7.37,964.0,8.09,3.3,489.0,4,Trust Issue Product
4525.0,0.1186,233.4,42.26,0.1049,0.0711,9.46,377.0,7.04,4.18,971.0,1,High Performer
16132.0,0.0374,112.64,12.6,0.0134,0.0056,3.42,141.0,1.41,1.3,39.0,0,Invisible Product
2298.0,0.0754,274.45,57.42,0.0675,0.0454,7.36,463.0,4.46,4.01,386.0,2,Attract but Don't Convert
20179.0,0.0215,238.61,39.33,0.0869,0.0363,1.87,378.0,3.91,3.31,6.0,3,Low Engagement Product
36320.0,0.0248,384.44,55.18,0.0816,0.0343,1.15,621.0,2.05,3.3,8.0,0,Invisible Product
41974.0,0.1182,248.79,39.3,0.1053,0.0744,7.25,365.0,9.56,4.82,971.0,1,High Performer
13959.0,0.1132,127.04,22.37,0.123,0.0894,9.11,212.0,9.4,4.8,954.0,1,High Performer
31519.0,0.12,290.09,36.0,0.0868,0.0404,8.17,435.0,6.19,3.06,42.0,3,Low Engagement Product
8805.0,0.0346,223.99,44.5,0.0339,0.0055,2.58,396.0,2.07,3.01,11.0,0,Invisible Product
42980.0,0.0284,273.1,48.77,0.0712,0.0416,3.85,482.0,2.84,3.33,250.0,0,Invisible Product
23336.0,0.1862,418.92,73.31,0.0176,0.0079,1.01,775.0,1.83,2.12,2.0,4,Trust Issue Product
22519.0,0.0829,383.29,55.94,0.0963,0.059,6.26,680.0,5.18,3.92,100.0,2,Attract but Don't Convert
20078.0,0.0517,75.16,25.48,0.0343,0.0173,6.26,165.0,3.38,4.07,150.0,3,Low Engagement Product
37709.0,0.1048,279.0,48.62,0.0164,0.0056,2.54,497.0,2.99,1.37,31.0,0,Invisible Product
15458.0,0.2208,459.41,71.49,0.0227,0.0099,7.69,847.0,7.42,2.39,76.0,4,Trust Issue Product
34277.0,0.0873,450.8,78.17,0.069,0.0442,8.74,909.0,3.49,3.57,494.0,2,Attract but Don't Convert
29478.0,0.1662,331.93,71.62,0.1269,0.0763,7.6,672.0,8.06,4.39,247.0,1,High Performer
37434.0,0.031,226.99,41.97,0.0922,0.0441,1.45,427.0,1.47,2.41,32.0,0,Invisible Product
11482.0,0.0594,167.69,42.04,0.0576,0.0219,1.13,305.0,3.57,2.82,14.0,0,Invisible Product
14696.0,0.0403,489.36,78.57,0.0569,0.0236,1.66,917.0,3.47,3.26,8.0,2,Attract but Don't Convert
33672.0,0.1304,462.34,76.73,0.0846,0.0569,8.31,870.0,8.9,4.58,965.0,1,High Performer
13321.0,0.1027,118.48,18.32,0.1079,0.0673,7.23,130.0,8.75,4.12,971.0,1,High Performer
1379.0,0.1058,341.9,64.99,0.0842,0.0432,5.69,639.0,6.63,4.28,48.0,2,Attract but Don't Convert
46060.0,0.0599,471.77,83.08,0.0863,0.04,1.88,898.0,1.18,4.42,38.0,2,Attract but Don't Convert
7183.0,0.1064,456.08,75.8,0.0669,0.0313,2.83,812.0,7.15,3.92,114.0,2,Attract but Don't Convert
43961.0,0.0604,26.45,20.71,0.0743,0.0177,4.67,69.0,6.61,3.84,34.0,3,Low Engagement Product
17871.0,0.1509,81.97,15.67,0.0873,0.0526,7.87,33.0,7.29,4.32,791.0,3,Low Engagement Product
30075.0,0.0325,76.05,15.44,0.0283,0.0116,3.72,153.0,2.81,3.24,48.0,3,Low Engagement Product
45748.0,0.2274875,353.92,63.33,0.0386,0.0172,1.73,607.0,2.26,2.88,43.0,4,Trust Issue Product
48385.0,0.0211,354.38,53.85,0.0868,0.0427,2.07,615.0,3.1,3.49,16.0,0,Invisible Product
19163.0,0.0999,242.3,43.89,0.1195,0.0718,4.89,362.0,9.48,4.13,284.0,1,High Performer
2206.0,0.2274875,360.21,67.32,0.0266,0.0156,8.66,689.0,9.33,2.65,458.0,4,Trust Issue Product
24657.0,0.1604,183.34,37.24,0.026,0.0075,8.82,305.0,7.06,2.42,971.0,4,Trust Issue Product
48954.0,0.115,483.47,84.04,0.0981,0.061,7.59,953.0,8.43,4.04,971.0,1,High Performer
20707.0,0.1076,195.27,31.23,0.1165,0.0631,7.51,333.0,6.73,3.32,108.0,3,Low Engagement Product
37699.0,0.0267,340.45,59.24,0.0103,0.0002,2.34,625.0,2.55,1.39,27.0,0,Invisible Product
28629.0,0.1046,219.07,36.74,0.0673,0.0308,9.14,316.0,9.05,4.1,71.0,3,Low Engagement Product
36054.0,0.0675,353.25,62.87,0.0802,0.0318,7.72,625.0,1.97,3.73,25.0,2,Attract but Don't Convert
27956.0,0.1575,323.32,54.46,0.1202,0.0882,8.12,588.0,9.63,4.83,971.0,1,High Performer
2673.0,0.0855,120.56,21.27,0.0813,0.0449,4.1,183.0,10.0,3.67,81.0,3,Low Engagement Product
12908.0,0.102,446.32,76.49,0.0823,0.0541,7.19,851.0,8.75,4.97,971.0,1,High Performer
35467.0,0.204,283.22,55.27,0.0223,0.0212,6.29,516.0,5.13,2.61,208.0,4,Trust Issue Product
36901.0,0.108,346.14,51.3,0.0714,0.0353,7.7,629.0,10.0,3.17,94.0,2,Attract but Don't Convert
41296.0,0.1432,86.28,11.4,0.1119,0.0774,9.85,35.0,8.65,4.32,971.0,1,High Performer
34172.0,0.1271,219.54,35.57,0.1259,0.0791,8.37,363.0,7.4,4.11,490.0,1,High Performer
23852.0,0.0438,57.79,20.25,0.0634,0.0368,6.34,97.0,1.0,4.42,468.0,3,Low Engagement Product
17785.0,0.0703,264.66,44.56,0.0498,0.0296,8.36,365.0,3.01,3.86,227.0,3,Low Engagement Product
41501.0,0.2274875,96.19,10.0,0.0267,0.0114,9.43,91.0,8.12,3.45,441.0,4,Trust Issue Product
11472.0,0.0194,193.94,34.71,0.0233,0.0113,3.1,289.0,1.59,3.1,44.0,0,Invisible Product
9096.0,0.0911,178.68,38.9,0.0698,0.0378,4.96,306.0,5.67,3.43,453.0,3,Low Engagement Product
16558.0,0.0641,88.45,11.89,0.0811,0.0555,5.31,85.0,1.0,4.3,472.0,3,Low Engagement Product
31989.0,0.0241,485.59,86.76,0.059,0.0312,1.13,899.0,1.92,2.47,12.0,0,Invisible Product
26765.0,0.1769,46.31,11.99,0.0395,0.0139,9.0,87.0,8.1,2.03,194.0,4,Trust Issue Product
38343.0,0.0425,145.07,29.92,0.068,0.0294,1.84,212.0,3.62,2.7,46.0,0,Invisible Product
31753.0,0.0301,41.9,21.78,0.0319,0.0161,3.59,74.0,2.6,2.51,20.0,0,Invisible Product
26757.0,0.1141,535.46,86.13,0.0849,0.0724,7.06,999.0,7.68,4.91,971.0,1,High Performer
40052.0,0.0466,236.83,40.52,0.0685,0.0336,2.92,398.0,1.3,3.17,49.0,0,Invisible Product
22280.0,0.1117,508.25,95.01,0.1064,0.0754,9.1,993.0,7.04,4.65,971.0,1,High Performer
31996.0,0.1794,125.85,13.13,0.0176,0.0019,6.33,187.0,6.41,2.22,182.0,4,Trust Issue Product
12975.0,0.0396,255.89,46.67,0.0854,0.0382,3.05,428.0,3.53,2.59,46.0,0,Invisible Product
1722.0,0.066,283.25,61.15,0.0946,0.047,2.41,527.0,3.49,3.12,49.0,2,Attract but Don't Convert
48856.0,0.1733,317.14,39.58,0.1089,0.0714,5.67,556.0,10.0,4.13,445.0,1,High Performer
40909.0,0.1507,386.45,68.35,0.118,0.0651,9.34,662.0,9.01,4.34,50.0,1,High Performer
16825.0,0.0606,474.84,82.6,0.0961,0.0525,2.25,856.0,6.03,4.24,271.0,2,Attract but Don't Convert
40860.0,0.0816,84.3,19.41,0.0968,0.0515,8.95,121.0,4.52,3.25,453.0,3,Low Engagement Product
15746.0,0.0534,511.56,84.45,0.1009,0.0629,4.42,905.0,5.46,4.41,302.0,2,Attract but Don't Convert
17129.0,0.0397,451.56,76.27,0.0206,0.008,2.34,813.0,1.82,1.39,4.0,0,Invisible Product
29502.0,0.0861,440.12,73.44,0.0552,0.0308,6.14,827.0,7.41,3.08,319.0,2,Attract but Don't Convert
4363.0,0.1143,430.16,82.19,0.1075,0.0476,5.17,825.0,7.35,3.65,13.0,2,Attract but Don't Convert
31087.0,0.1269,262.87,45.25,0.0913,0.0481,9.58,441.0,8.95,4.11,487.0,1,High Performer
46928.0,0.1178,543.21,90.61,0.113,0.0562,9.17,983.0,2.74,3.15,476.0,2,Attract but Don't Convert
48024.0,0.0419,449.68,68.72,0.045,0.0235,3.1,794.0,3.58,3.15,184.0,0,Invisible Product
8746.0,0.0698,290.83,38.09,0.1194,0.0768,5.23,497.0,1.06,4.37,350.0,3,Low Engagement Product
27629.0,0.2274875,495.68,79.71,0.0383,0.0127,3.39,945.0,2.66,2.03,6.0,4,Trust Issue Product
11764.0,0.1478,110.86,30.27,0.1217,0.0928,7.52,139.0,9.94,4.94,957.0,1,High Performer
35837.0,0.1926,479.78,87.94,0.0145,0.0105,8.63,934.0,5.55,2.89,174.0,4,Trust Issue Product
35896.0,0.0263,416.8,68.8,0.0355,0.011,1.55,762.0,3.73,3.48,37.0,0,Invisible Product
24127.0,0.1383,220.97,37.66,0.1418,0.0849,7.62,310.0,8.12,4.92,257.0,1,High Performer
29473.0,0.0879,263.35,52.67,0.0785,0.0438,4.99,507.0,1.95,3.92,244.0,3,Low Engagement Product
36497.0,0.0256,108.93,15.4,0.0753,0.0354,2.32,180.0,3.76,2.65,36.0,3,Low Engagement Product
20709.0,0.1312,394.94,69.61,0.089,0.0601,7.41,692.0,8.81,4.45,475.0,1,High Performer
35935.0,0.0963,60.97,10.0,0.1041,0.0564,10.0,97.0,1.58,3.74,179.0,3,Low Engagement Product
38809.0,0.0568,89.19,11.42,0.0659,0.0347,3.66,57.0,3.47,3.44,18.0,3,Low Engagement Product
19350.0,0.0522,256.02,38.14,0.012,0.0114,2.13,413.0,1.01,1.55,40.0,0,Invisible Product
21272.0,0.1141,280.36,47.81,0.1192,0.0703,9.04,460.0,8.23,4.74,63.0,1,High Performer
11655.0,0.1332,332.26,55.77,0.1157,0.0758,7.72,559.0,7.11,4.17,185.0,1,High Performer
21974.0,0.1344,244.65,33.45,0.1249,0.0881,9.27,481.0,9.38,4.93,971.0,1,High Performer
13181.0,0.085,323.87,66.63,0.0884,0.0545,8.32,631.0,9.24,4.14,293.0,2,Attract but Don't Convert
24163.0,0.0121,212.9,35.35,0.0292,0.0127,4.51,313.0,1.0,3.15,237.0,0,Invisible Product
6919.0,0.0555,233.36,48.33,0.0456,0.0236,3.52,419.0,3.79,3.07,31.0,0,Invisible Product
25812.0,0.1035,356.05,62.57,0.0682,0.0314,5.66,655.0,4.89,3.59,198.0,2,Attract but Don't Convert
24862.0,0.071,512.16,85.76,0.0774,0.0465,4.28,936.0,2.31,3.77,455.0,2,Attract but Don't Convert
11146.0,0.1377,88.53,11.71,0.1186,0.0802,8.75,111.0,9.34,4.11,971.0,1,High Performer
31563.0,0.0042,444.61,68.99,0.0265,0.0139,2.48,786.0,1.12,1.42,42.0,0,Invisible Product
28869.0,0.0544,355.57,59.16,0.0467,0.0271,5.63,628.0,4.84,4.17,448.0,2,Attract but Don't Convert
23250.0,0.0929,38.54,15.48,0.0275,0.0082,5.13,25.0,6.14,3.5,430.0,3,Low Engagement Product
2811.0,0.0205,378.1,63.75,0.034,0.0136,1.47,700.0,1.38,2.29,2.0,0,Invisible Product
4953.0,0.0557,492.17,79.52,0.0847,0.0458,2.96,914.0,1.88,4.47,24.0,2,Attract but Don't Convert
29177.0,0.1025,182.8,28.68,0.1012,0.0661,7.52,290.0,7.03,4.19,971.0,1,High Performer
23963.0,0.0668,365.59,62.91,0.0597,0.0412,5.17,639.0,5.79,4.1,495.0,2,Attract but Don't Convert
21892.0,0.0414,492.31,82.98,0.0297,0.0132,3.58,918.0,2.68,2.66,38.0,0,Invisible Product
40583.0,0.0326,443.31,71.99,0.0653,0.0282,2.15,830.0,2.23,2.65,34.0,0,Invisible Product
9042.0,0.0764,315.4,55.27,0.1186,0.0735,8.39,578.0,7.22,4.22,971.0,1,High Performer
48375.0,0.1029,80.36,15.68,0.047,0.0329,6.21,118.0,6.25,3.8,263.0,3,Low Engagement Product
48694.0,0.1332,334.6,48.71,0.0945,0.0605,7.82,545.0,9.55,4.83,157.0,1,High Performer
1862.0,0.0666,119.04,19.05,0.0988,0.0503,5.36,213.0,1.0,3.5,68.0,3,Low Engagement Product
32087.0,0.1986,92.79,17.29,0.0133,0.0073,3.23,176.0,2.69,2.02,26.0,4,Trust Issue Product
15950.0,0.0994,507.33,83.26,0.0707,0.045,5.82,919.0,4.55,3.96,456.0,2,Attract but Don't Convert
12212.0,0.0653,382.13,54.67,0.0658,0.0328,2.44,685.0,1.78,1.8,37.0,0,Invisible Product
24158.0,0.0964,138.29,16.51,0.0907,0.0593,7.26,134.0,5.22,4.01,256.0,3,Low Engagement Product
45520.0,0.001,235.83,46.44,0.082,0.0367,2.41,415.0,2.79,3.43,47.0,0,Invisible Product
38990.0,0.052,423.92,78.03,0.0114,0.0109,3.14,789.0,1.5,1.02,7.0,0,Invisible Product
581.0,0.1334,351.53,65.93,0.0996,0.066,7.23,676.0,7.37,4.02,459.0,1,High Performer
47404.0,0.035,443.01,79.84,0.0578,0.044,4.28,822.0,1.0,3.88,307.0,2,Attract but Don't Convert
33021.0,0.0231,265.82,53.38,0.0634,0.038,4.17,541.0,4.29,3.6,381.0,2,Attract but Don't Convert
40485.0,0.0619,441.74,76.66,0.0513,0.0211,3.44,899.0,2.04,2.55,18.0,0,Invisible Product
1624.0,0.1296,135.63,32.07,0.1142,0.0816,8.51,233.0,8.82,4.92,971.0,1,High Performer
34988.0,0.0122,413.33,73.55,0.1127,0.0409,2.46,764.0,2.72,3.17,29.0,2,Attract but Don't Convert
15148.0,0.1119,369.26,63.46,0.1467,0.1046,7.33,702.0,8.3,4.22,971.0,1,High Performer
35211.0,0.1131,294.43,51.05,0.0928,0.0543,7.84,552.0,7.26,4.46,174.0,2,Attract but Don't Convert
38004.0,0.1175,16.83,12.49,0.1304,0.0476,7.57,34.0,8.81,4.45,971.0,1,High Performer
34108.0,0.0134,261.63,50.71,0.0437,0.0169,1.59,438.0,1.54,3.23,47.0,0,Invisible Product
160.0,0.087,209.25,39.08,0.1012,0.0628,5.23,387.0,3.83,4.22,168.0,3,Low Engagement Product
9230.0,0.1648,391.69,47.36,0.0863,0.0595,8.66,657.0,9.71,4.18,461.0,1,High Performer
18123.0,0.0917,464.62,81.93,0.0562,0.0332,3.37,872.0,3.72,2.8,39.0,2,Attract but Don't Convert
45180.0,0.0173,444.97,74.21,0.1037,0.0506,2.75,872.0,2.23,2.44,9.0,2,Attract but Don't Convert
13450.0,0.0633,99.89,30.79,0.0415,0.0202,3.19,232.0,1.78,2.14,29.0,0,Invisible Product
24454.0,0.0727,364.94,69.55,0.062,0.0442,5.35,719.0,3.83,3.39,271.0,2,Attract but Don't Convert
45286.0,0.122,380.23,73.93,0.0893,0.0685,7.23,703.0,8.03,4.85,971.0,1,High Performer
28245.0,0.1142,371.47,71.74,0.0748,0.0457,5.61,778.0,6.38,3.94,284.0,2,Attract but Don't Convert
34120.0,0.0359,26.15,14.4,0.0176,0.0007,1.9,24.0,3.03,2.12,8.0,0,Invisible Product
20687.0,0.0915,144.36,30.67,0.0878,0.0489,6.87,250.0,5.82,3.71,175.0,3,Low Engagement Product
41231.0,0.0834,125.2,31.99,0.0992,0.0558,2.98,220.0,10.0,4.34,131.0,3,Low Engagement Product
9750.0,0.0072,470.31,64.57,0.0487,0.015,2.65,904.0,1.41,2.06,47.0,0,Invisible Product
20033.0,0.0579,231.19,40.29,0.0833,0.0435,6.01,421.0,3.4,3.89,472.0,3,Low Engagement Product
20681.0,0.08,98.3,22.21,0.0823,0.0527,4.89,168.0,5.33,4.28,426.0,3,Low Engagement Product
23493.0,0.1064,360.9,58.47,0.0861,0.05,9.41,603.0,4.92,4.43,369.0,2,Attract but Don't Convert
23151.0,0.1312,273.17,44.81,0.1067,0.0673,9.73,511.0,8.78,4.52,286.0,1,High Performer
26312.0,0.0539,99.94,31.08,0.0682,0.0413,4.18,245.0,3.94,3.19,355.0,3,Low Engagement Product
49182.0,0.0674,299.77,62.81,0.049,0.0157,2.37,605.0,3.81,2.75,21.0,0,Invisible Product
4190.0,0.0385,461.04,73.58,0.0547,0.0172,1.29,838.0,3.37,2.83,30.0,0,Invisible Product
7060.0,0.0457,133.01,20.18,0.112,0.0566,1.0,188.0,7.74,3.83,190.0,3,Low Engagement Product
35872.0,0.13,409.5,74.38,0.1437,0.0976,8.09,780.0,9.09,4.57,809.0,1,High Performer
21620.0,0.1499,407.27,75.68,0.0958,0.0608,9.79,811.0,8.55,4.26,704.0,1,High Performer
49581.0,0.0353,129.73,24.85,0.0346,0.0077,1.07,171.0,1.09,2.29,45.0,0,Invisible Product
36508.0,0.0981,119.76,22.18,0.0955,0.0637,3.49,243.0,8.08,4.33,263.0,3,Low Engagement Product
28570.0,0.057,298.97,65.52,0.0855,0.0358,1.99,523.0,3.34,2.85,9.0,0,Invisible Product
20591.0,0.0391,399.42,58.14,0.0495,0.0126,1.86,756.0,2.0,2.32,35.0,0,Invisible Product
1441.0,0.2274875,324.49,59.85,0.0296,0.0099,4.52,569.0,8.91,2.68,423.0,4,Trust Issue Product
44723.0,0.1221,51.37,11.45,0.0902,0.0614,9.35,63.0,7.35,4.56,258.0,3,Low Engagement Product
24891.0,0.0731,417.21,82.39,0.0499,0.019,5.73,716.0,4.25,3.29,135.0,2,Attract but Don't Convert
438.0,0.1708,254.6,54.04,0.1282,0.0922,9.54,523.0,7.8,4.79,971.0,1,High Performer
5995.0,0.124,528.51,93.25,0.1024,0.0703,7.15,974.0,7.35,4.3,971.0,1,High Performer
12354.0,0.062,153.08,33.29,0.0938,0.0511,4.95,260.0,4.09,3.72,340.0,3,Low Engagement Product
11444.0,0.2274875,490.42,73.7,0.0175,0.0167,8.89,949.0,5.49,3.29,119.0,4,Trust Issue Product
1850.0,0.0912,486.1,79.52,0.1327,0.0886,8.66,862.0,4.42,4.35,458.0,2,Attract but Don't Convert
2521.0,0.0744,194.65,41.4,0.0726,0.0376,6.91,370.0,5.17,3.0,151.0,3,Low Engagement Product
39987.0,0.1146,405.18,71.65,0.0419,0.0213,7.33,741.0,2.14,3.33,131.0,2,Attract but Don't Convert
5419.0,0.1363,53.44,19.28,0.1156,0.0848,9.86,42.0,8.35,4.11,971.0,1,High Performer
15996.0,0.049,332.89,63.54,0.0223,0.0089,1.77,655.0,2.56,1.24,9.0,0,Invisible Product
12018.0,0.0478,355.01,63.38,0.068,0.0272,3.05,617.0,1.96,3.13,26.0,0,Invisible Product
25164.0,0.0671,101.42,11.16,0.0694,0.0225,2.87,62.0,4.33,3.61,19.0,3,Low Engagement Product
46717.0,0.036,304.89,39.98,0.0683,0.034,3.77,485.0,3.37,3.33,264.0,0,Invisible Product
28035.0,0.1221,67.44,10.1,0.1005,0.0479,5.93,59.0,6.78,4.46,26.0,3,Low Engagement Product
37741.0,0.1252,186.44,32.05,0.0708,0.0411,9.18,322.0,7.76,4.58,59.0,3,Low Engagement Product
29811.0,0.2247,396.33,61.39,0.0233,0.0152,4.0,700.0,4.21,2.15,212.0,4,Trust Issue Product
4906.0,0.0384,146.36,19.4,0.0696,0.0288,1.34,194.0,2.65,3.18,14.0,3,Low Engagement Product
41460.0,0.1646,307.32,49.29,0.1181,0.0842,7.45,551.0,9.82,4.64,817.0,1,High Performer
12282.0,0.106,222.21,46.2,0.0978,0.0517,4.42,480.0,8.12,3.54,499.0,3,Low Engagement Product
22397.0,0.0283,318.87,56.1,0.0386,0.0098,1.0,640.0,3.27,1.67,18.0,0,Invisible Product
19641.0,0.2274875,145.19,39.8,0.0319,0.004,9.59,212.0,5.62,2.55,24.0,4,Trust Issue Product
29021.0,0.166,167.99,24.04,0.026,0.0102,7.59,263.0,1.12,2.57,469.0,4,Trust Issue Product
16874.0,0.0511,448.26,80.6,0.0478,0.0205,1.84,855.0,3.54,2.97,10.0,0,Invisible Product
44913.0,0.0523,184.99,31.22,0.0793,0.0367,2.75,299.0,3.99,3.62,12.0,3,Low Engagement Product
37298.0,0.2274875,380.21,73.4,0.0104,0.0019,6.24,759.0,5.92,2.54,415.0,4,Trust Issue Product
8920.0,0.0346,53.92,13.19,0.057,0.0284,1.18,55.0,3.86,2.28,31.0,3,Low Engagement Product
24170.0,0.2274875,311.28,60.33,0.0192,0.0154,1.3,576.0,3.36,3.09,19.0,4,Trust Issue Product
4332.0,0.0558,449.22,81.36,0.0436,0.0218,2.55,917.0,2.29,1.99,45.0,0,Invisible Product
11222.0,0.001,311.25,55.16,0.0312,0.0166,1.84,559.0,3.52,1.19,14.0,0,Invisible Product
15123.0,0.0727,85.99,12.8,0.0758,0.0367,6.11,173.0,2.74,3.37,251.0,3,Low Engagement Product
8107.0,0.0342,68.52,10.0,0.0577,0.0133,1.6,42.0,3.16,2.97,3.0,3,Low Engagement Product
18005.0,0.0201,405.69,61.27,0.0276,0.0144,2.34,738.0,4.0,1.49,16.0,0,Invisible Product
41886.0,0.0483,492.14,93.66,0.0174,0.0121,2.83,951.0,1.31,1.41,0.0,0,Invisible Product
29498.0,0.0621,64.64,23.46,0.0343,0.0206,2.26,110.0,1.2,1.52,18.0,0,Invisible Product
34368.0,0.1488,206.66,43.69,0.0945,0.0562,7.86,409.0,8.03,4.2,971.0,1,High Performer
6837.0,0.0064,495.48,91.23,0.0289,0.0099,3.56,950.0,3.51,1.57,4.0,0,Invisible Product
36162.0,0.1237,234.45,35.17,0.0625,0.038,7.03,378.0,8.6,4.25,971.0,1,High Performer
25610.0,0.1021,307.73,62.96,0.0858,0.0501,9.46,569.0,5.89,3.88,321.0,2,Attract but Don't Convert
19526.0,0.1083,501.56,86.48,0.0763,0.0588,7.67,950.0,7.96,4.15,971.0,1,High Performer
37365.0,0.0273,131.39,28.57,0.0552,0.0241,1.06,247.0,3.25,2.68,17.0,0,Invisible Product
17950.0,0.0787,130.4,32.75,0.0753,0.0386,9.24,221.0,7.18,4.47,196.0,3,Low Engagement Product
714.0,0.2274875,209.98,44.3,0.0119,0.0035,3.85,369.0,1.66,2.01,16.0,4,Trust Issue Product
21876.0,0.1975,452.48,70.1,0.0378,0.0177,7.58,840.0,9.09,3.17,291.0,4,Trust Issue Product
24177.0,0.1223,418.98,77.11,0.0981,0.0766,8.03,785.0,7.62,4.92,815.0,1,High Performer
9474.0,0.1091,67.48,13.7,0.1061,0.0577,7.25,57.0,7.82,4.47,112.0,3,Low Engagement Product
35535.0,0.0826,419.1,71.55,0.0874,0.0497,6.76,752.0,7.59,3.58,244.0,2,Attract but Don't Convert
31007.0,0.0281,320.07,49.46,0.0283,0.0087,3.79,519.0,1.03,1.32,41.0,0,Invisible Product
13509.0,0.1666,393.4,61.95,0.1123,0.0897,8.75,718.0,9.61,4.21,971.0,1,High Performer
16614.0,0.0324,69.42,10.0,0.0824,0.053,4.29,62.0,1.0,4.37,187.0,3,Low Engagement Product
29966.0,0.0638,464.55,78.1,0.0877,0.0451,2.72,890.0,7.13,3.67,96.0,2,Attract but Don't Convert
3083.0,0.1472,383.27,63.78,0.0941,0.0553,7.56,645.0,8.77,4.01,339.0,1,High Performer
31805.0,0.0651,416.09,74.55,0.0618,0.0374,6.02,791.0,3.24,3.77,473.0,2,Attract but Don't Convert
20762.0,0.0931,310.04,53.9,0.0689,0.0514,8.39,536.0,2.22,3.78,326.0,2,Attract but Don't Convert
23610.0,0.1201,63.64,20.94,0.0972,0.0542,9.13,87.0,5.66,3.1,262.0,3,Low Engagement Product
12751.0,0.0382,406.61,70.44,0.1007,0.0567,6.11,759.0,1.37,3.27,320.0,2,Attract but Don't Convert
41098.0,0.0398,101.4,30.84,0.1048,0.0666,3.37,142.0,4.58,4.33,201.0,3,Low Engagement Product
28635.0,0.0075,342.93,68.21,0.0453,0.0227,1.15,704.0,3.44,2.81,40.0,0,Invisible Product
6740.0,0.0232,211.47,33.47,0.0683,0.0262,1.82,355.0,3.97,1.87,3.0,0,Invisible Product
44647.0,0.1047,114.4,17.07,0.1096,0.0524,2.04,172.0,9.71,4.34,12.0,3,Low Engagement Product
15417.0,0.0467,513.02,91.1,0.0774,0.0356,5.0,993.0,3.42,3.3,167.0,2,Attract but Don't Convert
7664.0,0.0797,408.91,72.77,0.1139,0.055,5.86,798.0,5.13,3.45,195.0,2,Attract but Don't Convert
27445.0,0.1366,361.19,59.26,0.0933,0.0756,9.77,688.0,9.2,4.84,971.0,1,High Performer
48388.0,0.0962,99.25,23.69,0.11,0.0656,4.46,181.0,7.35,4.24,150.0,3,Low Engagement Product
28787.0,0.0327,136.49,25.89,0.0531,0.0274,3.44,233.0,4.55,3.31,465.0,3,Low Engagement Product
13837.0,0.1295,481.11,82.1,0.0872,0.0527,6.39,929.0,7.95,4.32,417.0,2,Attract but Don't Convert
9423.0,0.2223,220.53,48.39,0.0338,0.017,2.49,395.0,3.3,3.26,18.0,4,Trust Issue Product
15329.0,0.0244,514.73,88.71,0.0387,0.0165,1.39,939.0,1.93,1.31,30.0,0,Invisible Product
44581.0,0.0753,242.82,52.2,0.1406,0.1016,7.08,462.0,8.94,4.8,971.0,1,High Performer
8602.0,0.0925,239.33,53.94,0.1048,0.0656,7.35,442.0,7.28,4.23,334.0,1,High Performer
645.0,0.1507,310.83,55.19,0.1123,0.0651,9.42,557.0,9.84,4.46,129.0,1,High Performer
37214.0,0.0776,489.39,87.9,0.0795,0.0489,2.39,958.0,6.97,4.21,400.0,2,Attract but Don't Convert
29530.0,0.1318,456.74,77.47,0.1287,0.0941,9.06,823.0,9.2,4.8,971.0,1,High Performer
10096.0,0.0782,487.7,91.87,0.0638,0.0182,3.69,954.0,3.81,2.77,2.0,2,Attract but Don't Convert
27888.0,0.017,392.69,72.87,0.0421,0.0153,2.47,720.0,1.33,1.94,49.0,0,Invisible Product
30069.0,0.1477,516.74,81.55,0.0985,0.0635,8.4,931.0,8.67,4.45,971.0,1,High Performer
48643.0,0.0515,336.83,56.52,0.0547,0.0237,2.89,653.0,3.97,2.58,2.0,0,Invisible Product
14019.0,0.0784,138.51,24.54,0.0951,0.0505,6.13,249.0,5.84,4.34,60.0,3,Low Engagement Product
3910.0,0.0659,59.98,16.5,0.0957,0.0572,2.67,78.0,4.17,4.33,319.0,3,Low Engagement Product
30686.0,0.07,87.88,13.04,0.0935,0.0512,6.13,115.0,3.33,4.38,188.0,3,Low Engagement Product
40074.0,0.0716,167.9,34.3,0.0624,0.0381,6.18,281.0,1.0,4.32,164.0,3,Low Engagement Product
41873.0,0.1027,216.16,29.2,0.0625,0.016,3.75,373.0,2.19,2.07,28.0,0,Invisible Product
16471.0,0.0037,205.62,45.83,0.0204,0.0104,1.34,331.0,1.64,1.12,7.0,0,Invisible Product
45184.0,0.1131,103.76,15.54,0.0232,0.0177,6.13,155.0,6.6,3.91,277.0,3,Low Engagement Product
29729.0,0.0397,441.19,77.22,0.0274,0.0065,1.52,881.0,2.07,2.76,4.0,0,Invisible Product
8536.0,0.0802,462.47,72.23,0.0462,0.0075,3.63,814.0,2.31,2.38,30.0,0,Invisible Product
13084.0,0.1292,531.63,96.2,0.1032,0.0547,7.03,986.0,7.77,3.24,434.0,2,Attract but Don't Convert
33139.0,0.1533,475.52,85.32,0.112,0.0701,8.7,942.0,7.54,4.22,455.0,2,Attract but Don't Convert
19995.0,0.0261,272.31,44.03,0.0306,0.0113,2.48,492.0,3.62,2.09,26.0,0,Invisible Product
18255.0,0.0087,371.21,61.72,0.0271,0.0189,3.32,651.0,1.24,1.5,32.0,0,Invisible Product
10716.0,0.1117,236.33,46.14,0.1218,0.0883,9.59,449.0,7.82,4.43,971.0,1,High Performer
37229.0,0.1035,526.49,88.41,0.0763,0.0548,5.2,956.0,9.01,3.91,384.0,2,Attract but Don't Convert
39937.0,0.1509,507.63,84.05,0.0831,0.0591,9.0,994.0,7.44,4.49,468.0,2,Attract but Don't Convert
24674.0,0.2274875,316.59,58.9,0.0395,0.0178,3.02,556.0,1.11,2.65,17.0,4,Trust Issue Product
3530.0,0.0358,415.27,80.49,0.0597,0.0227,2.8,873.0,2.94,1.69,23.0,0,Invisible Product
12776.0,0.0601,131.36,30.53,0.0822,0.0378,4.88,165.0,3.43,4.41,122.0,3,Low Engagement Product
10916.0,0.0315,263.77,52.57,0.1019,0.0493,5.64,543.0,1.7,4.45,129.0,2,Attract but Don't Convert
32833.0,0.043,106.82,18.1,0.045,0.0213,1.73,106.0,3.81,2.07,25.0,0,Invisible Product
20244.0,0.1221,489.69,86.45,0.0806,0.042,7.14,966.0,9.68,4.01,72.0,2,Attract but Don't Convert
2150.0,0.0357,131.67,26.5,0.0498,0.0227,2.15,128.0,3.14,1.14,30.0,0,Invisible Product
44560.0,0.1429,253.06,48.78,0.0829,0.0375,9.08,442.0,6.83,4.09,98.0,3,Low Engagement Product
34033.0,0.077,232.34,35.46,0.1036,0.0589,4.4,364.0,4.78,4.04,115.0,3,Low Engagement Product
25051.0,0.0271,168.77,46.18,0.0922,0.0617,3.47,285.0,3.62,4.41,379.0,3,Low Engagement Product
32513.0,0.0359,376.06,67.03,0.0689,0.0363,7.05,753.0,4.54,3.44,426.0,2,Attract but Don't Convert
34901.0,0.0445,313.8,55.77,0.0522,0.0157,2.95,605.0,1.5,2.94,13.0,0,Invisible Product
33013.0,0.0387,295.82,55.86,0.0086,0.0001,1.96,513.0,2.59,1.23,24.0,0,Invisible Product
47137.0,0.0631,264.01,37.36,0.0659,0.0259,3.54,352.0,3.86,3.23,31.0,0,Invisible Product
40700.0,0.118,479.34,71.89,0.0838,0.0568,7.06,841.0,8.06,4.11,971.0,1,High Performer
25380.0,0.0804,247.76,50.72,0.0744,0.0362,8.49,432.0,5.29,3.23,216.0,3,Low Engagement Product
24657.0,0.095,365.39,70.65,0.0543,0.0269,6.06,633.0,7.11,3.44,40.0,2,Attract but Don't Convert
47154.0,0.0358,512.34,81.35,0.0639,0.0282,3.0,956.0,2.58,3.17,38.0,2,Attract but Don't Convert
35500.0,0.1156,359.36,69.56,0.1082,0.0616,8.19,668.0,7.44,4.42,276.0,2,Attract but Don't Convert
4594.0,0.0542,136.16,24.33,0.0605,0.031,3.83,210.0,1.05,3.43,40.0,3,Low Engagement Product
15252.0,0.0283,514.63,78.95,0.0831,0.0284,2.31,992.0,3.01,3.27,13.0,2,Attract but Don't Convert
23995.0,0.2274875,507.4,89.42,0.0366,0.0175,5.35,952.0,10.0,3.33,173.0,4,Trust Issue Product
9255.0,0.2064,117.68,13.52,0.0243,0.0053,1.65,161.0,3.18,2.57,47.0,4,Trust Issue Product
31983.0,0.0124,472.66,77.39,0.0504,0.0199,1.24,888.0,2.35,3.22,47.0,0,Invisible Product
43294.0,0.0593,66.43,15.98,0.0047,0.0001,3.03,92.0,1.8,1.28,26.0,0,Invisible Product
43101.0,0.1077,448.84,78.56,0.086,0.0419,4.8,859.0,3.83,3.34,130.0,2,Attract but Don't Convert
1928.0,0.0683,117.42,30.35,0.0513,0.0186,1.22,186.0,3.87,2.09,21.0,0,Invisible Product
45128.0,0.1597,125.66,21.89,0.0814,0.0589,9.74,187.0,9.78,4.87,758.0,1,High Performer
41998.0,0.2274875,312.7,63.78,0.0365,0.0234,6.35,585.0,5.18,3.04,143.0,4,Trust Issue Product
32223.0,0.0705,179.45,31.78,0.0878,0.0422,1.8,278.0,5.17,3.73,132.0,3,Low Engagement Product
37673.0,0.1307,226.26,41.21,0.1032,0.06,9.94,458.0,7.55,4.39,971.0,1,High Performer
906.0,0.0476,99.11,23.37,0.0528,0.0134,1.47,130.0,1.1,1.19,37.0,0,Invisible Product
41070.0,0.1193,430.89,80.04,0.0728,0.0503,4.2,763.0,10.0,4.19,310.0,2,Attract but Don't Convert
29857.0,0.1081,411.32,63.06,0.0821,0.0514,7.18,692.0,6.21,3.57,453.0,2,Attract but Don't Convert
34736.0,0.0637,469.93,75.42,0.0493,0.0202,4.37,883.0,4.0,3.15,99.0,2,Attract but Don't Convert
14661.0,0.0421,471.92,75.76,0.0537,0.0175,3.68,858.0,3.26,2.36,6.0,0,Invisible Product
48380.0,0.0501,309.1,45.32,0.0479,0.0094,2.9,550.0,3.78,2.32,32.0,0,Invisible Product
24362.0,0.1267,204.79,36.25,0.1047,0.061,8.73,309.0,7.39,4.33,296.0,1,High Performer
14999.0,0.0168,521.58,81.68,0.0596,0.0236,1.53,993.0,1.4,3.31,42.0,2,Attract but Don't Convert
49088.0,0.0958,330.3,59.69,0.107,0.0614,3.31,581.0,8.67,4.11,81.0,2,Attract but Don't Convert
16034.0,0.2274875,251.05,50.99,0.0302,0.0142,7.94,529.0,4.98,2.58,368.0,4,Trust Issue Product
38297.0,0.036,146.66,28.99,0.0518,0.0187,1.92,194.0,2.14,3.42,40.0,0,Invisible Product
41944.0,0.0265,192.9,34.37,0.0401,0.008,3.39,321.0,1.57,1.65,32.0,0,Invisible Product
36432.0,0.001,373.45,69.63,0.0863,0.0389,3.18,715.0,2.47,2.46,23.0,0,Invisible Product
34257.0,0.1486,137.37,21.38,0.0588,0.0279,7.56,204.0,9.02,3.72,46.0,3,Low Engagement Product
11693.0,0.0908,237.12,40.03,0.0751,0.0383,5.82,358.0,6.58,4.45,110.0,3,Low Engagement Product
40142.0,0.0914,275.19,49.04,0.0879,0.0518,3.78,529.0,7.87,3.71,121.0,3,Low Engagement Product
17420.0,0.1125,430.96,80.09,0.1158,0.0614,9.19,838.0,4.35,4.1,39.0,2,Attract but Don't Convert
27476.0,0.1068,161.77,35.6,0.0816,0.0353,5.21,329.0,7.56,3.24,47.0,3,Low Engagement Product
43613.0,0.1024,274.99,57.59,0.0706,0.0353,4.78,526.0,6.86,3.62,409.0,2,Attract but Don't Convert
14299.0,0.1372,193.27,37.94,0.0885,0.0545,9.28,365.0,6.33,3.32,216.0,3,Low Engagement Product
15976.0,0.0776,75.92,14.26,0.0885,0.0508,7.22,100.0,1.11,3.52,175.0,3,Low Engagement Product
8345.0,0.2114,227.33,42.12,0.0257,0.0112,6.51,393.0,4.03,2.06,446.0,4,Trust Issue Product
7314.0,0.0628,89.31,35.72,0.066,0.0197,4.0,175.0,3.33,2.16,25.0,3,Low Engagement Product
826.0,0.1096,439.23,79.87,0.0755,0.0442,7.61,806.0,6.33,3.26,401.0,2,Attract but Don't Convert
46700.0,0.0394,441.94,71.11,0.0163,0.0016,3.91,814.0,2.03,2.37,49.0,0,Invisible Product
11462.0,0.1287,259.99,46.06,0.1079,0.0869,7.37,451.0,8.52,4.89,971.0,1,High Performer
18397.0,0.0752,271.91,48.19,0.0802,0.054,6.99,519.0,2.97,4.2,492.0,3,Low Engagement Product
30548.0,0.073,458.4,68.05,0.1047,0.0422,7.44,780.0,3.8,3.56,18.0,2,Attract but Don't Convert
26272.0,0.1436,125.59,23.35,0.0709,0.0497,7.37,166.0,8.48,4.15,814.0,1,High Performer
42974.0,0.0746,253.15,48.71,0.0847,0.0503,5.32,500.0,3.69,4.34,286.0,3,Low Engagement Product
7757.0,0.0356,225.07,41.11,0.0553,0.0279,1.81,454.0,2.47,2.33,41.0,0,Invisible Product
18950.0,0.0344,282.78,49.75,0.1321,0.0733,4.85,538.0,5.29,4.01,178.0,2,Attract but Don't Convert
25525.0,0.1167,375.76,65.31,0.1161,0.0672,5.3,688.0,4.58,3.26,334.0,2,Attract but Don't Convert
26785.0,0.0303,409.86,63.27,0.0814,0.0613,5.29,702.0,3.73,3.96,284.0,2,Attract but Don't Convert
47419.0,0.0534,60.43,16.96,0.078,0.0309,3.85,88.0,1.87,3.29,30.0,3,Low Engagement Product
24678.0,0.1028,311.48,56.51,0.083,0.0364,5.45,625.0,6.35,3.03,258.0,2,Attract but Don't Convert
28931.0,0.0754,485.74,84.34,0.0521,0.0232,3.98,900.0,1.69,3.24,26.0,2,Attract but Don't Convert
8006.0,0.0379,467.57,78.09,0.0882,0.0524,6.16,894.0,1.45,4.21,121.0,2,Attract but Don't Convert
7387.0,0.0735,485.65,85.73,0.1237,0.0653,6.33,907.0,5.62,4.46,89.0,2,Attract but Don't Convert
33760.0,0.1379,129.19,24.94,0.101,0.0649,7.62,205.0,8.63,4.22,535.0,1,High Performer
10322.0,0.0638,486.06,73.11,0.0715,0.0205,3.53,923.0,3.25,1.31,12.0,0,Invisible Product
37543.0,0.0717,400.98,64.76,0.0355,0.0059,3.17,701.0,1.85,1.86,30.0,0,Invisible Product
34801.0,0.2274875,153.25,30.37,0.0211,0.0095,6.71,223.0,2.74,2.13,27.0,4,Trust Issue Product
17864.0,0.1024,320.77,53.08,0.1052,0.0807,7.07,573.0,7.49,4.83,971.0,1,High Performer
44741.0,0.1114,10.0,11.58,0.0729,0.0212,8.7,32.0,6.45,4.39,469.0,3,Low Engagement Product
17774.0,0.0879,367.41,67.92,0.0998,0.0458,5.84,685.0,4.48,3.44,89.0,2,Attract but Don't Convert
18124.0,0.0166,193.75,41.04,0.0677,0.0376,1.21,293.0,5.07,3.64,390.0,3,Low Engagement Product
46107.0,0.1546,168.99,41.13,0.0304,0.0121,2.05,317.0,3.92,2.66,31.0,4,Trust Issue Product
23974.0,0.0529,60.39,16.14,0.0475,0.0122,3.76,70.0,1.6,2.71,22.0,3,Low Engagement Product
43742.0,0.0952,288.38,54.32,0.1168,0.065,9.21,519.0,5.64,3.64,398.0,1,High Performer
32384.0,0.0401,228.49,41.49,0.0802,0.0394,3.18,388.0,2.74,2.58,36.0,0,Invisible Product
17702.0,0.001,393.26,61.93,0.071,0.0361,1.15,743.0,2.12,3.48,39.0,0,Invisible Product
37884.0,0.139,375.8,70.33,0.0528,0.0257,8.54,675.0,7.52,3.17,204.0,2,Attract but Don't Convert
23365.0,0.1006,225.58,46.66,0.1088,0.0701,6.79,376.0,5.51,4.19,208.0,3,Low Engagement Product
26031.0,0.2074,22.65,10.0,0.0277,0.006,2.46,22.0,3.0,3.49,44.0,4,Trust Issue Product
28941.0,0.0374,150.68,29.93,0.06,0.0303,4.49,273.0,3.32,3.74,125.0,3,Low Engagement Product
29292.0,0.0636,280.4,57.19,0.0782,0.039,6.7,494.0,2.94,3.74,41.0,2,Attract but Don't Convert
46642.0,0.0596,492.25,80.38,0.0533,0.0213,1.88,866.0,3.8,2.29,15.0,0,Invisible Product
42620.0,0.0777,312.5,47.0,0.1096,0.071,4.46,525.0,4.55,4.0,232.0,2,Attract but Don't Convert
15685.0,0.0143,156.13,38.09,0.0674,0.026,2.36,275.0,1.75,3.45,38.0,0,Invisible Product
25659.0,0.0482,328.39,60.9,0.0892,0.0537,4.37,629.0,3.64,3.26,471.0,2,Attract but Don't Convert
40159.0,0.098,374.38,72.8,0.0786,0.0422,4.01,704.0,8.91,4.22,97.0,2,Attract but Don't Convert
33842.0,0.113,145.18,23.95,0.0758,0.046,7.95,169.0,9.26,4.28,971.0,1,High Performer
4233.0,0.0887,283.17,39.79,0.1165,0.0696,7.6,507.0,5.62,3.55,441.0,1,High Performer
14763.0,0.0938,182.63,42.87,0.0455,0.021,7.87,298.0,2.79,3.12,170.0,3,Low Engagement Product
21854.0,0.0454,52.49,10.7,0.0552,0.0376,6.01,78.0,3.32,3.29,462.0,3,Low Engagement Product
4072.0,0.0433,262.96,45.01,0.0748,0.0238,2.92,465.0,3.23,2.74,7.0,0,Invisible Product
5395.0,0.0592,65.61,26.57,0.0629,0.0319,5.55,132.0,2.92,3.38,337.0,3,Low Engagement Product
46781.0,0.1181,429.76,89.8,0.0933,0.0703,7.88,855.0,7.98,4.63,971.0,1,High Performer
41973.0,0.0687,418.59,71.59,0.0683,0.0292,2.36,774.0,6.1,3.27,395.0,2,Attract but Don't Convert
29225.0,0.1076,455.1,79.07,0.0349,0.0243,4.97,841.0,7.73,3.36,319.0,2,Attract but Don't Convert
41096.0,0.196,315.63,51.11,0.0284,0.0198,8.19,588.0,7.57,2.27,836.0,4,Trust Issue Product
10003.0,0.1211,290.35,49.26,0.1001,0.0727,9.07,508.0,7.99,4.22,971.0,1,High Performer
3120.0,0.0254,217.15,49.57,0.0387,0.0161,1.98,426.0,1.81,2.62,17.0,0,Invisible Product
41855.0,0.1396,216.04,42.42,0.0647,0.0471,8.36,386.0,9.32,4.25,928.0,1,High Performer
20520.0,0.0555,56.71,24.99,0.006,0.0034,3.51,79.0,3.41,1.39,26.0,0,Invisible Product
21552.0,0.0973,202.25,30.86,0.0677,0.0435,5.26,348.0,6.19,4.49,112.0,3,Low Engagement Product
45748.0,0.0578,397.4,62.57,0.0865,0.0616,4.89,747.0,1.62,3.81,495.0,2,Attract but Don't Convert
38101.0,0.1088,319.3,45.62,0.106,0.0779,8.86,488.0,7.84,4.52,971.0,1,High Performer
9616.0,0.0699,392.93,67.94,0.0516,0.0165,3.2,764.0,1.12,1.62,8.0,0,Invisible Product
47427.0,0.1406,322.9,61.66,0.1246,0.091,9.39,586.0,9.34,4.79,971.0,1,High Performer
49569.0,0.0699,537.75,80.27,0.0976,0.052,6.45,904.0,1.0,3.9,307.0,2,Attract but Don't Convert
2496.0,0.0804,411.72,63.23,0.1038,0.0544,5.6,739.0,3.49,3.25,172.0,2,Attract but Don't Convert
18646.0,0.0377,70.21,18.55,0.0666,0.0175,3.01,82.0,1.29,1.94,27.0,0,Invisible Product
19229.0,0.0597,147.81,22.4,0.0684,0.0325,3.99,203.0,3.27,2.16,21.0,3,Low Engagement Product
1691.0,0.1002,207.61,30.93,0.0761,0.0437,6.52,330.0,4.37,3.07,111.0,3,Low Engagement Product
11403.0,0.0596,413.92,80.26,0.0897,0.0469,6.6,812.0,1.91,3.47,384.0,2,Attract but Don't Convert
30661.0,0.0485,277.52,61.03,0.0415,0.01,3.2,557.0,1.19,2.24,10.0,0,Invisible Product
6283.0,0.036,129.93,30.57,0.0643,0.0322,2.2,196.0,1.26,3.26,21.0,3,Low Engagement Product
26672.0,0.0738,317.41,53.35,0.1249,0.0659,1.19,594.0,5.52,4.15,198.0,2,Attract but Don't Convert
34180.0,0.026,299.48,42.89,0.0168,0.0016,2.08,448.0,2.71,1.27,48.0,0,Invisible Product
20795.0,0.0771,98.38,20.08,0.0719,0.0378,3.38,92.0,6.67,3.84,380.0,3,Low Engagement Product
7414.0,0.114,485.38,82.99,0.0952,0.0673,9.64,866.0,7.85,4.55,648.0,1,High Performer
19723.0,0.1449,75.6,23.73,0.0849,0.055,8.87,186.0,7.49,4.07,445.0,3,Low Engagement Product
2239.0,0.0362,140.2,35.55,0.0546,0.0299,2.58,244.0,4.21,3.02,325.0,3,Low Engagement Product
47556.0,0.0773,327.79,47.45,0.0962,0.0575,4.39,596.0,5.03,4.18,259.0,2,Attract but Don't Convert
31390.0,0.1252,315.3,55.14,0.105,0.0765,8.06,600.0,9.84,4.35,971.0,1,High Performer
18188.0,0.1119,503.0,98.76,0.0925,0.0486,9.55,971.0,2.33,3.16,235.0,2,Attract but Don't Convert
39792.0,0.0956,38.86,12.17,0.1265,0.075,6.78,28.0,6.13,3.66,133.0,3,Low Engagement Product
33230.0,0.2274875,159.99,28.01,0.022,0.017,9.24,255.0,8.64,3.34,391.0,4,Trust Issue Product
32188.0,0.0975,448.62,70.69,0.1046,0.071,7.76,729.0,8.14,4.81,756.0,1,High Performer
26392.0,0.0139,488.06,80.66,0.001,0.0001,1.47,943.0,2.06,1.62,13.0,0,Invisible Product
46349.0,0.0597,398.91,54.66,0.0701,0.0453,5.1,704.0,1.24,4.5,487.0,2,Attract but Don't Convert
20770.0,0.0937,465.77,90.05,0.0701,0.0327,5.1,813.0,3.95,3.18,314.0,2,Attract but Don't Convert
3838.0,0.0976,33.6,10.0,0.1035,0.0687,6.31,47.0,5.31,4.22,288.0,3,Low Engagement Product
2569.0,0.0839,483.75,77.27,0.0454,0.0197,1.45,827.0,3.39,1.36,22.0,0,Invisible Product
22634.0,0.0883,499.71,85.27,0.1052,0.0635,2.13,930.0,7.54,4.2,333.0,2,Attract but Don't Convert
48974.0,0.0904,312.59,65.68,0.1075,0.0638,5.18,665.0,6.82,3.67,300.0,2,Attract but Don't Convert
49808.0,0.0147,77.44,10.0,0.0923,0.0275,1.24,46.0,1.57,2.84,1.0,3,Low Engagement Product
9117.0,0.1124,282.15,42.61,0.096,0.0671,4.99,569.0,5.15,4.48,407.0,1,High Performer
2908.0,0.0739,166.66,23.92,0.0606,0.0326,4.27,215.0,3.43,3.46,287.0,3,Low Engagement Product
49238.0,0.0863,160.47,27.91,0.0912,0.0384,3.01,222.0,9.87,3.47,167.0,3,Low Engagement Product
47738.0,0.0377,61.19,18.83,0.091,0.0316,3.07,104.0,3.71,3.43,14.0,3,Low Engagement Product
12813.0,0.0685,447.7,85.9,0.0741,0.0363,6.51,851.0,4.4,3.23,12.0,2,Attract but Don't Convert
40429.0,0.0657,68.19,12.5,0.0677,0.0303,3.89,49.0,3.51,3.23,49.0,3,Low Engagement Product
2819.0,0.0472,261.4,49.84,0.0657,0.0391,4.94,485.0,5.4,3.55,340.0,3,Low Engagement Product
22990.0,0.016,123.8,15.48,0.0569,0.0193,1.63,118.0,1.86,2.81,4.0,0,Invisible Product
11800.0,0.103,507.29,80.45,0.093,0.033,9.19,918.0,3.75,3.44,19.0,2,Attract but Don't Convert
36609.0,0.0805,104.6,36.74,0.0728,0.0323,5.99,209.0,4.67,3.91,76.0,3,Low Engagement Product
42634.0,0.0902,41.99,10.0,0.0542,0.0326,7.62,31.0,5.62,3.06,178.0,3,Low Engagement Product
36866.0,0.1585,351.39,57.87,0.1136,0.0803,9.61,622.0,9.67,4.29,637.0,1,High Performer
26805.0,0.1022,38.91,19.35,0.0626,0.0289,7.43,49.0,4.35,3.47,441.0,3,Low Engagement Product
18887.0,0.0321,423.83,79.05,0.0273,0.0151,2.92,744.0,1.94,1.05,28.0,0,Invisible Product
48945.0,0.0338,70.79,18.61,0.0655,0.0274,2.21,57.0,3.72,3.01,59.0,3,Low Engagement Product
26688.0,0.1465,480.36,83.83,0.1127,0.089,7.67,872.0,9.56,4.9,971.0,1,High Performer
26223.0,0.0578,319.2,51.02,0.0531,0.026,5.06,591.0,3.07,3.01,136.0,0,Invisible Product
33162.0,0.1248,166.12,37.61,0.1339,0.0974,7.62,313.0,8.99,4.33,971.0,1,High Performer
10277.0,0.0683,243.85,38.78,0.0521,0.024,3.9,379.0,3.12,1.87,32.0,0,Invisible Product
21827.0,0.0952,402.21,66.28,0.0831,0.0561,7.77,674.0,7.85,4.19,971.0,1,High Performer
30320.0,0.1089,517.16,83.24,0.1021,0.0662,10.0,933.0,5.9,4.23,206.0,2,Attract but Don't Convert
9982.0,0.058,147.32,23.06,0.1249,0.0856,3.07,199.0,5.36,4.12,451.0,3,Low Engagement Product
1236.0,0.1269,439.25,67.99,0.0968,0.0476,3.57,816.0,8.26,4.12,24.0,2,Attract but Don't Convert
34932.0,0.084,81.33,20.06,0.1097,0.0524,7.74,131.0,6.79,3.53,131.0,3,Low Engagement Product
32066.0,0.0665,425.33,71.74,0.0647,0.0355,5.73,761.0,3.03,4.05,57.0,2,Attract but Don't Convert
7109.0,0.0148,248.96,36.6,0.0476,0.0194,1.28,463.0,3.06,3.16,47.0,0,Invisible Product
13087.0,0.0775,70.04,10.13,0.0176,0.0058,2.56,40.0,1.62,2.63,43.0,0,Invisible Product
37411.0,0.0257,117.44,21.8,0.0726,0.022,1.68,164.0,1.03,1.52,29.0,0,Invisible Product
31675.0,0.0366,259.46,54.31,0.0129,0.0123,3.94,518.0,3.48,2.17,45.0,0,Invisible Product
1107.0,0.1022,113.62,20.25,0.1045,0.0745,8.18,165.0,9.84,4.54,971.0,1,High Performer
5545.0,0.1494,235.14,49.94,0.1374,0.1032,9.03,460.0,9.25,4.39,971.0,1,High Performer
10806.0,0.0512,455.19,83.88,0.0489,0.0205,3.04,906.0,3.27,1.22,16.0,0,Invisible Product
47617.0,0.1649,205.69,49.55,0.0322,0.0057,1.51,440.0,2.69,3.38,0.0,4,Trust Issue Product
44586.0,0.2274875,170.53,34.15,0.0124,0.0019,5.75,335.0,3.92,2.61,123.0,4,Trust Issue Product
29357.0,0.0971,98.71,23.39,0.0656,0.0271,5.39,185.0,2.57,3.46,15.0,3,Low Engagement Product
21836.0,0.0416,390.93,66.53,0.0914,0.0394,4.03,671.0,1.3,3.84,13.0,2,Attract but Don't Convert
42307.0,0.0679,152.48,22.66,0.0855,0.0493,6.93,222.0,1.0,4.05,288.0,3,Low Engagement Product
13381.0,0.0377,327.48,50.87,0.0691,0.0423,1.0,515.0,2.36,3.4,182.0,0,Invisible Product
1535.0,0.0366,413.6,76.95,0.0725,0.0304,3.55,775.0,1.06,3.25,13.0,2,Attract but Don't Convert
33439.0,0.2274875,326.1,58.19,0.0318,0.0174,6.24,644.0,6.2,2.69,330.0,4,Trust Issue Product
35250.0,0.1776,273.32,50.6,0.0319,0.009,5.55,487.0,9.66,2.75,65.0,4,Trust Issue Product
25921.0,0.1006,387.5,68.55,0.0795,0.0392,6.48,732.0,4.2,3.74,491.0,2,Attract but Don't Convert
26760.0,0.14,240.46,49.66,0.0852,0.0689,7.37,404.0,7.74,4.65,971.0,1,High Performer
5184.0,0.0992,168.02,37.05,0.0657,0.0338,1.17,333.0,9.29,3.61,456.0,3,Low Engagement Product
16761.0,0.0544,425.95,75.87,0.0663,0.0222,1.88,790.0,1.55,1.1,46.0,0,Invisible Product
13607.0,0.0211,193.96,31.08,0.0824,0.0347,2.87,274.0,1.88,2.53,43.0,0,Invisible Product
7159.0,0.0489,546.26,85.65,0.0147,0.0059,1.47,978.0,3.72,1.58,16.0,0,Invisible Product
18371.0,0.0985,521.8,86.01,0.11,0.0461,3.9,936.0,8.13,3.35,24.0,2,Attract but Don't Convert
45639.0,0.0685,62.02,10.52,0.0633,0.0324,7.5,42.0,1.43,3.53,397.0,3,Low Engagement Product
7591.0,0.0487,510.8,89.09,0.0877,0.0325,3.09,924.0,1.74,3.48,8.0,2,Attract but Don't Convert
47395.0,0.1111,417.73,78.04,0.0727,0.0299,10.0,777.0,1.6,3.79,100.0,2,Attract but Don't Convert
14959.0,0.0253,217.41,39.0,0.069,0.0265,2.08,358.0,3.22,1.16,34.0,0,Invisible Product
8173.0,0.0126,283.42,48.75,0.0407,0.0195,3.37,512.0,1.53,2.54,30.0,0,Invisible Product
9177.0,0.1725,440.06,78.5,0.0255,0.0154,4.47,842.0,6.57,3.16,214.0,4,Trust Issue Product
21053.0,0.0366,300.14,46.03,0.0624,0.0346,7.05,530.0,4.46,3.39,256.0,3,Low Engagement Product
11483.0,0.0735,256.52,37.01,0.1268,0.0742,8.99,385.0,1.0,3.35,248.0,3,Low Engagement Product
49246.0,0.1723,231.08,35.82,0.1208,0.1011,9.81,391.0,9.36,4.92,971.0,1,High Performer
2453.0,0.0697,506.66,81.01,0.0752,0.0537,5.77,934.0,7.32,4.44,369.0,2,Attract but Don't Convert
23921.0,0.0292,470.05,74.85,0.02,0.0067,3.57,849.0,1.43,1.64,11.0,0,Invisible Product
37667.0,0.0024,345.45,53.01,0.0294,0.0128,1.43,618.0,1.92,3.21,44.0,0,Invisible Product
49938.0,0.0816,144.6,27.71,0.0971,0.0597,6.54,238.0,3.28,3.91,425.0,3,Low Engagement Product
24960.0,0.1089,292.62,48.55,0.0679,0.0279,6.49,494.0,6.34,4.1,18.0,3,Low Engagement Product
21295.0,0.1209,236.35,48.22,0.1191,0.073,8.96,442.0,7.1,4.24,238.0,1,High Performer
12039.0,0.0685,241.03,40.53,0.0851,0.0448,5.62,375.0,5.33,3.12,226.0,3,Low Engagement Product
25438.0,0.0978,294.7,55.38,0.0823,0.0504,7.35,479.0,5.18,3.73,194.0,2,Attract but Don't Convert
21830.0,0.1089,290.05,54.7,0.0998,0.0592,5.68,522.0,5.53,3.21,204.0,2,Attract but Don't Convert
21527.0,0.1107,39.76,25.39,0.1083,0.0556,7.28,46.0,5.11,3.94,48.0,3,Low Engagement Product
35296.0,0.1004,553.19,81.13,0.112,0.0922,7.19,961.0,7.27,4.94,971.0,1,High Performer
27183.0,0.1189,426.47,80.67,0.0851,0.0449,7.15,821.0,9.57,4.43,49.0,2,Attract but Don't Convert
21610.0,0.0564,434.11,67.76,0.0756,0.0365,7.46,820.0,1.0,3.08,25.0,2,Attract but Don't Convert
44164.0,0.0718,429.31,85.62,0.0836,0.0462,3.87,879.0,4.4,3.41,90.0,2,Attract but Don't Convert
7913.0,0.0539,178.51,31.28,0.1052,0.0673,8.2,242.0,2.67,4.5,100.0,3,Low Engagement Product
31698.0,0.113,442.79,79.51,0.073,0.0268,5.67,883.0,7.95,3.01,147.0,2,Attract but Don't Convert
47282.0,0.0234,394.25,67.77,0.035,0.0138,1.43,709.0,3.14,1.3,1.0,0,Invisible Product
27670.0,0.0123,119.58,20.91,0.0487,0.0169,1.09,167.0,1.25,2.07,14.0,0,Invisible Product
27182.0,0.0991,249.94,42.51,0.1013,0.0552,6.6,443.0,8.57,3.21,190.0,3,Low Engagement Product
29341.0,0.0768,398.16,72.83,0.0446,0.0238,5.99,758.0,2.3,3.12,74.0,2,Attract but Don't Convert
30778.0,0.1163,223.81,31.5,0.0761,0.0493,9.83,370.0,7.25,4.23,971.0,1,High Performer
44669.0,0.094,167.35,28.05,0.0938,0.0445,6.78,205.0,8.31,4.15,124.0,3,Low Engagement Product
11845.0,0.03,241.94,44.09,0.0171,0.0079,2.61,434.0,2.93,1.46,33.0,0,Invisible Product
26129.0,0.1572,409.39,74.37,0.0179,0.0055,10.0,825.0,3.77,2.19,59.0,4,Trust Issue Product
13125.0,0.0703,217.77,43.38,0.0681,0.0451,6.08,448.0,1.0,4.17,294.0,3,Low Engagement Product
36224.0,0.075,56.23,15.98,0.0716,0.0405,4.53,60.0,8.41,4.16,155.0,3,Low Engagement Product
14388.0,0.1738,482.87,89.08,0.0256,0.0144,3.88,924.0,3.7,2.49,36.0,4,Trust Issue Product
23750.0,0.0331,232.58,54.1,0.0363,0.0159,2.32,412.0,3.83,1.88,40.0,0,Invisible Product
6640.0,0.1612,396.72,73.36,0.0759,0.0439,8.3,722.0,9.01,4.16,875.0,1,High Performer
32332.0,0.0436,69.33,22.0,0.0314,0.0115,1.78,98.0,2.91,1.47,29.0,0,Invisible Product
16522.0,0.1182,453.2,64.94,0.1313,0.0864,8.61,736.0,8.82,4.94,244.0,1,High Performer
3442.0,0.1118,495.15,80.22,0.1203,0.0698,10.0,915.0,4.45,4.25,189.0,2,Attract but Don't Convert
41946.0,0.1061,452.54,74.7,0.0776,0.0587,9.05,809.0,7.52,4.81,760.0,1,High Performer
35712.0,0.1418,428.37,76.46,0.0841,0.0537,7.9,803.0,9.21,4.26,971.0,1,High Performer
10496.0,0.1198,308.51,52.78,0.1125,0.092,7.49,563.0,8.03,4.8,971.0,1,High Performer
17582.0,0.0595,252.62,53.45,0.0616,0.0176,3.0,469.0,3.81,2.81,13.0,0,Invisible Product
23511.0,0.0092,278.01,46.08,0.0298,0.0064,1.23,493.0,2.55,3.04,44.0,0,Invisible Product
46866.0,0.0877,80.02,16.58,0.0748,0.0549,7.25,161.0,8.14,4.74,559.0,3,Low Engagement Product
13361.0,0.2274875,132.87,36.78,0.0137,0.013,7.85,270.0,2.94,2.26,425.0,4,Trust Issue Product
3193.0,0.0453,174.1,36.22,0.0436,0.0232,5.52,313.0,4.76,3.73,494.0,3,Low Engagement Product
11822.0,0.0765,325.57,58.89,0.0808,0.0525,6.57,629.0,3.59,4.12,372.0,2,Attract but Don't Convert
22142.0,0.072,95.11,15.55,0.0742,0.0306,1.53,155.0,2.95,2.16,3.0,3,Low Engagement Product
44513.0,0.1196,274.77,55.16,0.0837,0.0576,9.27,503.0,7.74,4.25,971.0,1,High Performer
47951.0,0.078,428.22,86.53,0.1074,0.0579,4.07,808.0,7.87,3.9,170.0,2,Attract but Don't Convert
28187.0,0.1016,211.75,38.95,0.0817,0.0537,5.47,331.0,8.22,3.55,388.0,3,Low Engagement Product
32447.0,0.1154,461.96,73.46,0.106,0.0799,9.14,833.0,8.34,4.91,885.0,1,High Performer
33856.0,0.0531,316.43,57.11,0.0571,0.0396,6.13,574.0,4.37,4.25,479.0,2,Attract but Don't Convert
39314.0,0.2274875,395.2,64.89,0.0186,0.0009,1.85,651.0,2.57,3.32,7.0,4,Trust Issue Product
16435.0,0.0242,396.17,72.57,0.0564,0.0251,2.14,751.0,1.69,2.58,22.0,0,Invisible Product
28702.0,0.1772,79.15,11.13,0.0722,0.0564,9.27,65.0,9.39,4.32,971.0,1,High Performer
49001.0,0.0318,167.61,27.87,0.0634,0.0257,3.4,255.0,2.15,2.63,6.0,0,Invisible Product
34550.0,0.0416,59.15,11.63,0.0454,0.0208,1.51,67.0,3.52,2.65,16.0,3,Low Engagement Product
32296.0,0.0369,135.9,29.21,0.0886,0.0635,7.58,217.0,1.0,4.18,372.0,3,Low Engagement Product
5726.0,0.0813,72.68,17.92,0.0781,0.0451,7.34,103.0,1.65,3.26,276.0,3,Low Engagement Product
7524.0,0.1145,326.17,60.72,0.1254,0.0994,7.99,562.0,9.24,4.48,971.0,1,High Performer
12957.0,0.2274875,144.98,25.64,0.0226,0.0137,3.76,180.0,5.21,2.11,110.0,4,Trust Issue Product
45023.0,0.0857,254.23,49.32,0.0895,0.0488,7.96,447.0,6.21,3.47,422.0,3,Low Engagement Product
20082.0,0.2048,37.65,15.86,0.0302,0.0166,3.81,90.0,4.35,3.12,157.0,4,Trust Issue Product
11525.0,0.1176,310.42,44.09,0.1544,0.1134625,9.45,539.0,9.3,4.61,971.0,1,High Performer
2080.0,0.1212,520.42,95.77,0.0983,0.0395,7.26,988.0,8.13,3.26,159.0,2,Attract but Don't Convert
48390.0,0.2274875,467.4,83.99,0.0156,0.0086,8.72,917.0,4.87,2.66,233.0,4,Trust Issue Product
26531.0,0.0839,497.51,86.63,0.0749,0.0446,6.05,932.0,3.42,3.05,209.0,2,Attract but Don't Convert
19540.0,0.0377,58.54,19.76,0.1093,0.0613,4.36,71.0,2.02,3.73,479.0,3,Low Engagement Product
41852.0,0.1165,40.07,16.41,0.0898,0.0577,8.17,64.0,9.81,4.19,971.0,1,High Performer
17275.0,0.0211,181.58,25.68,0.0797,0.0451,3.64,312.0,1.0,3.08,408.0,3,Low Engagement Product
48751.0,0.0219,536.72,84.8,0.1222,0.0658,2.73,957.0,2.9,3.8,300.0,2,Attract but Don't Convert
26485.0,0.0432,448.34,74.07,0.0359,0.0189,2.98,831.0,2.73,1.69,21.0,0,Invisible Product
38258.0,0.0576,272.51,46.48,0.0394,0.0179,8.13,484.0,1.0,3.7,89.0,0,Invisible Product
23119.0,0.1439,490.93,81.29,0.0894,0.0679,9.09,904.0,7.13,4.61,971.0,1,High Performer
18739.0,0.0875,319.21,55.8,0.1087,0.0729,8.17,569.0,9.64,4.71,776.0,1,High Performer
20094.0,0.1287,467.39,90.53,0.0795,0.0599,10.0,886.0,4.04,4.17,381.0,2,Attract but Don't Convert
34475.0,0.1045,233.4,44.54,0.0855,0.0689,7.48,399.0,8.24,4.1,971.0,1,High Performer
21663.0,0.1067,412.68,74.56,0.0855,0.0529,6.44,762.0,3.52,4.03,117.0,2,Attract but Don't Convert
39441.0,0.0345,235.55,47.42,0.0817,0.0342,2.22,497.0,2.07,3.35,37.0,0,Invisible Product
5876.0,0.1358,181.08,39.92,0.08,0.0514,5.32,281.0,9.58,4.27,486.0,1,High Performer
36544.0,0.0931,330.4,58.59,0.074,0.0314,7.26,599.0,5.35,3.82,171.0,2,Attract but Don't Convert
3480.0,0.0473,139.83,25.76,0.0635,0.0298,2.69,198.0,3.99,1.53,25.0,0,Invisible Product
8811.0,0.0637,217.62,31.14,0.0814,0.048,4.6,376.0,6.42,4.23,157.0,3,Low Engagement Product
8882.0,0.1248,241.98,48.58,0.1146,0.084,7.77,438.0,9.11,4.38,971.0,1,High Performer
17534.0,0.2274875,369.43,72.02,0.0147,0.0031,5.0,717.0,2.26,3.07,214.0,4,Trust Issue Product
46865.0,0.049,519.22,92.27,0.0431,0.0202,3.27,972.0,2.75,1.94,7.0,0,Invisible Product
20117.0,0.0333,143.14,20.58,0.0523,0.022,1.29,220.0,2.72,1.71,21.0,0,Invisible Product
30807.0,0.1317,517.5,88.38,0.0682,0.0438,9.86,921.0,8.03,4.61,265.0,2,Attract but Don't Convert
39210.0,0.096,36.34,11.0,0.1018,0.065,4.65,32.0,4.84,4.17,321.0,3,Low Engagement Product
17443.0,0.0609,282.53,40.68,0.0837,0.0483,2.92,462.0,3.88,3.33,39.0,3,Low Engagement Product
38927.0,0.2274875,418.39,80.39,0.0282,0.0111,4.36,745.0,2.25,3.33,316.0,4,Trust Issue Product
41752.0,0.0598,390.11,77.64,0.0599,0.0209,3.39,751.0,3.06,3.07,44.0,0,Invisible Product
5755.0,0.108,154.83,37.66,0.0924,0.0543,6.34,305.0,5.52,4.08,470.0,3,Low Engagement Product
44959.0,0.001,437.79,74.62,0.0116,0.0109,3.91,775.0,1.51,3.03,21.0,0,Invisible Product
15351.0,0.0199,482.68,88.79,0.0088,0.0045,3.32,887.0,2.22,1.01,39.0,0,Invisible Product
626.0,0.1154,184.91,29.72,0.1136,0.073,8.08,277.0,8.56,4.93,333.0,1,High Performer
3324.0,0.0849,327.47,69.53,0.11,0.0663,7.76,589.0,5.73,3.6,360.0,2,Attract but Don't Convert
47937.0,0.1256,293.05,55.57,0.1473,0.1114,7.1,567.0,7.94,4.89,971.0,1,High Performer
11636.0,0.0324,463.1,83.7,0.0589,0.0296,5.68,859.0,1.0,3.13,94.0,2,Attract but Don't Convert
28641.0,0.1189,523.03,89.5,0.1019,0.0528,8.5,960.0,10.0,3.62,59.0,2,Attract but Don't Convert
13647.0,0.0656,239.98,45.69,0.0688,0.0355,7.11,509.0,1.0,3.26,423.0,3,Low Engagement Product
34631.0,0.0628,298.09,51.46,0.0528,0.0201,5.3,517.0,3.69,3.94,130.0,2,Attract but Don't Convert
8812.0,0.0823,508.57,91.34,0.0882,0.0477,6.98,924.0,1.0,3.39,162.0,2,Attract but Don't Convert
38665.0,0.0293,505.14,79.17,0.0938,0.0326,1.5,913.0,1.42,2.71,4.0,2,Attract but Don't Convert
9308.0,0.1456,401.14,74.72,0.0957,0.0585,6.49,724.0,3.85,4.44,359.0,2,Attract but Don't Convert
5209.0,0.0188,197.58,41.48,0.0153,0.0065,2.01,352.0,3.41,1.58,8.0,0,Invisible Product
49368.0,0.0909,319.2,49.93,0.0938,0.0631,7.6,581.0,8.59,4.17,488.0,1,High Performer
35301.0,0.1142,497.45,89.52,0.0771,0.0335,7.17,994.0,4.39,3.41,467.0,2,Attract but Don't Convert
17067.0,0.1164,76.51,13.83,0.1268,0.0666,1.0,51.0,6.35,3.15,208.0,3,Low Engagement Product
29859.0,0.1594,360.33,55.22,0.0304,0.014,9.61,629.0,1.91,2.51,235.0,4,Trust Issue Product
20272.0,0.0901,54.32,16.46,0.084,0.0458,7.67,62.0,5.19,3.62,269.0,3,Low Engagement Product
37035.0,0.1822,497.93,76.18,0.0125,0.0087,2.32,912.0,3.42,2.34,72.0,4,Trust Issue Product
26689.0,0.0202,227.42,43.99,0.0675,0.02,3.25,370.0,1.72,3.42,19.0,0,Invisible Product
30115.0,0.1064,184.55,33.8,0.1399,0.0911,9.77,353.0,9.6,4.61,971.0,1,High Performer
29109.0,0.0478,491.21,75.72,0.0529,0.0128,1.75,841.0,3.97,2.33,21.0,0,Invisible Product
17873.0,0.0668,302.21,56.23,0.1097,0.0718,4.15,578.0,4.74,4.33,287.0,2,Attract but Don't Convert
41225.0,0.0585,132.1,40.7,0.0933,0.0538,9.37,289.0,2.11,3.98,322.0,3,Low Engagement Product
26243.0,0.0855,519.55,80.71,0.0748,0.0443,5.31,963.0,7.74,3.8,486.0,2,Attract but Don't Convert
6254.0,0.0084,457.74,74.85,0.0829,0.0427,3.01,842.0,1.86,2.41,33.0,2,Attract but Don't Convert
21904.0,0.1101,238.1,45.33,0.0846,0.048,8.43,432.0,5.25,3.49,191.0,3,Low Engagement Product
41788.0,0.0448,515.2,86.64,0.0282,0.016,3.04,962.0,3.0,1.89,34.0,0,Invisible Product
20681.0,0.1379,311.31,58.07,0.0962,0.0592,8.82,594.0,9.14,4.1,372.0,1,High Performer
30187.0,0.0939,14.86,12.02,0.1067,0.017,3.46,38.0,7.69,3.44,13.0,3,Low Engagement Product
33081.0,0.1073,232.51,40.68,0.0585,0.0323,4.74,366.0,6.64,3.87,202.0,3,Low Engagement Product
3862.0,0.1026,498.11,74.12,0.0907,0.048,5.48,924.0,7.73,3.75,264.0,2,Attract but Don't Convert
46267.0,0.0698,338.57,67.64,0.0767,0.0388,3.52,632.0,4.15,3.41,313.0,2,Attract but Don't Convert
9868.0,0.1107,92.9,14.13,0.0458,0.0276,3.7,56.0,6.21,3.28,416.0,3,Low Engagement Product
43508.0,0.1246,343.1,74.51,0.1123,0.0544,6.07,638.0,7.97,4.23,160.0,2,Attract but Don't Convert
39599.0,0.0418,97.35,17.19,0.0899,0.0367,2.3,111.0,2.68,4.03,15.0,3,Low Engagement Product
38659.0,0.0539,429.91,82.29,0.1128,0.0712,4.24,839.0,2.53,4.49,380.0,2,Attract but Don't Convert
48690.0,0.1002,87.87,22.59,0.1083,0.0687,9.89,204.0,5.69,3.77,462.0,3,Low Engagement Product
8883.0,0.2274875,415.79,69.97,0.011,0.0104,5.31,747.0,1.91,2.98,457.0,4,Trust Issue Product
46489.0,0.0435,65.19,10.0,0.0671,0.0272,5.06,47.0,1.0,3.69,224.0,3,Low Engagement Product
29881.0,0.036,351.79,53.76,0.0219,0.0095,1.8,567.0,3.94,2.34,35.0,0,Invisible Product
30911.0,0.0888,203.01,37.62,0.0535,0.0203,3.57,391.0,3.24,2.87,18.0,0,Invisible Product
48887.0,0.0765,421.95,80.56,0.0839,0.0494,7.15,851.0,2.05,3.8,239.0,2,Attract but Don't Convert
35588.0,0.2274875,292.22,62.18,0.0144,0.0137,7.01,549.0,1.42,3.5,336.0,4,Trust Issue Product
9005.0,0.0879,223.08,41.37,0.0849,0.0363,5.22,364.0,3.37,3.22,142.0,3,Low Engagement Product
9227.0,0.0325,205.21,59.39,0.0333,0.0105,1.08,438.0,2.77,2.4,27.0,0,Invisible Product
22531.0,0.0446,139.09,30.73,0.0213,0.0142,3.12,215.0,3.56,2.6,6.0,0,Invisible Product
49253.0,0.1521,69.25,13.09,0.0895,0.067,9.84,97.0,9.75,4.29,971.0,1,High Performer
6468.0,0.0524,115.02,37.01,0.0526,0.0253,2.22,186.0,3.69,2.18,40.0,0,Invisible Product
27524.0,0.1409,66.96,23.28,0.0808,0.0586,7.0,109.0,8.05,4.6,971.0,1,High Performer
46924.0,0.0717,193.7,25.68,0.0776,0.0554,4.45,283.0,8.74,4.41,426.0,3,Low Engagement Product
45104.0,0.0226,243.61,49.17,0.0455,0.0242,1.34,491.0,3.65,2.79,37.0,0,Invisible Product
18433.0,0.0402,162.47,32.18,0.059,0.0222,3.78,227.0,1.77,3.25,2.0,3,Low Engagement Product
23216.0,0.0641,411.18,72.26,0.0349,0.0222,2.1,743.0,3.95,1.13,31.0,0,Invisible Product
47319.0,0.0773,165.44,37.2,0.1099,0.0734,3.32,290.0,4.88,4.47,419.0,3,Low Engagement Product
43301.0,0.0777,201.82,37.65,0.0747,0.0475,8.12,282.0,1.95,3.82,452.0,3,Low Engagement Product
15625.0,0.0593,254.74,49.0,0.0105,0.0016,2.7,525.0,2.49,1.27,45.0,0,Invisible Product
23498.0,0.0343,451.98,76.85,0.0743,0.0397,5.1,804.0,1.27,3.41,94.0,2,Attract but Don't Convert
32957.0,0.1187,273.49,53.55,0.1108,0.0738,3.99,531.0,6.82,4.43,427.0,1,High Performer
10461.0,0.0659,457.34,78.58,0.1228,0.0747,8.06,873.0,2.95,4.2,163.0,2,Attract but Don't Convert
16469.0,0.0076,408.73,73.78,0.078,0.0359,2.5,745.0,3.09,2.71,44.0,0,Invisible Product
3141.0,0.0568,503.43,83.39,0.0194,0.0095,3.86,905.0,2.1,1.94,30.0,0,Invisible Product
205.0,0.0513,308.38,63.19,0.0677,0.0338,8.1,595.0,2.56,3.27,211.0,2,Attract but Don't Convert
9178.0,0.0129,312.91,54.99,0.0445,0.0205,1.52,543.0,1.56,1.7,44.0,0,Invisible Product
25103.0,0.1151,391.72,67.67,0.0761,0.0542,7.06,741.0,8.67,4.08,971.0,1,High Performer
6190.0,0.1045,178.41,37.28,0.0724,0.0376,7.64,331.0,5.19,3.45,203.0,3,Low Engagement Product
38950.0,0.1144,93.61,28.85,0.085,0.033,6.32,193.0,6.23,3.01,29.0,3,Low Engagement Product
49886.0,0.115,247.41,46.2,0.1143,0.0877,9.79,450.0,9.14,4.89,806.0,1,High Performer
2025.0,0.0353,397.9,70.75,0.0325,0.0159,3.98,787.0,3.73,1.45,24.0,0,Invisible Product
18540.0,0.1053,246.55,49.36,0.0461,0.0184,2.48,482.0,2.46,2.43,32.0,0,Invisible Product
39785.0,0.1029,80.26,26.74,0.0588,0.0282,5.73,120.0,8.55,3.87,279.0,3,Low Engagement Product
26115.0,0.2274875,42.75,16.14,0.037,0.0244,2.89,35.0,1.33,3.09,46.0,4,Trust Issue Product
33420.0,0.0667,383.03,70.07,0.0806,0.0531,8.58,728.0,3.0,3.79,255.0,2,Attract but Don't Convert
25391.0,0.0841,169.89,31.22,0.044,0.0363,6.15,277.0,6.48,3.25,382.0,3,Low Engagement Product
36779.0,0.0392,521.2,84.29,0.0503,0.0081,2.82,915.0,2.39,2.27,4.0,0,Invisible Product
26389.0,0.0955,148.09,26.28,0.0876,0.0427,3.03,263.0,6.51,3.51,80.0,3,Low Engagement Product
3489.0,0.0749,195.63,38.47,0.0616,0.0241,2.93,367.0,2.7,3.4,28.0,3,Low Engagement Product
25783.0,0.0263,145.28,34.09,0.0989,0.0515,4.7,268.0,1.0,4.41,211.0,3,Low Engagement Product
13729.0,0.0243,36.27,20.47,0.0659,0.0287,1.93,124.0,2.82,2.9,30.0,3,Low Engagement Product
24926.0,0.0996,373.81,65.19,0.0833,0.0519,5.18,713.0,7.71,3.97,360.0,2,Attract but Don't Convert
35298.0,0.1031,408.63,58.77,0.0986,0.0765,8.1,686.0,7.58,4.83,971.0,1,High Performer
26730.0,0.0687,184.4,33.86,0.0861,0.0469,3.08,306.0,2.9,4.29,401.0,3,Low Engagement Product
33326.0,0.0955,115.91,21.35,0.0776,0.0447,2.38,188.0,3.77,4.26,67.0,3,Low Engagement Product
46263.0,0.1275,260.01,44.99,0.1091,0.0694,9.03,439.0,7.92,4.47,764.0,1,High Performer
33075.0,0.1361,54.4,16.69,0.0865,0.0626,9.67,66.0,7.6,4.49,462.0,3,Low Engagement Product
999.0,0.0296,85.77,22.18,0.0471,0.0251,2.8,62.0,2.71,2.99,25.0,3,Low Engagement Product
11753.0,0.2271,197.5,41.85,0.0302,0.0149,1.59,340.0,2.32,3.19,20.0,4,Trust Issue Product
28061.0,0.0162,476.47,78.15,0.033,0.0106,3.03,837.0,1.96,1.81,33.0,0,Invisible Product
16505.0,0.0124,155.25,39.66,0.0278,0.0107,1.34,240.0,2.85,1.27,36.0,0,Invisible Product
8701.0,0.001,306.59,54.59,0.0343,0.0132,1.67,532.0,3.04,3.42,48.0,0,Invisible Product
33762.0,0.143,392.45,64.9,0.1015,0.07,9.52,731.0,7.37,4.88,266.0,1,High Performer
33382.0,0.0626,279.38,45.72,0.094,0.0353,2.31,460.0,2.33,2.71,0.0,0,Invisible Product
21388.0,0.0574,145.43,35.93,0.001,0.001,2.9,163.0,2.0,1.05,3.0,0,Invisible Product
29645.0,0.1166,495.24,79.13,0.1277,0.0868,8.26,909.0,7.04,4.05,971.0,1,High Performer
36977.0,0.0849,49.87,12.26,0.1013,0.0701,6.08,47.0,6.07,4.38,266.0,3,Low Engagement Product
46126.0,0.0976,486.0,84.84,0.0603,0.033,8.6,873.0,4.66,3.06,230.0,2,Attract but Don't Convert
15413.0,0.0102,455.08,75.11,0.0407,0.0051,1.37,869.0,2.71,2.19,46.0,0,Invisible Product
15449.0,0.0889,462.84,79.87,0.1014,0.0601,3.83,809.0,5.51,3.39,168.0,2,Attract but Don't Convert
7279.0,0.0441,305.85,61.58,0.001,0.001,1.65,572.0,1.43,1.66,46.0,0,Invisible Product
10426.0,0.0947,460.05,80.48,0.1207,0.0839,7.97,863.0,7.49,4.14,971.0,1,High Performer
44655.0,0.094,386.39,72.55,0.1009,0.0709,7.18,678.0,7.85,4.31,971.0,1,High Performer
1660.0,0.0102,427.12,79.25,0.0683,0.0337,1.49,876.0,3.4,2.35,21.0,0,Invisible Product
13712.0,0.1181,390.8,71.42,0.0641,0.0418,7.19,709.0,9.24,4.36,971.0,1,High Performer
17750.0,0.079,456.19,65.87,0.0758,0.047,5.21,846.0,5.38,3.62,145.0,2,Attract but Don't Convert
26845.0,0.099,448.7,81.84,0.0425,0.0198,7.82,856.0,5.21,3.96,217.0,2,Attract but Don't Convert
31990.0,0.0122,498.01,92.68,0.0541,0.0204,2.15,949.0,3.03,1.45,15.0,0,Invisible Product
20122.0,0.0928,106.1,28.91,0.0679,0.0465,5.51,186.0,8.82,3.91,247.0,3,Low Engagement Product
4880.0,0.1123,337.76,60.45,0.091,0.0778,7.16,654.0,9.76,4.99,971.0,1,High Performer
18411.0,0.0917,324.2,50.94,0.0379,0.0255,7.73,605.0,2.55,3.37,348.0,2,Attract but Don't Convert
28480.0,0.1051,395.08,77.39,0.0852,0.0512,6.67,770.0,10.0,3.29,227.0,2,Attract but Don't Convert
44762.0,0.112,174.2,27.3,0.0858,0.0522,5.59,268.0,9.2,3.66,197.0,3,Low Engagement Product
2456.0,0.0212,412.61,70.04,0.01,0.0015,3.3,794.0,1.42,1.14,44.0,0,Invisible Product
4890.0,0.0306,437.47,71.33,0.0445,0.02,1.66,783.0,2.93,1.81,45.0,0,Invisible Product
27011.0,0.0647,199.07,43.44,0.0256,0.0112,3.76,376.0,2.34,1.74,31.0,0,Invisible Product
49558.0,0.0965,69.23,26.48,0.0574,0.0433,8.46,130.0,7.71,4.15,726.0,3,Low Engagement Product
24463.0,0.0278,381.12,77.07,0.063,0.0395,5.22,711.0,5.44,3.38,199.0,2,Attract but Don't Convert
20149.0,0.0033,366.35,68.36,0.0891,0.0385,2.15,719.0,1.86,2.79,33.0,0,Invisible Product
10281.0,0.0901,446.76,78.78,0.1174,0.076,3.94,839.0,6.96,4.45,403.0,2,Attract but Don't Convert
39925.0,0.0894,383.22,71.5,0.1041,0.0768,8.05,738.0,7.06,4.3,931.0,1,High Performer
16182.0,0.017,131.28,28.05,0.0503,0.0186,1.12,253.0,3.04,2.19,20.0,0,Invisible Product
761.0,0.0851,26.53,17.17,0.0902,0.0313,6.57,43.0,3.57,4.45,283.0,3,Low Engagement Product
37512.0,0.0538,75.97,10.89,0.0547,0.0212,3.05,45.0,1.99,1.73,26.0,0,Invisible Product
48579.0,0.1516,244.02,47.81,0.123,0.0923,9.66,400.0,7.8,4.83,971.0,1,High Performer
3020.0,0.0707,378.29,65.29,0.0688,0.0347,6.66,749.0,1.28,3.17,263.0,2,Attract but Don't Convert
25758.0,0.0178,196.64,43.88,0.0543,0.0086,2.19,365.0,3.19,2.43,41.0,0,Invisible Product
48870.0,0.102,258.22,46.52,0.0592,0.0343,4.05,397.0,5.27,4.06,203.0,3,Low Engagement Product
14125.0,0.0856,299.92,45.81,0.0658,0.0409,9.97,541.0,3.95,3.34,494.0,2,Attract but Don't Convert
9046.0,0.1284,41.14,14.86,0.0847,0.0782,9.23,36.0,9.58,4.78,971.0,1,High Performer
28806.0,0.068,164.15,39.24,0.0641,0.0364,6.24,264.0,2.84,4.08,358.0,3,Low Engagement Product
45600.0,0.0881,403.77,70.43,0.1012,0.0608,7.67,737.0,3.34,4.15,331.0,2,Attract but Don't Convert
39104.0,0.0486,424.28,73.81,0.0031,0.0001,1.09,789.0,1.55,1.18,36.0,0,Invisible Product
16409.0,0.1144,335.45,59.31,0.1199,0.0876,8.92,643.0,8.01,4.65,971.0,1,High Performer
46386.0,0.1268,358.23,71.79,0.1199,0.0905,7.13,736.0,8.76,4.33,971.0,1,High Performer
33220.0,0.0433,308.6,53.26,0.0645,0.0311,4.4,558.0,3.04,3.07,189.0,0,Invisible Product
30127.0,0.0982,487.01,91.8,0.0786,0.0442,2.04,988.0,6.77,4.04,332.0,2,Attract but Don't Convert
7105.0,0.209,321.22,62.31,0.0376,0.022,6.26,602.0,8.29,2.94,392.0,4,Trust Issue Product
46904.0,0.0578,370.39,68.34,0.0699,0.0264,2.18,707.0,2.09,2.66,2.0,0,Invisible Product
49410.0,0.001,126.0,33.66,0.0514,0.0154,1.79,221.0,1.02,1.37,42.0,0,Invisible Product
1056.0,0.091,171.99,33.77,0.054,0.0325,7.23,267.0,6.4,3.32,97.0,3,Low Engagement Product
34939.0,0.0787,94.23,19.53,0.0661,0.0437,6.08,137.0,3.74,3.17,274.0,3,Low Engagement Product
8695.0,0.1121,53.47,10.0,0.0838,0.0539,5.05,28.0,6.41,3.85,372.0,3,Low Engagement Product
48008.0,0.2274875,302.56,57.43,0.0299,0.0185,7.55,617.0,8.42,2.55,902.0,4,Trust Issue Product
12903.0,0.0787,66.13,12.94,0.0959,0.0447,5.49,42.0,1.0,3.78,313.0,3,Low Engagement Product
26063.0,0.0677,541.4,92.09,0.0435,0.0125,1.83,986.0,3.62,1.7,44.0,0,Invisible Product
36321.0,0.1435,158.5,21.77,0.1407,0.1,7.43,259.0,9.63,4.98,971.0,1,High Performer
39543.0,0.1234,370.72,49.78,0.0899,0.0676,8.21,604.0,7.83,4.25,971.0,1,High Performer
33823.0,0.007,66.5,10.0,0.0138,0.0101,1.91,46.0,1.99,1.71,33.0,0,Invisible Product
39163.0,0.2209,469.32,80.37,0.039,0.023,7.41,880.0,2.0,2.98,391.0,4,Trust Issue Product
48789.0,0.0955,108.64,11.78,0.0673,0.0378,5.2,100.0,7.21,3.68,325.0,3,Low Engagement Product
15382.0,0.1528,339.18,61.82,0.0786,0.0441,9.16,615.0,9.07,3.62,343.0,1,High Performer
4803.0,0.2061,120.53,25.88,0.0232,0.022,2.52,218.0,2.06,2.19,6.0,4,Trust Issue Product
6663.0,0.0627,333.22,48.48,0.0832,0.0508,4.56,574.0,6.93,4.07,135.0,2,Attract but Don't Convert
25949.0,0.0657,457.27,79.07,0.0735,0.0395,6.41,794.0,5.06,3.12,383.0,2,Attract but Don't Convert
31960.0,0.2022,54.82,19.17,0.028,0.0184,8.94,111.0,8.28,2.73,971.0,4,Trust Issue Product
31685.0,0.0458,455.73,85.35,0.0932,0.0355,3.01,870.0,2.81,3.38,28.0,2,Attract but Don't Convert
22115.0,0.1082,508.81,88.82,0.0338,0.0202,5.72,978.0,5.82,3.09,189.0,2,Attract but Don't Convert
12103.0,0.0125,55.99,26.36,0.001,0.0001,1.73,103.0,3.44,1.81,2.0,0,Invisible Product
43685.0,0.0621,183.86,39.1,0.0603,0.0258,3.4,319.0,3.97,1.7,44.0,0,Invisible Product
27058.0,0.0682,491.35,79.87,0.1004,0.0451,5.95,954.0,6.83,3.76,52.0,2,Attract but Don't Convert
26117.0,0.1447,195.92,32.96,0.1372,0.106,7.53,315.0,9.54,4.9,550.0,1,High Performer
11271.0,0.0596,372.88,60.42,0.0814,0.038,6.54,666.0,2.69,3.13,212.0,2,Attract but Don't Convert
45450.0,0.0347,269.28,36.96,0.0917,0.0576,3.66,473.0,4.19,4.41,391.0,3,Low Engagement Product
12301.0,0.0356,184.22,38.88,0.0268,0.0044,3.62,300.0,2.93,1.42,37.0,0,Invisible Product
29526.0,0.0675,99.09,18.86,0.0543,0.029,5.85,78.0,6.12,3.98,315.0,3,Low Engagement Product
17878.0,0.0703,534.3,91.92,0.0926,0.051,7.52,928.0,1.6,4.13,116.0,2,Attract but Don't Convert
45341.0,0.0896,487.17,73.52,0.0471,0.0239,4.87,890.0,5.41,3.34,97.0,2,Attract but Don't Convert
42329.0,0.1586,200.38,33.62,0.154,0.1082,8.52,361.0,9.87,4.44,971.0,1,High Performer
21216.0,0.0533,421.59,67.29,0.0595,0.0297,5.91,772.0,2.58,3.74,23.0,2,Attract but Don't Convert
48464.0,0.1691,272.62,56.62,0.1124,0.0956,9.92,484.0,8.93,4.85,971.0,1,High Performer
33397.0,0.0773,493.15,89.47,0.1019,0.0533,5.35,899.0,5.01,3.2,252.0,2,Attract but Don't Convert
19442.0,0.125,192.8,32.79,0.0713,0.0292,5.84,361.0,7.46,3.3,27.0,3,Low Engagement Product
27590.0,0.0516,359.41,62.63,0.075,0.0502,5.23,629.0,2.07,3.85,237.0,2,Attract but Don't Convert
20075.0,0.1034,72.14,20.09,0.027,0.0088,7.93,81.0,6.47,3.42,86.0,3,Low Engagement Product
26823.0,0.143,425.81,73.37,0.0737,0.0579,8.08,795.0,9.45,4.28,759.0,1,High Performer
23379.0,0.1737,351.1,71.9,0.028,0.0053,7.73,644.0,4.39,2.86,299.0,4,Trust Issue Product
12865.0,0.0355,280.96,33.9,0.1269,0.087,2.46,448.0,3.76,4.49,348.0,3,Low Engagement Product
46778.0,0.0715,423.21,54.79,0.0494,0.0178,4.72,677.0,1.74,3.01,50.0,0,Invisible Product
11661.0,0.0044,405.86,70.71,0.044,0.0126,1.27,747.0,1.87,1.98,40.0,0,Invisible Product
41999.0,0.1571,152.87,26.34,0.1677,0.1134625,9.96,275.0,9.44,4.89,650.0,1,High Performer
625.0,0.2274875,453.27,82.66,0.0101,0.0096,4.25,847.0,2.56,3.36,128.0,4,Trust Issue Product
22961.0,0.0865,459.68,70.11,0.0916,0.048,5.62,847.0,3.08,3.17,84.0,2,Attract but Don't Convert
49253.0,0.1004,479.73,84.96,0.072,0.04,5.1,893.0,5.4,3.86,392.0,2,Attract but Don't Convert
33242.0,0.0459,427.89,73.4,0.0647,0.0246,3.82,789.0,2.78,1.46,1.0,0,Invisible Product
27016.0,0.1369,388.96,77.48,0.0926,0.0659,8.22,725.0,9.94,4.64,971.0,1,High Performer
45065.0,0.0383,239.96,35.53,0.0134,0.0033,1.93,366.0,3.27,1.34,11.0,0,Invisible Product
4748.0,0.1576,297.1,62.0,0.1292,0.07,8.67,545.0,7.69,4.19,119.0,1,High Performer
35233.0,0.2274875,207.6,40.07,0.0108,0.005,6.02,323.0,3.96,3.38,186.0,4,Trust Issue Product
30623.0,0.2274875,316.79,56.18,0.0144,0.0027,1.05,634.0,2.15,2.09,14.0,4,Trust Issue Product
29152.0,0.1164,150.67,26.76,0.1399,0.1012,8.64,264.0,7.55,4.79,754.0,1,High Performer
34514.0,0.0156,423.86,77.87,0.0059,0.0001,2.24,776.0,2.85,1.13,15.0,0,Invisible Product
32881.0,0.1674,450.87,78.43,0.0253,0.015,9.14,843.0,7.16,2.95,95.0,4,Trust Issue Product
4699.0,0.0515,453.84,73.47,0.0485,0.014,2.99,799.0,1.17,2.78,2.0,0,Invisible Product
35146.0,0.0868,412.88,79.44,0.0911,0.051,5.46,755.0,8.07,4.45,227.0,2,Attract but Don't Convert
47164.0,0.1006,431.99,74.31,0.0971,0.0584,3.89,751.0,1.0,4.31,78.0,2,Attract but Don't Convert
36023.0,0.011,460.74,73.37,0.058,0.0305,1.08,842.0,1.46,1.51,26.0,0,Invisible Product
41189.0,0.0785,229.17,41.92,0.1186,0.0712,5.45,431.0,4.08,3.89,222.0,3,Low Engagement Product
3914.0,0.1019,474.65,84.09,0.0786,0.045,8.13,897.0,4.53,3.26,402.0,2,Attract but Don't Convert
45993.0,0.0345,145.4,30.22,0.0095,0.0014,2.96,236.0,1.16,1.03,45.0,0,Invisible Product
36084.0,0.0837,323.05,56.59,0.1133,0.0753,7.06,535.0,7.35,4.57,971.0,1,High Performer
26716.0,0.0747,271.55,53.76,0.0911,0.0589,6.5,493.0,2.8,4.17,313.0,2,Attract but Don't Convert
2213.0,0.0616,54.77,22.32,0.0667,0.0204,3.85,55.0,3.72,2.99,22.0,3,Low Engagement Product
43106.0,0.0847,120.52,23.84,0.0634,0.0311,5.84,197.0,6.25,3.78,21.0,3,Low Engagement Product
13860.0,0.1508,235.45,54.53,0.0779,0.0511,7.26,406.0,7.91,4.76,971.0,1,High Performer
22027.0,0.0953,437.05,77.8,0.105,0.0767,9.84,788.0,7.29,4.79,787.0,1,High Performer
21039.0,0.0377,62.03,14.34,0.0607,0.0438,6.05,36.0,3.01,3.92,458.0,3,Low Engagement Product
32519.0,0.0822,388.73,67.71,0.0792,0.046,6.48,730.0,2.48,4.08,122.0,2,Attract but Don't Convert
12688.0,0.1073,414.47,79.93,0.1361,0.1112,7.28,849.0,7.26,4.79,971.0,1,High Performer
36242.0,0.0361,69.02,10.0,0.0573,0.0318,3.93,67.0,3.23,2.76,32.0,3,Low Engagement Product
39298.0,0.1087,72.53,16.01,0.1055,0.0602,8.58,81.0,5.4,3.62,279.0,3,Low Engagement Product
44838.0,0.04,77.05,23.69,0.0466,0.0276,1.64,88.0,1.14,1.84,47.0,0,Invisible Product
33497.0,0.0137,369.12,62.25,0.037,0.0116,3.9,678.0,2.28,1.2,26.0,0,Invisible Product
16753.0,0.0492,481.11,71.71,0.032,0.0072,2.8,890.0,1.84,1.9,23.0,0,Invisible Product
10931.0,0.0569,182.19,34.23,0.089,0.0422,3.04,385.0,3.66,3.01,329.0,3,Low Engagement Product
5824.0,0.0445,123.42,22.96,0.0816,0.0429,2.05,181.0,4.5,3.55,35.0,3,Low Engagement Product
11183.0,0.1049,389.12,72.32,0.0776,0.0442,8.17,758.0,5.16,3.62,400.0,2,Attract but Don't Convert
46017.0,0.0985,535.69,82.95,0.0871,0.0409,6.46,964.0,5.98,3.55,64.0,2,Attract but Don't Convert
19916.0,0.0628,529.97,82.8,0.0769,0.0516,5.9,995.0,1.0,4.25,324.0,2,Attract but Don't Convert
42340.0,0.0168,269.02,46.93,0.0249,0.0014,3.28,507.0,1.59,1.45,37.0,0,Invisible Product
6376.0,0.1496,231.36,55.67,0.1029,0.0855,9.36,450.0,7.69,4.45,966.0,1,High Performer
48503.0,0.2274875,451.88,93.42,0.0229,0.0062,7.74,878.0,6.08,3.19,217.0,4,Trust Issue Product
38763.0,0.0833,271.15,53.28,0.112,0.0606,3.91,508.0,4.47,3.62,88.0,2,Attract but Don't Convert
14094.0,0.001,155.3,31.28,0.0584,0.0287,1.29,249.0,2.44,3.33,26.0,0,Invisible Product
23599.0,0.0648,200.63,46.76,0.0946,0.0388,3.44,389.0,2.15,2.32,46.0,0,Invisible Product
23140.0,0.2274875,133.34,18.94,0.0262,0.0195,7.09,197.0,8.66,2.8,541.0,4,Trust Issue Product
43420.0,0.1696,488.06,77.32,0.034,0.0202,7.15,876.0,2.08,2.14,449.0,4,Trust Issue Product
17059.0,0.0073,266.57,33.85,0.0588,0.0262,3.04,429.0,3.22,3.41,30.0,0,Invisible Product
6199.0,0.0443,315.82,59.3,0.0944,0.0609,6.73,587.0,1.0,4.08,333.0,2,Attract but Don't Convert
42367.0,0.043,333.94,58.5,0.0598,0.0109,2.21,609.0,1.29,1.88,14.0,0,Invisible Product
19676.0,0.1361,161.27,29.18,0.0538,0.0344,8.75,289.0,7.99,4.55,546.0,3,Low Engagement Product
36046.0,0.0625,118.37,37.72,0.0728,0.0439,7.97,225.0,3.25,3.32,423.0,3,Low Engagement Product
6216.0,0.0903,425.23,81.17,0.0363,0.0157,4.91,812.0,5.31,3.35,160.0,2,Attract but Don't Convert
15663.0,0.0313,373.4,70.56,0.0706,0.0287,3.84,759.0,2.51,2.39,34.0,0,Invisible Product
26888.0,0.0498,449.99,79.54,0.1026,0.0622,6.23,919.0,1.12,3.88,479.0,2,Attract but Don't Convert
27028.0,0.0524,421.05,73.15,0.0956,0.0548,6.98,770.0,3.13,4.48,472.0,2,Attract but Don't Convert
36436.0,0.0545,532.06,90.05,0.0819,0.0526,3.38,994.0,2.97,3.62,410.0,2,Attract but Don't Convert
9947.0,0.1619,463.89,72.96,0.0347,0.0175,6.46,819.0,10.0,2.35,395.0,4,Trust Issue Product
26255.0,0.0503,109.2,13.19,0.0236,0.0028,2.42,101.0,1.93,1.48,35.0,0,Invisible Product
14235.0,0.016,466.14,80.41,0.0498,0.0305,2.02,865.0,2.54,3.02,23.0,0,Invisible Product
17874.0,0.1311,401.64,73.61,0.0924,0.0663,7.92,781.0,9.68,4.41,971.0,1,High Performer
1842.0,0.001,117.07,21.57,0.0396,0.0147,2.32,212.0,1.88,1.1,16.0,0,Invisible Product
18409.0,0.1509,327.7,51.15,0.124,0.0853,7.47,637.0,9.02,4.17,971.0,1,High Performer
719.0,0.0725,139.04,24.93,0.0806,0.0525,7.25,208.0,2.37,3.05,337.0,3,Low Engagement Product
17758.0,0.0387,162.48,26.44,0.0522,0.0275,1.08,295.0,2.35,2.74,44.0,0,Invisible Product
34807.0,0.2274875,48.4,13.46,0.0393,0.0179,8.65,93.0,8.02,2.47,971.0,4,Trust Issue Product
20437.0,0.1246,52.92,10.0,0.1026,0.0631,9.25,29.0,9.03,4.41,971.0,1,High Performer
16101.0,0.0737,374.2,64.59,0.0969,0.0609,4.83,654.0,6.48,4.18,207.0,2,Attract but Don't Convert
1068.0,0.0574,132.57,25.99,0.0409,0.0154,3.91,235.0,2.53,1.98,33.0,0,Invisible Product
47714.0,0.1138,183.81,36.09,0.066,0.0359,5.74,309.0,5.06,3.39,432.0,3,Low Engagement Product
25992.0,0.2012,291.23,42.61,0.0267,0.013,6.16,464.0,7.1,2.99,229.0,4,Trust Issue Product
25719.0,0.0561,519.67,87.01,0.0688,0.0116,2.61,942.0,1.74,2.45,0.0,0,Invisible Product
381.0,0.1979,297.05,54.06,0.0204,0.0085,2.16,571.0,1.08,2.1,19.0,4,Trust Issue Product
27520.0,0.0311,167.08,28.42,0.051,0.0174,3.07,212.0,1.93,2.78,5.0,0,Invisible Product
15460.0,0.1009,373.37,69.14,0.0941,0.0504,5.74,658.0,4.78,3.42,313.0,2,Attract but Don't Convert
39130.0,0.1433,216.5,33.7,0.1189,0.0812,8.62,308.0,7.76,4.24,917.0,1,High Performer
1158.0,0.2274875,517.89,87.88,0.0192,0.0176,8.86,983.0,8.34,2.82,273.0,4,Trust Issue Product
20777.0,0.0611,313.91,60.39,0.0436,0.0128,2.45,602.0,3.83,1.51,4.0,0,Invisible Product
10824.0,0.0624,363.21,66.06,0.0579,0.0296,3.12,668.0,1.79,2.33,28.0,0,Invisible Product
28504.0,0.2018,83.28,11.13,0.0202,0.0079,2.51,163.0,2.4,2.16,5.0,4,Trust Issue Product
38046.0,0.1154,250.56,36.91,0.0742,0.0589,9.39,408.0,9.5,4.24,971.0,1,High Performer
39848.0,0.134,461.44,81.99,0.0988,0.0659,7.85,885.0,9.46,4.0,971.0,1,High Performer
29956.0,0.1578,493.31,91.09,0.0868,0.0559,7.54,911.0,9.29,4.44,862.0,1,High Performer
9300.0,0.0955,286.26,36.67,0.1291,0.1046,7.75,426.0,7.89,4.89,770.0,1,High Performer
34097.0,0.0191,435.25,73.54,0.0416,0.0269,5.74,830.0,1.01,3.04,270.0,2,Attract but Don't Convert
25711.0,0.0346,224.49,42.34,0.0457,0.0249,3.56,389.0,2.26,1.71,49.0,0,Invisible Product
41335.0,0.0657,458.66,75.22,0.0638,0.033,5.69,876.0,4.64,3.75,30.0,2,Attract but Don't Convert
35157.0,0.0169,257.09,49.51,0.1039,0.0627,4.46,460.0,2.24,4.36,187.0,3,Low Engagement Product
1339.0,0.0795,508.31,90.87,0.0831,0.0517,6.3,966.0,5.87,3.32,413.0,2,Attract but Don't Convert
38238.0,0.1377,449.99,76.2,0.0991,0.0671,9.97,800.0,7.46,4.03,703.0,1,High Performer
49038.0,0.079,505.28,84.21,0.0919,0.0344,2.39,915.0,3.2,2.24,32.0,2,Attract but Don't Convert
225.0,0.0904,494.95,80.04,0.0596,0.0352,3.25,939.0,7.31,3.23,372.0,2,Attract but Don't Convert
45372.0,0.1247,367.4,62.12,0.1301,0.1006,7.02,670.0,7.46,4.96,971.0,1,High Performer
23957.0,0.0996,314.81,62.99,0.0989,0.0497,10.0,583.0,6.19,3.28,491.0,1,High Performer
15498.0,0.0878,332.31,55.66,0.108,0.0573,7.72,548.0,4.24,4.04,80.0,2,Attract but Don't Convert
6738.0,0.1234,326.94,53.98,0.0824,0.0505,7.06,696.0,9.98,4.18,578.0,1,High Performer
6670.0,0.1228,30.3,16.66,0.0786,0.0557,8.22,32.0,7.29,3.55,359.0,3,Low Engagement Product
3349.0,0.1008,399.01,69.72,0.0656,0.028,4.86,721.0,6.98,3.38,103.0,2,Attract but Don't Convert
9210.0,0.1118,226.39,37.0,0.0754,0.0391,8.15,359.0,4.22,3.51,216.0,3,Low Engagement Product
40463.0,0.1028,497.38,79.68,0.0627,0.0336,6.16,884.0,7.46,3.46,484.0,2,Attract but Don't Convert
13705.0,0.0694,476.5,78.37,0.076,0.0436,4.68,893.0,5.97,3.82,82.0,2,Attract but Don't Convert
12215.0,0.0989,459.7,81.01,0.1032,0.0544,7.36,883.0,2.57,3.2,164.0,2,Attract but Don't Convert
39162.0,0.0919,426.96,73.62,0.0781,0.0546,6.28,795.0,4.05,3.76,267.0,2,Attract but Don't Convert
23011.0,0.0529,214.87,35.25,0.075,0.0427,3.28,331.0,2.12,3.38,44.0,3,Low Engagement Product
38625.0,0.0549,393.71,71.48,0.0603,0.0337,6.43,752.0,1.0,3.47,237.0,2,Attract but Don't Convert
32656.0,0.1287,90.28,19.21,0.1006,0.0589,6.41,123.0,7.51,4.4,356.0,3,Low Engagement Product
12695.0,0.001,203.01,43.65,0.0841,0.0407,1.47,358.0,1.27,3.37,37.0,0,Invisible Product
2069.0,0.153,163.44,31.53,0.0977,0.0549,10.0,217.0,8.02,3.63,184.0,3,Low Engagement Product
43853.0,0.1567,166.26,28.78,0.1384,0.0932,8.6,319.0,9.93,4.72,971.0,1,High Performer
17375.0,0.0581,211.01,48.9,0.0446,0.023,6.44,463.0,3.71,3.15,305.0,3,Low Engagement Product
4570.0,0.0248,216.53,38.85,0.0213,0.009,3.02,378.0,2.1,1.7,28.0,0,Invisible Product
10325.0,0.023,235.91,36.11,0.0583,0.027,2.5,387.0,4.0,3.21,43.0,0,Invisible Product
42424.0,0.0586,113.79,26.69,0.1002,0.0349,2.56,188.0,3.89,3.19,9.0,3,Low Engagement Product
42074.0,0.0282,77.28,25.47,0.0968,0.0594,7.33,168.0,3.31,4.4,226.0,3,Low Engagement Product
42859.0,0.0361,432.99,86.2,0.0077,0.0023,1.05,780.0,3.16,1.62,31.0,0,Invisible Product
23296.0,0.1193,414.61,61.86,0.1295,0.0927,8.88,787.0,9.06,4.79,545.0,1,High Performer
40387.0,0.0771,65.01,12.53,0.098,0.0466,7.34,61.0,5.56,4.41,45.0,3,Low Engagement Product
13769.0,0.001,134.61,40.23,0.0679,0.0334,2.71,221.0,1.13,2.5,24.0,0,Invisible Product
37480.0,0.0575,480.29,85.36,0.1027,0.0607,5.02,989.0,5.02,3.26,497.0,2,Attract but Don't Convert
45241.0,0.1577,167.99,32.86,0.0909,0.0585,7.45,263.0,9.77,4.74,801.0,1,High Performer
48420.0,0.0877,385.38,66.06,0.1249,0.0815,8.41,688.0,5.21,4.22,464.0,1,High Performer
47514.0,0.051,267.6,49.07,0.0671,0.0297,1.7,483.0,3.98,3.17,27.0,0,Invisible Product
38106.0,0.1085,241.45,44.62,0.0894,0.0622,9.04,468.0,8.33,4.34,971.0,1,High Performer
15677.0,0.2274875,532.78,82.13,0.0197,0.0026,2.42,932.0,9.05,2.59,406.0,4,Trust Issue Product
22573.0,0.1557,446.31,76.95,0.0858,0.0643,9.76,817.0,9.38,4.7,971.0,1,High Performer
28725.0,0.0429,409.17,74.09,0.0746,0.0397,5.33,813.0,1.0,3.53,366.0,2,Attract but Don't Convert
15604.0,0.0308,304.0,48.01,0.044,0.0154,2.29,456.0,1.21,2.29,28.0,0,Invisible Product
24189.0,0.1481,473.77,85.35,0.0855,0.0681,9.6,912.0,9.3,4.47,971.0,1,High Performer
36587.0,0.1195,441.14,76.44,0.0821,0.0529,9.37,769.0,9.23,4.15,971.0,1,High Performer
402.0,0.0486,318.1,59.32,0.0924,0.06,2.32,550.0,6.33,3.24,221.0,2,Attract but Don't Convert
31563.0,0.1254,329.1,57.58,0.0929,0.0663,5.82,584.0,8.45,4.2,159.0,2,Attract but Don't Convert
45012.0,0.1308,365.81,53.69,0.0543,0.0304,6.23,616.0,7.08,3.04,283.0,4,Trust Issue Product
29359.0,0.0963,139.54,39.73,0.0972,0.047,6.12,292.0,6.33,3.93,124.0,3,Low Engagement Product
42923.0,0.0544,265.96,47.67,0.0593,0.0167,1.83,449.0,3.58,1.92,34.0,0,Invisible Product
37308.0,0.1231,468.75,85.52,0.0825,0.0476,7.58,891.0,5.63,3.51,212.0,2,Attract but Don't Convert
30759.0,0.0781,194.14,30.98,0.061,0.0258,8.65,232.0,2.64,3.89,15.0,3,Low Engagement Product
35940.0,0.1058,475.41,86.45,0.0433,0.024,5.69,968.0,8.63,4.18,461.0,2,Attract but Don't Convert
31990.0,0.0842,482.24,79.81,0.0753,0.047,4.06,892.0,5.26,4.24,332.0,2,Attract but Don't Convert
13698.0,0.1541,99.16,27.97,0.1205,0.0608,7.01,123.0,7.71,4.2,107.0,3,Low Engagement Product
47155.0,0.0721,123.51,27.51,0.1164,0.0806,5.44,211.0,2.18,4.5,134.0,3,Low Engagement Product
46833.0,0.0246,504.82,86.74,0.0391,0.0198,1.14,960.0,1.33,2.63,46.0,0,Invisible Product
19608.0,0.0386,374.74,62.79,0.0784,0.0552,4.8,708.0,1.92,3.96,317.0,2,Attract but Don't Convert
42387.0,0.081,349.56,63.04,0.0888,0.0522,4.28,678.0,6.67,3.34,207.0,2,Attract but Don't Convert
13480.0,0.1316,210.88,46.96,0.0909,0.066,8.6,399.0,7.11,4.03,971.0,1,High Performer
27084.0,0.0826,519.79,89.39,0.0953,0.0472,2.52,986.0,6.94,3.41,216.0,2,Attract but Don't Convert
44733.0,0.0854,93.5,24.75,0.0797,0.0206,5.07,100.0,7.92,3.65,12.0,3,Low Engagement Product
8225.0,0.1208,378.89,69.87,0.1072,0.0736,5.34,724.0,7.28,4.27,410.0,2,Attract but Don't Convert
36159.0,0.1239,267.23,56.22,0.0769,0.0454,6.44,568.0,6.59,3.55,487.0,2,Attract but Don't Convert
4133.0,0.1121,226.12,39.69,0.0822,0.0655,7.54,396.0,7.7,4.33,578.0,1,High Performer
37973.0,0.0459,464.17,79.1,0.0565,0.0185,2.97,857.0,2.41,1.43,31.0,0,Invisible Product
17187.0,0.0847,111.63,19.83,0.0591,0.0372,8.31,173.0,4.69,4.03,479.0,3,Low Engagement Product
41001.0,0.2274875,361.35,66.27,0.0218,0.0094,5.97,661.0,6.46,2.64,392.0,4,Trust Issue Product
49826.0,0.0495,343.44,57.18,0.0312,0.0182,2.38,590.0,3.31,1.4,45.0,0,Invisible Product
5804.0,0.1075,406.14,69.44,0.1225,0.0744,8.37,755.0,8.05,4.73,681.0,1,High Performer
7948.0,0.0498,436.33,71.34,0.049,0.0238,3.89,780.0,1.02,3.08,35.0,0,Invisible Product
21692.0,0.0998,165.71,34.39,0.0854,0.0401,6.43,259.0,7.93,3.65,75.0,3,Low Engagement Product
45843.0,0.1432,207.7,38.54,0.0516,0.0293,9.5,393.0,6.79,3.25,450.0,3,Low Engagement Product
7024.0,0.115,512.32,88.94,0.1085,0.0742,5.56,920.0,10.0,4.41,217.0,2,Attract but Don't Convert
27308.0,0.0273,415.04,73.99,0.123,0.0699,5.67,824.0,3.11,4.19,287.0,2,Attract but Don't Convert
19714.0,0.1181,397.18,78.81,0.072,0.0461,7.92,818.0,8.83,4.97,584.0,1,High Performer
588.0,0.0531,143.5,25.71,0.0129,0.0122,3.35,223.0,3.45,1.1,6.0,0,Invisible Product
39982.0,0.001,356.98,57.71,0.077,0.0284,1.14,630.0,3.13,3.01,9.0,0,Invisible Product
26023.0,0.0749,225.11,47.12,0.1305,0.063,8.02,369.0,6.34,3.21,122.0,3,Low Engagement Product
48608.0,0.0323,359.35,70.08,0.0495,0.0166,3.16,707.0,1.64,1.73,45.0,0,Invisible Product
36041.0,0.0545,429.42,74.07,0.035,0.0059,1.34,793.0,3.25,2.21,33.0,0,Invisible Product
29265.0,0.1417,397.78,66.96,0.0833,0.0525,9.49,802.0,7.72,3.6,148.0,2,Attract but Don't Convert
1767.0,0.066,117.98,25.15,0.0445,0.03,7.84,162.0,1.0,3.12,173.0,3,Low Engagement Product
26313.0,0.0936,135.78,31.82,0.1081,0.0607,7.75,208.0,7.01,4.13,531.0,3,Low Engagement Product
4214.0,0.0027,186.37,34.3,0.0684,0.0262,1.67,291.0,1.09,2.36,32.0,0,Invisible Product
36421.0,0.0411,321.28,54.26,0.0906,0.0307,1.75,551.0,2.01,2.92,25.0,0,Invisible Product
7861.0,0.1358,472.66,80.14,0.094,0.0681,7.81,864.0,9.76,4.35,771.0,1,High Performer
31216.0,0.0922,162.87,37.76,0.0755,0.0492,9.02,319.0,1.0,4.12,318.0,3,Low Engagement Product
33868.0,0.0548,242.31,42.76,0.0996,0.0412,1.7,445.0,2.4,3.21,47.0,3,Low Engagement Product
48506.0,0.1372,39.72,15.16,0.125,0.0736,9.87,65.0,9.64,4.18,262.0,3,Low Engagement Product
25526.0,0.1894,36.19,19.81,0.0122,0.0116,6.68,114.0,1.0,2.68,341.0,4,Trust Issue Product
17872.0,0.0999,519.38,90.73,0.0866,0.0501,6.22,949.0,5.57,4.21,177.0,2,Attract but Don't Convert
38318.0,0.0764,84.23,10.0,0.0857,0.0359,8.37,83.0,3.68,3.11,44.0,3,Low Engagement Product
3812.0,0.1064,227.48,49.51,0.1008,0.0685,7.93,432.0,7.98,4.76,197.0,1,High Performer
1467.0,0.0844,345.3,55.34,0.0863,0.0437,5.95,662.0,3.37,3.86,52.0,2,Attract but Don't Convert
41057.0,0.059,43.34,10.0,0.0548,0.039,4.92,28.0,2.94,3.91,310.0,3,Low Engagement Product
41881.0,0.0315,258.0,48.25,0.0409,0.0233,2.78,478.0,3.75,3.01,47.0,0,Invisible Product
49706.0,0.0644,419.01,72.36,0.0746,0.0461,5.3,734.0,5.46,3.5,386.0,2,Attract but Don't Convert
26300.0,0.0785,236.29,49.79,0.0588,0.0263,6.44,428.0,7.45,3.25,178.0,3,Low Engagement Product
3826.0,0.0727,257.63,45.81,0.054,0.0372,5.85,489.0,4.81,3.49,329.0,3,Low Engagement Product
23716.0,0.1997,453.13,79.37,0.029,0.017,7.03,829.0,8.18,3.07,971.0,4,Trust Issue Product
27823.0,0.0454,274.31,47.77,0.0356,0.014,3.55,525.0,2.23,2.43,12.0,0,Invisible Product
37674.0,0.0924,396.63,60.76,0.0472,0.0106,3.16,705.0,3.08,1.87,29.0,0,Invisible Product
35058.0,0.1298,74.83,25.21,0.1077,0.0588,6.09,92.0,10.0,3.74,280.0,3,Low Engagement Product
9208.0,0.1008,99.72,25.87,0.0931,0.0546,9.57,103.0,1.02,4.45,309.0,3,Low Engagement Product
12278.0,0.045,88.96,14.71,0.0694,0.0366,3.94,78.0,1.0,3.67,51.0,3,Low Engagement Product
35743.0,0.0829,23.92,10.0,0.0954,0.0275,7.25,40.0,8.2,3.28,196.0,3,Low Engagement Product
31424.0,0.1223,269.81,42.59,0.1092,0.0682,7.62,477.0,8.35,4.11,509.0,1,High Performer
38460.0,0.0876,497.57,90.52,0.0855,0.0419,10.0,937.0,3.5,3.04,94.0,2,Attract but Don't Convert
17924.0,0.0273,115.7,26.18,0.001,0.0001,2.7,176.0,3.15,2.32,31.0,0,Invisible Product
45460.0,0.1361,478.19,72.67,0.1027,0.0777,9.47,850.0,9.28,4.9,309.0,1,High Performer
9027.0,0.0964,203.69,38.75,0.0585,0.012,5.84,348.0,5.33,3.01,13.0,3,Low Engagement Product
28244.0,0.1146,298.29,53.49,0.0804,0.0404,7.08,592.0,9.01,4.27,122.0,2,Attract but Don't Convert
31110.0,0.1463,318.31,49.85,0.1202,0.0743,8.49,595.0,8.72,4.22,380.0,1,High Performer
22543.0,0.0591,444.0,73.22,0.0675,0.0406,3.24,856.0,4.16,3.63,336.0,2,Attract but Don't Convert
14537.0,0.0582,371.25,71.31,0.0469,0.0237,3.33,699.0,3.58,3.44,294.0,2,Attract but Don't Convert
44398.0,0.0383,140.7,19.38,0.0303,0.0024,2.12,222.0,3.14,1.08,32.0,0,Invisible Product
39878.0,0.0615,346.04,62.12,0.0695,0.0418,2.48,660.0,2.3,3.17,434.0,2,Attract but Don't Convert
11307.0,0.0651,430.24,66.58,0.0532,0.0372,5.36,776.0,5.19,3.26,271.0,2,Attract but Don't Convert
25637.0,0.0914,122.89,25.93,0.1,0.0503,3.9,125.0,10.0,3.52,432.0,3,Low Engagement Product
35857.0,0.0368,459.53,77.21,0.0466,0.0177,3.02,852.0,2.74,1.61,5.0,0,Invisible Product
12140.0,0.1367,116.26,26.4,0.1054,0.0631,9.58,141.0,7.31,4.06,98.0,3,Low Engagement Product
42086.0,0.2274875,178.6,33.34,0.027,0.0145,7.97,337.0,4.77,2.12,218.0,4,Trust Issue Product
22712.0,0.0217,147.61,27.14,0.0623,0.0296,1.9,201.0,2.49,1.92,35.0,0,Invisible Product
28541.0,0.1461,374.41,57.41,0.0931,0.0619,9.88,634.0,7.22,4.08,971.0,1,High Performer
6571.0,0.0238,221.99,30.01,0.0135,0.0001,2.01,335.0,3.78,1.8,1.0,0,Invisible Product
35731.0,0.1235,434.84,72.4,0.0865,0.0601,10.0,833.0,4.56,3.91,493.0,2,Attract but Don't Convert
43561.0,0.1518,450.77,71.23,0.0635,0.0456,9.69,792.0,9.6,4.07,971.0,1,High Performer
26623.0,0.0651,387.2,55.02,0.0477,0.0262,4.24,644.0,4.4,3.12,264.0,0,Invisible Product
31448.0,0.1405,231.28,47.96,0.1354,0.0952,7.93,425.0,9.54,4.45,843.0,1,High Performer
1277.0,0.0633,528.02,83.19,0.0486,0.0182,5.51,968.0,3.24,3.21,203.0,2,Attract but Don't Convert
4860.0,0.1997,62.99,22.33,0.0239,0.0073,5.21,89.0,4.14,2.4,90.0,4,Trust Issue Product
32879.0,0.1784,92.38,20.52,0.1244,0.0864,8.52,179.0,8.86,4.66,554.0,1,High Performer
21736.0,0.0542,155.22,28.92,0.0474,0.0244,1.72,259.0,3.12,1.24,6.0,0,Invisible Product
16453.0,0.053,289.76,49.25,0.0341,0.0113,5.94,542.0,2.57,3.11,102.0,0,Invisible Product
11656.0,0.0394,105.78,22.48,0.0749,0.0385,4.09,157.0,1.97,3.3,420.0,3,Low Engagement Product
27698.0,0.1002,235.34,47.09,0.0686,0.0423,6.74,514.0,3.4,3.48,400.0,3,Low Engagement Product
11663.0,0.1122,386.68,61.36,0.1015,0.0431,7.98,698.0,8.03,4.18,81.0,2,Attract but Don't Convert
46919.0,0.0687,158.35,38.72,0.0234,0.0072,2.91,266.0,1.72,1.13,29.0,0,Invisible Product
43890.0,0.0437,487.51,86.72,0.0181,0.0012,1.67,885.0,2.11,2.05,45.0,0,Invisible Product
8334.0,0.1004,301.82,64.79,0.0848,0.0662,9.33,562.0,7.67,4.22,589.0,1,High Performer
25619.0,0.0698,336.16,52.83,0.0864,0.0489,2.03,543.0,4.97,3.35,148.0,2,Attract but Don't Convert
27066.0,0.0686,152.25,21.56,0.1145,0.0578,5.65,262.0,9.25,3.44,227.0,3,Low Engagement Product
16273.0,0.1116,351.75,60.77,0.1008,0.0607,7.32,639.0,8.49,4.09,253.0,2,Attract but Don't Convert
27087.0,0.0655,187.86,34.62,0.0225,0.003,3.36,355.0,3.09,1.19,25.0,0,Invisible Product
13278.0,0.0936,252.44,42.94,0.0692,0.0413,9.04,441.0,8.42,4.17,868.0,1,High Performer
39438.0,0.165,462.38,78.11,0.0762,0.0351,7.35,854.0,9.24,3.14,379.0,2,Attract but Don't Convert
24696.0,0.1415,125.18,35.64,0.1027,0.0701,9.24,213.0,7.04,4.81,729.0,1,High Performer
33274.0,0.0517,208.68,36.66,0.0819,0.0445,4.98,327.0,4.52,3.53,112.0,3,Low Engagement Product
42074.0,0.1372,350.76,73.45,0.0909,0.0507,10.0,664.0,4.24,3.92,41.0,2,Attract but Don't Convert
4531.0,0.001,515.68,80.7,0.044,0.0111,1.92,926.0,3.04,1.72,24.0,0,Invisible Product
27864.0,0.0171,265.1,59.4,0.0383,0.0106,3.96,525.0,1.01,2.19,32.0,0,Invisible Product
21727.0,0.109,178.69,34.84,0.1278,0.0807,8.53,300.0,9.77,4.14,86.0,1,High Performer
39410.0,0.001,493.56,65.38,0.0423,0.0165,3.59,822.0,1.07,1.52,41.0,0,Invisible Product
9006.0,0.0831,329.13,66.41,0.0556,0.0285,8.38,694.0,3.58,3.07,379.0,2,Attract but Don't Convert
37014.0,0.0902,453.58,78.24,0.0904,0.0443,6.1,809.0,5.42,3.07,352.0,2,Attract but Don't Convert
44914.0,0.1202,512.33,78.07,0.0704,0.043,8.59,952.0,7.01,4.07,795.0,2,Attract but Don't Convert
45479.0,0.1323,252.86,45.25,0.0769,0.0517,9.37,458.0,7.93,4.04,971.0,1,High Performer
13176.0,0.1112,418.99,66.14,0.0701,0.041,6.0,734.0,8.69,3.75,60.0,2,Attract but Don't Convert
49392.0,0.0299,352.05,65.0,0.0535,0.012,3.3,627.0,3.83,1.2,5.0,0,Invisible Product
37750.0,0.1046,275.09,47.97,0.0939,0.0566,6.05,502.0,9.24,4.35,247.0,1,High Performer
46981.0,0.0021,136.27,27.44,0.0292,0.0194,3.93,242.0,3.68,2.08,7.0,0,Invisible Product
46513.0,0.0456,405.54,67.07,0.0503,0.0105,1.61,768.0,1.58,2.12,8.0,0,Invisible Product
6112.0,0.1172,93.07,16.12,0.0959,0.0532,9.21,136.0,6.17,3.67,49.0,3,Low Engagement Product
7251.0,0.0427,519.98,84.05,0.1018,0.0516,2.88,987.0,2.63,3.29,10.0,2,Attract but Don't Convert
28311.0,0.1296,119.6,20.91,0.0638,0.0436,7.03,211.0,8.18,4.04,971.0,1,High Performer
27217.0,0.1626,436.49,68.32,0.1325,0.0833,9.72,807.0,9.7,4.55,106.0,1,High Performer
36478.0,0.059,335.47,68.43,0.0368,0.0119,6.0,637.0,2.83,3.61,400.0,2,Attract but Don't Convert
42752.0,0.1291,300.22,59.77,0.0913,0.0463,9.53,535.0,8.0,3.02,266.0,2,Attract but Don't Convert
6994.0,0.0946,342.74,59.66,0.1147,0.0772,3.61,549.0,4.82,4.1,418.0,2,Attract but Don't Convert
13567.0,0.0461,210.08,36.45,0.0938,0.0428,5.39,326.0,2.33,3.25,232.0,3,Low Engagement Product
31110.0,0.0593,520.72,86.51,0.0437,0.0221,1.61,983.0,2.15,1.32,23.0,0,Invisible Product
49357.0,0.0882,281.87,56.68,0.0685,0.0433,4.26,551.0,8.43,4.05,15.0,2,Attract but Don't Convert
42741.0,0.0339,103.34,28.64,0.0888,0.0484,5.35,141.0,4.26,3.52,485.0,3,Low Engagement Product
12389.0,0.1114,399.72,64.57,0.0511,0.0287,7.19,668.0,7.43,3.07,104.0,2,Attract but Don't Convert
45076.0,0.0903,315.34,56.91,0.0601,0.0393,4.49,611.0,8.5,3.49,390.0,2,Attract but Don't Convert
43696.0,0.0489,72.61,26.79,0.0756,0.0553,5.32,173.0,4.8,3.99,493.0,3,Low Engagement Product
23271.0,0.0452,480.81,97.89,0.0479,0.0115,2.68,889.0,3.56,2.54,5.0,0,Invisible Product
35005.0,0.0636,338.75,50.53,0.0942,0.054,5.79,556.0,3.99,4.15,281.0,2,Attract but Don't Convert
20929.0,0.1302,289.79,42.47,0.0782,0.0511,6.49,471.0,5.88,3.95,408.0,3,Low Engagement Product
34154.0,0.0681,157.11,31.16,0.0494,0.0196,2.6,188.0,3.9,1.8,39.0,0,Invisible Product
48578.0,0.0352,43.24,21.42,0.0023,0.0021,3.4,78.0,3.86,1.31,15.0,0,Invisible Product
44239.0,0.1264,182.03,30.39,0.0953,0.0656,9.19,320.0,9.63,4.09,971.0,1,High Performer
48813.0,0.1494,323.38,57.31,0.0939,0.0571,9.49,572.0,7.76,4.22,385.0,1,High Performer
29834.0,0.0639,268.31,53.81,0.0663,0.0266,1.69,569.0,3.59,1.98,16.0,0,Invisible Product
7152.0,0.0194,97.45,14.65,0.0656,0.0271,1.25,136.0,2.23,2.07,23.0,0,Invisible Product
3754.0,0.0733,422.36,68.52,0.0853,0.0525,7.76,806.0,3.29,4.07,415.0,2,Attract but Don't Convert
23586.0,0.1122,425.57,71.21,0.0391,0.0158,8.4,801.0,6.91,3.35,155.0,2,Attract but Don't Convert
18843.0,0.1246,108.34,22.48,0.0719,0.0479,8.49,146.0,7.35,4.45,443.0,3,Low Engagement Product
48468.0,0.0855,235.26,47.44,0.0978,0.0567,8.47,424.0,1.0,3.34,337.0,3,Low Engagement Product
24589.0,0.0673,217.2,41.46,0.042,0.0104,3.46,418.0,3.44,1.91,6.0,0,Invisible Product
8736.0,0.0919,311.11,51.37,0.1093,0.0552,8.8,534.0,6.27,3.26,403.0,1,High Performer
6541.0,0.0219,419.99,78.82,0.0784,0.0365,1.42,824.0,2.46,2.91,39.0,2,Attract but Don't Convert
24711.0,0.0457,479.75,80.79,0.0772,0.0574,6.28,904.0,5.38,3.37,238.0,2,Attract but Don't Convert
42535.0,0.0326,271.86,50.05,0.0678,0.0369,2.44,517.0,1.97,3.1,39.0,0,Invisible Product
12249.0,0.0773,524.17,92.72,0.0739,0.045,6.08,961.0,7.93,4.46,240.0,2,Attract but Don't Convert
34666.0,0.0357,272.02,51.87,0.0184,0.0056,3.75,547.0,2.96,1.37,26.0,0,Invisible Product
42468.0,0.0606,236.53,40.29,0.0428,0.0155,3.94,417.0,1.2,1.42,9.0,0,Invisible Product
21775.0,0.0764,178.15,29.71,0.0627,0.0263,4.78,284.0,4.36,3.1,58.0,3,Low Engagement Product
5595.0,0.0619,420.55,70.75,0.0988,0.0649,3.76,770.0,3.57,4.16,463.0,2,Attract but Don't Convert
42768.0,0.1327,192.49,38.92,0.1305,0.0841,8.18,282.0,9.51,4.83,545.0,1,High Performer
13773.0,0.1153,255.04,45.53,0.0711,0.0366,6.17,417.0,5.47,3.16,372.0,3,Low Engagement Product
11230.0,0.0178,371.56,62.58,0.0342,0.0192,2.27,665.0,1.79,2.05,8.0,0,Invisible Product
22768.0,0.0946,362.16,68.98,0.0747,0.0488,5.5,744.0,6.68,4.16,260.0,2,Attract but Don't Convert
15322.0,0.0593,314.51,57.54,0.0586,0.0243,3.99,546.0,3.62,1.8,9.0,0,Invisible Product
23769.0,0.0758,281.68,45.83,0.091,0.0575,3.85,455.0,7.19,3.42,403.0,3,Low Engagement Product
34168.0,0.2274875,443.96,78.08,0.0124,0.0049,8.07,859.0,3.45,2.96,304.0,4,Trust Issue Product
23353.0,0.0636,527.73,87.59,0.0714,0.0267,8.42,949.0,3.31,3.07,67.0,2,Attract but Don't Convert
9535.0,0.0433,237.59,36.74,0.0724,0.0406,8.06,379.0,2.64,3.5,208.0,3,Low Engagement Product
28652.0,0.1321,89.92,31.62,0.1219,0.0904,8.64,148.0,8.69,4.97,633.0,1,High Performer
37484.0,0.0252,460.95,90.08,0.0577,0.0351,1.02,883.0,3.94,3.05,48.0,2,Attract but Don't Convert
16493.0,0.2274875,337.26,62.67,0.0128,0.0024,3.42,653.0,1.11,3.42,29.0,4,Trust Issue Product
10717.0,0.1159,181.18,30.21,0.0873,0.047,6.83,260.0,7.62,3.7,179.0,3,Low Engagement Product
38620.0,0.1607,339.31,57.26,0.0264,0.0197,6.34,646.0,5.97,2.93,310.0,4,Trust Issue Product
9952.0,0.1335,380.69,68.62,0.0893,0.0523,10.0,728.0,4.81,3.27,236.0,2,Attract but Don't Convert
31501.0,0.0968,145.81,24.32,0.0836,0.0308,8.17,241.0,6.22,3.25,37.0,3,Low Engagement Product
6395.0,0.0494,123.97,27.88,0.1007,0.0587,6.63,233.0,4.91,3.72,98.0,3,Low Engagement Product
36093.0,0.0636,507.28,88.52,0.0808,0.0487,5.92,935.0,5.07,3.2,101.0,2,Attract but Don't Convert
34184.0,0.001,329.56,64.06,0.0346,0.0093,1.53,611.0,3.46,1.45,8.0,0,Invisible Product
45205.0,0.1581,448.96,80.81,0.0877,0.063,7.26,794.0,9.83,4.86,244.0,2,Attract but Don't Convert
39675.0,0.0897,124.03,24.63,0.1032,0.0612,8.28,154.0,1.0,4.47,82.0,3,Low Engagement Product
36551.0,0.0831,481.11,72.57,0.063,0.024,4.0,837.0,3.66,2.91,45.0,2,Attract but Don't Convert
7327.0,0.1459,385.13,79.2,0.0914,0.0447,9.22,773.0,8.46,4.96,52.0,2,Attract but Don't Convert
32010.0,0.2274875,206.96,47.21,0.0111,0.007,1.25,405.0,3.19,3.33,25.0,4,Trust Issue Product
36141.0,0.1008,191.06,33.73,0.1071,0.0719,7.23,322.0,7.29,4.33,270.0,3,Low Engagement Product
23484.0,0.1426,432.85,69.11,0.1162,0.0726,8.19,801.0,8.71,4.67,251.0,1,High Performer
245.0,0.0831,177.22,35.46,0.1192,0.0858,7.88,306.0,7.73,4.99,971.0,1,High Performer
37878.0,0.1394,353.32,63.01,0.1063,0.0689,7.97,581.0,9.44,4.5,971.0,1,High Performer
16135.0,0.1372,125.99,24.51,0.1047,0.0687,8.28,208.0,7.94,4.79,256.0,3,Low Engagement Product
3140.0,0.1607,197.35,36.06,0.1509,0.1114,8.3,316.0,7.1,4.97,971.0,1,High Performer
42522.0,0.0733,309.23,56.58,0.077,0.0385,4.47,545.0,2.76,3.34,322.0,2,Attract but Don't Convert
26260.0,0.147,221.89,35.41,0.058,0.0521,9.67,408.0,8.66,4.71,971.0,1,High Performer
49734.0,0.2274875,278.3,45.16,0.0317,0.0199,4.69,478.0,6.96,3.45,89.0,4,Trust Issue Product
17733.0,0.0347,411.42,79.16,0.0798,0.0371,1.31,763.0,1.87,2.61,33.0,0,Invisible Product
29444.0,0.0627,194.77,22.75,0.0028,0.0008,3.95,280.0,2.78,1.66,34.0,0,Invisible Product
17114.0,0.0144,414.77,73.86,0.079,0.0432,5.29,723.0,2.15,4.42,38.0,2,Attract but Don't Convert
15096.0,0.0354,451.59,91.48,0.0041,0.003,1.87,944.0,2.28,1.24,26.0,0,Invisible Product
49204.0,0.0586,366.24,70.85,0.0989,0.0755,7.78,734.0,7.1,4.96,971.0,1,High Performer
41721.0,0.0855,423.09,74.09,0.1013,0.0667,9.53,792.0,7.88,4.25,612.0,1,High Performer
11795.0,0.0752,113.26,12.35,0.0632,0.0409,4.92,132.0,4.99,3.45,244.0,3,Low Engagement Product
2952.0,0.0542,484.96,84.84,0.0363,0.016,3.52,905.0,2.44,2.36,19.0,0,Invisible Product
16114.0,0.0106,479.79,78.49,0.0663,0.039,1.55,883.0,3.41,2.53,23.0,0,Invisible Product
27142.0,0.1057,113.28,20.46,0.1359,0.0848,5.04,55.0,6.13,3.63,320.0,3,Low Engagement Product
33855.0,0.1138,66.54,19.53,0.1032,0.0586,6.58,98.0,4.55,4.05,160.0,3,Low Engagement Product
40490.0,0.1173,185.84,25.78,0.0638,0.0326,7.4,294.0,6.08,3.52,66.0,3,Low Engagement Product
23811.0,0.1289,522.79,84.48,0.1163,0.079,8.13,979.0,9.12,4.3,799.0,1,High Performer
26222.0,0.0904,195.68,25.97,0.131,0.0843,4.58,297.0,6.65,4.35,155.0,3,Low Engagement Product
9260.0,0.2151,395.5,58.78,0.0398,0.0167,8.32,693.0,1.0,3.33,419.0,4,Trust Issue Product
27313.0,0.1498,206.6,40.79,0.072,0.0496,9.51,331.0,9.89,4.4,956.0,1,High Performer
39520.0,0.0866,332.02,52.62,0.1085,0.0814,7.26,548.0,7.03,4.46,971.0,1,High Performer
7521.0,0.0258,168.3,24.22,0.0616,0.0303,2.65,223.0,1.79,3.41,26.0,3,Low Engagement Product
21500.0,0.0893,523.78,87.54,0.087,0.0555,9.36,971.0,2.38,3.85,142.0,2,Attract but Don't Convert
33637.0,0.0853,45.89,10.97,0.0777,0.0448,4.54,36.0,5.93,3.83,401.0,3,Low Engagement Product
17827.0,0.0803,402.3,69.42,0.0862,0.0404,6.83,733.0,2.3,3.17,497.0,2,Attract but Don't Convert
46982.0,0.0072,244.29,60.23,0.0474,0.0231,2.41,495.0,1.22,2.69,40.0,0,Invisible Product
4458.0,0.066,284.48,52.31,0.1187,0.0697,2.13,530.0,7.13,4.19,156.0,2,Attract but Don't Convert
28582.0,0.1137,125.19,33.92,0.1093,0.0886,8.5,229.0,7.37,4.9,971.0,1,High Performer
32217.0,0.0808,306.8,41.89,0.0808,0.0448,3.97,518.0,1.58,3.86,238.0,3,Low Engagement Product
23264.0,0.0476,267.51,41.79,0.0778,0.0456,4.68,421.0,1.0,3.08,421.0,3,Low Engagement Product
32010.0,0.1544,267.22,39.59,0.1203,0.0908,9.52,448.0,9.28,4.89,971.0,1,High Performer
32596.0,0.1145,75.91,18.95,0.109,0.0688,7.4,97.0,5.21,4.28,205.0,3,Low Engagement Product
44411.0,0.0998,308.71,60.81,0.0892,0.048,7.58,587.0,3.45,4.09,93.0,2,Attract but Don't Convert
29471.0,0.0604,97.03,22.3,0.1014,0.0571,4.73,99.0,8.76,3.43,59.0,3,Low Engagement Product
38567.0,0.0884,213.41,35.33,0.0972,0.0461,6.12,325.0,6.14,3.43,351.0,3,Low Engagement Product
17725.0,0.1257,66.59,22.23,0.0875,0.0426,10.0,77.0,4.95,3.76,341.0,3,Low Engagement Product
33993.0,0.2274875,305.7,55.51,0.0279,0.0154,1.22,549.0,3.51,3.46,18.0,4,Trust Issue Product
10893.0,0.001,136.49,31.02,0.0645,0.0206,1.97,227.0,2.06,3.49,17.0,0,Invisible Product
31107.0,0.102,303.32,50.03,0.0818,0.0453,9.22,530.0,7.17,3.01,458.0,1,High Performer
25866.0,0.0748,520.23,87.02,0.1083,0.0638,7.93,996.0,4.41,4.21,273.0,2,Attract but Don't Convert
39632.0,0.0444,105.42,20.8,0.0481,0.026,1.54,154.0,3.51,1.93,49.0,0,Invisible Product
12423.0,0.0299,438.08,85.47,0.0147,0.0057,2.21,863.0,1.15,1.41,42.0,0,Invisible Product
45899.0,0.1743,305.74,50.91,0.0317,0.0118,3.9,541.0,1.77,3.17,40.0,4,Trust Issue Product
46920.0,0.1331,365.03,50.33,0.1123,0.0915,9.81,600.0,7.9,4.66,971.0,1,High Performer
45508.0,0.1427,472.95,78.74,0.0844,0.0633,9.49,872.0,8.99,4.23,971.0,1,High Performer
7943.0,0.0296,509.85,80.46,0.0574,0.0147,3.58,918.0,3.93,1.67,11.0,0,Invisible Product
14310.0,0.1978,96.27,23.39,0.0232,0.0011,3.61,102.0,2.21,3.33,39.0,4,Trust Issue Product
16556.0,0.1498,347.56,62.0,0.1296,0.0915,6.59,640.0,7.32,4.41,453.0,1,High Performer
31467.0,0.2274875,61.23,17.34,0.03,0.0138,3.44,63.0,3.13,2.74,17.0,4,Trust Issue Product
10206.0,0.0261,270.05,55.58,0.013,0.0087,1.18,502.0,3.79,1.37,7.0,0,Invisible Product
38057.0,0.0568,542.07,90.36,0.0701,0.0476,5.47,985.0,1.0,3.67,451.0,2,Attract but Don't Convert
2572.0,0.1073,503.86,79.45,0.0828,0.0536,8.42,929.0,3.12,3.8,498.0,2,Attract but Don't Convert
49959.0,0.1219,381.56,64.98,0.1061,0.0689,8.61,663.0,6.31,4.21,420.0,1,High Performer
6804.0,0.082,288.14,57.01,0.052,0.0277,7.71,512.0,1.0,3.42,222.0,2,Attract but Don't Convert
3813.0,0.2274875,253.21,51.45,0.0296,0.0145,2.4,518.0,1.4,2.52,35.0,4,Trust Issue Product
5151.0,0.0653,34.07,13.36,0.0748,0.0384,6.72,37.0,1.57,3.74,118.0,3,Low Engagement Product
10856.0,0.0447,362.03,57.36,0.0563,0.0307,2.28,624.0,2.81,2.62,37.0,0,Invisible Product
2575.0,0.0289,509.57,88.39,0.0555,0.0241,2.72,967.0,2.72,1.91,15.0,0,Invisible Product
36478.0,0.1128,207.76,37.35,0.1015,0.0695,7.77,313.0,8.9,4.24,265.0,1,High Performer
4355.0,0.1326,555.71,95.44,0.0981,0.0698,9.72,995.0,8.17,4.63,641.0,1,High Performer
14584.0,0.0918,132.1,32.11,0.0772,0.0357,5.77,167.0,10.0,3.17,42.0,3,Low Engagement Product
34603.0,0.0986,293.34,51.85,0.0942,0.0516,7.62,491.0,4.54,4.05,111.0,2,Attract but Don't Convert
8358.0,0.0645,71.74,32.86,0.0852,0.0632,8.82,191.0,1.91,4.19,490.0,3,Low Engagement Product
40847.0,0.1283,316.33,58.28,0.1052,0.0707,8.89,582.0,7.73,4.5,971.0,1,High Performer
35296.0,0.1012,304.88,57.1,0.0291,0.0057,7.02,550.0,5.09,3.1,183.0,4,Trust Issue Product
45213.0,0.0929,117.4,34.03,0.1131,0.0767,7.14,139.0,8.76,4.26,971.0,1,High Performer
40294.0,0.1705,459.77,77.97,0.0347,0.0196,6.6,855.0,1.83,3.5,430.0,4,Trust Issue Product
8633.0,0.081,378.1,64.91,0.1214,0.0886,7.14,756.0,9.17,4.17,971.0,1,High Performer
32681.0,0.0502,43.05,27.89,0.027,0.0168,3.01,85.0,2.11,1.91,12.0,0,Invisible Product
5349.0,0.063,100.3,26.2,0.089,0.0491,5.29,160.0,1.49,3.56,246.0,3,Low Engagement Product
19301.0,0.0583,316.26,41.42,0.0183,0.0055,2.23,465.0,3.75,2.53,25.0,0,Invisible Product
9786.0,0.0348,298.11,51.28,0.001,0.0001,1.04,525.0,2.69,1.55,47.0,0,Invisible Product
46977.0,0.046,144.24,28.97,0.0271,0.0216,3.77,208.0,3.74,1.36,25.0,0,Invisible Product
32107.0,0.0467,89.02,20.48,0.0808,0.0551,4.78,177.0,2.73,4.38,386.0,3,Low Engagement Product
761.0,0.0244,366.57,54.19,0.0763,0.0376,2.75,629.0,2.14,2.64,20.0,0,Invisible Product
44943.0,0.1317,368.15,69.24,0.1312,0.0906,7.3,689.0,7.52,4.72,271.0,1,High Performer
30237.0,0.1545,543.09,78.08,0.1374,0.0967,9.04,966.0,7.05,4.81,971.0,1,High Performer
47656.0,0.0498,137.64,28.62,0.0372,0.0107,3.65,265.0,2.76,1.01,49.0,0,Invisible Product
42928.0,0.0916,465.62,77.3,0.1072,0.0758,7.14,875.0,7.72,4.26,971.0,1,High Performer
48704.0,0.0236,501.27,82.08,0.0421,0.0173,2.78,963.0,1.11,3.27,20.0,0,Invisible Product
10626.0,0.0762,426.2,69.62,0.1226,0.0841,4.69,767.0,2.86,4.35,462.0,2,Attract but Don't Convert
3474.0,0.1137,75.6,13.17,0.1201,0.0619,7.69,52.0,6.0,4.19,136.0,3,Low Engagement Product
25692.0,0.1439,207.41,25.24,0.0753,0.0524,9.34,380.0,9.76,4.42,971.0,1,High Performer
29082.0,0.0478,432.1,73.14,0.0433,0.0147,3.88,772.0,3.2,1.46,7.0,0,Invisible Product
307.0,0.2274875,232.88,42.04,0.0313,0.01,6.59,349.0,5.6,2.15,408.0,4,Trust Issue Product
35533.0,0.0437,315.12,59.83,0.0838,0.0381,3.57,531.0,2.83,2.12,32.0,0,Invisible Product
23297.0,0.0643,453.03,79.27,0.0556,0.0318,8.61,869.0,1.0,3.43,231.0,2,Attract but Don't Convert
33500.0,0.1229,424.52,63.71,0.1084,0.0884,8.38,806.0,9.14,4.71,971.0,1,High Performer
3183.0,0.0822,70.75,21.39,0.083,0.0557,3.32,90.0,6.89,3.55,204.0,3,Low Engagement Product
29428.0,0.1513,214.94,36.92,0.0813,0.0452,5.94,332.0,9.57,3.36,421.0,3,Low Engagement Product
46579.0,0.1129,505.58,88.49,0.1436,0.105,7.67,934.0,7.33,4.47,923.0,1,High Performer
42991.0,0.1557,378.34,70.31,0.1486,0.1,9.29,747.0,9.87,4.96,803.0,1,High Performer
20203.0,0.0815,78.68,20.61,0.046,0.0178,4.38,98.0,6.64,3.53,200.0,3,Low Engagement Product
39991.0,0.0376,156.71,20.51,0.0441,0.0164,2.73,188.0,2.45,1.53,5.0,0,Invisible Product
10854.0,0.1268,464.22,70.56,0.0893,0.0462,9.09,829.0,4.78,3.84,103.0,2,Attract but Don't Convert
34547.0,0.0844,117.48,25.28,0.111,0.0803,8.2,199.0,2.06,4.3,493.0,3,Low Engagement Product
16001.0,0.0925,322.78,61.58,0.0899,0.0554,6.96,647.0,3.3,3.82,268.0,2,Attract but Don't Convert
33104.0,0.1222,159.52,28.3,0.0769,0.0395,5.74,279.0,7.24,4.05,317.0,3,Low Engagement Product
7546.0,0.1037,282.43,46.46,0.0537,0.0267,6.77,505.0,6.09,3.2,53.0,3,Low Engagement Product
37311.0,0.1169,417.27,69.16,0.0918,0.0561,7.38,791.0,7.56,4.41,325.0,2,Attract but Don't Convert
48331.0,0.0562,22.37,17.75,0.0807,0.0241,4.03,24.0,1.51,3.87,67.0,3,Low Engagement Product
29401.0,0.1148,199.72,30.48,0.098,0.0614,8.6,316.0,8.44,4.13,495.0,1,High Performer
26216.0,0.074,301.7,63.68,0.0793,0.0424,3.8,639.0,7.75,4.16,104.0,2,Attract but Don't Convert
41423.0,0.0952,489.43,75.96,0.1336,0.0748,7.14,874.0,7.57,4.5,151.0,2,Attract but Don't Convert
18852.0,0.0601,234.6,42.6,0.1025,0.0597,3.79,379.0,5.53,4.29,399.0,3,Low Engagement Product
32476.0,0.0225,106.54,27.7,0.0506,0.0153,2.33,136.0,3.84,1.55,49.0,0,Invisible Product
16769.0,0.077,229.92,45.63,0.0801,0.0512,7.53,376.0,7.16,3.76,284.0,3,Low Engagement Product
33016.0,0.0112,512.32,86.61,0.0421,0.0223,2.44,976.0,1.24,3.09,1.0,0,Invisible Product
13495.0,0.001,460.46,80.32,0.067,0.0327,3.3,862.0,2.17,2.46,7.0,0,Invisible Product
20521.0,0.2274875,288.4,44.43,0.0325,0.0211,4.96,458.0,7.04,3.44,455.0,4,Trust Issue Product
26442.0,0.1836,201.96,42.71,0.0267,0.0058,3.13,350.0,2.74,2.65,5.0,4,Trust Issue Product
4995.0,0.1373,309.68,53.14,0.1221,0.0778,9.14,544.0,7.19,4.85,428.0,1,High Performer
11123.0,0.0056,377.04,70.65,0.018,0.0073,1.1,673.0,2.14,1.63,5.0,0,Invisible Product
10799.0,0.1356,135.61,21.78,0.093,0.0618,9.08,207.0,7.67,4.31,971.0,1,High Performer
9815.0,0.061,519.22,84.97,0.0997,0.0542,7.41,987.0,2.88,3.99,14.0,2,Attract but Don't Convert
19269.0,0.0952,145.07,37.18,0.0728,0.0475,6.7,300.0,3.92,4.1,256.0,3,Low Engagement Product
16263.0,0.0104,311.31,54.58,0.001,0.0004,2.3,530.0,3.94,1.53,21.0,0,Invisible Product
5882.0,0.0958,294.06,57.93,0.1131,0.071,7.32,485.0,6.09,3.96,442.0,1,High Performer
22741.0,0.0309,98.45,19.44,0.0496,0.0199,1.64,134.0,3.54,2.39,24.0,0,Invisible Product
18892.0,0.0696,534.37,83.95,0.0886,0.0447,3.48,959.0,3.67,2.83,45.0,2,Attract but Don't Convert
49592.0,0.1526,165.1,27.53,0.1215,0.0838,9.75,255.0,8.52,4.69,444.0,1,High Performer
35685.0,0.1231,169.28,37.13,0.094,0.0509,4.42,357.0,8.74,3.43,444.0,3,Low Engagement Product
30782.0,0.0316,279.41,55.09,0.0765,0.0419,5.46,541.0,4.12,3.5,132.0,2,Attract but Don't Convert
47964.0,0.0854,129.22,19.2,0.0885,0.0508,3.05,218.0,4.35,3.84,291.0,3,Low Engagement Product
18980.0,0.0258,409.3,66.47,0.0579,0.0197,3.05,783.0,2.86,1.63,30.0,0,Invisible Product
38167.0,0.0624,65.99,16.65,0.0591,0.0212,1.93,69.0,1.84,1.83,34.0,0,Invisible Product
42785.0,0.0721,491.14,88.58,0.0514,0.0221,2.02,959.0,1.66,2.8,49.0,0,Invisible Product
18173.0,0.0776,144.57,21.26,0.0745,0.0124,3.27,161.0,3.89,2.84,4.0,3,Low Engagement Product
36135.0,0.1123,387.95,76.44,0.0839,0.0628,9.6,802.0,7.65,4.25,971.0,1,High Performer
37274.0,0.0983,301.88,46.16,0.1029,0.0831,7.16,547.0,9.27,4.97,971.0,1,High Performer
24937.0,0.0282,281.51,48.92,0.0446,0.0109,2.17,533.0,3.47,1.52,21.0,0,Invisible Product
17926.0,0.058,348.44,61.29,0.0322,0.0051,3.34,689.0,2.88,1.96,47.0,0,Invisible Product
25081.0,0.0918,66.29,10.0,0.0931,0.0677,7.77,49.0,7.31,4.05,692.0,3,Low Engagement Product
10482.0,0.0591,60.27,22.24,0.0997,0.068,8.67,101.0,4.17,4.31,123.0,3,Low Engagement Product
4537.0,0.0538,55.81,18.75,0.0621,0.0265,1.76,50.0,2.53,3.17,24.0,3,Low Engagement Product
5535.0,0.1165,394.48,60.12,0.1163,0.0833,9.94,767.0,7.19,4.51,490.0,1,High Performer
24919.0,0.0889,167.91,28.28,0.0737,0.0431,5.34,352.0,4.07,3.68,449.0,3,Low Engagement Product
36975.0,0.2274875,365.04,64.96,0.0245,0.012,4.9,679.0,4.69,2.03,256.0,4,Trust Issue Product
32082.0,0.0376,134.11,22.7,0.0634,0.0239,1.6,196.0,2.88,2.85,17.0,0,Invisible Product
33428.0,0.058,212.54,40.45,0.0374,0.0165,1.91,389.0,3.58,1.41,8.0,0,Invisible Product
12429.0,0.0694,339.33,56.89,0.0283,0.0124,1.42,566.0,3.89,1.96,24.0,0,Invisible Product
25269.0,0.075,312.92,63.2,0.0739,0.0497,4.46,554.0,3.51,3.55,373.0,2,Attract but Don't Convert
22032.0,0.084,106.99,19.63,0.0728,0.0299,6.34,125.0,2.75,3.03,27.0,3,Low Engagement Product
34694.0,0.1533,74.86,23.57,0.134,0.0908,9.74,116.0,9.66,4.91,263.0,1,High Performer
11521.0,0.0176,141.87,27.75,0.064,0.033,1.52,249.0,1.99,3.43,28.0,3,Low Engagement Product
45133.0,0.0534,146.22,31.97,0.1051,0.0678,3.24,246.0,3.07,3.97,494.0,3,Low Engagement Product
7729.0,0.1131,217.94,44.74,0.0732,0.043,7.92,390.0,6.61,3.85,182.0,3,Low Engagement Product
8425.0,0.0611,80.26,16.94,0.0591,0.0313,3.41,119.0,3.42,2.31,32.0,3,Low Engagement Product
28595.0,0.1376,239.81,43.73,0.093,0.0511,9.12,464.0,8.34,4.47,177.0,1,High Performer
31850.0,0.0345,289.31,46.57,0.0903,0.0426,1.93,487.0,3.89,2.8,42.0,0,Invisible Product
29719.0,0.1081,37.66,20.27,0.1274,0.0757,7.1,74.0,4.27,4.47,237.0,3,Low Engagement Product
40561.0,0.1901,149.52,30.75,0.0238,0.0083,6.06,214.0,7.48,3.2,232.0,4,Trust Issue Product
8364.0,0.117,316.09,40.66,0.0978,0.0669,7.42,539.0,7.13,4.84,561.0,1,High Performer
12786.0,0.0429,245.76,43.33,0.001,0.001,1.03,443.0,3.33,1.23,7.0,0,Invisible Product
46584.0,0.0074,247.71,38.87,0.0699,0.0338,1.17,334.0,2.62,3.08,39.0,0,Invisible Product
24326.0,0.1478,103.68,29.55,0.1179,0.0913,8.1,147.0,7.44,4.95,971.0,1,High Performer
6821.0,0.1221,49.65,13.58,0.1107,0.0808,9.22,51.0,7.17,4.07,971.0,1,High Performer
20709.0,0.0149,81.06,20.83,0.0224,0.0131,1.96,112.0,2.69,2.51,12.0,0,Invisible Product
7473.0,0.1199,320.72,53.55,0.1046,0.0867,8.21,538.0,7.78,4.49,971.0,1,High Performer
38775.0,0.0579,163.19,29.55,0.0904,0.0495,5.56,277.0,4.76,3.8,219.0,3,Low Engagement Product
48995.0,0.2274875,478.7,73.04,0.0218,0.007,6.71,872.0,10.0,2.67,253.0,4,Trust Issue Product
29037.0,0.0448,463.46,77.42,0.0356,0.0127,3.78,921.0,3.79,1.44,7.0,0,Invisible Product
5756.0,0.0727,152.43,33.06,0.0557,0.0166,6.73,239.0,3.32,3.15,18.0,3,Low Engagement Product
9084.0,0.1138,435.24,72.28,0.0761,0.0578,7.99,771.0,3.55,4.06,355.0,2,Attract but Don't Convert
30084.0,0.0353,91.68,16.31,0.0319,0.0112,2.25,125.0,2.18,1.95,47.0,0,Invisible Product
8386.0,0.0959,298.37,48.22,0.0885,0.0519,7.35,567.0,5.0,4.21,395.0,2,Attract but Don't Convert
6001.0,0.1172,241.8,48.67,0.1226,0.071,9.38,435.0,7.51,4.3,131.0,1,High Performer
31652.0,0.1368,289.51,51.11,0.101,0.072,7.92,576.0,9.57,4.69,755.0,1,High Performer
25809.0,0.0291,462.75,79.7,0.0101,0.0049,2.7,829.0,1.27,1.21,49.0,0,Invisible Product
31155.0,0.0446,218.41,35.59,0.0796,0.0376,3.56,328.0,2.6,2.94,40.0,3,Low Engagement Product
37785.0,0.1361,219.96,40.59,0.1308,0.0915,8.25,385.0,8.01,4.83,957.0,1,High Performer
8529.0,0.0199,330.26,61.95,0.0756,0.0352,1.3,540.0,3.87,2.86,43.0,0,Invisible Product
14816.0,0.1101,283.82,37.75,0.1105,0.0642,6.5,478.0,4.8,3.61,489.0,3,Low Engagement Product
48663.0,0.001,339.37,55.05,0.0485,0.017,3.22,618.0,1.4,2.23,26.0,0,Invisible Product
11238.0,0.0902,251.4,49.11,0.0932,0.0611,5.32,389.0,6.95,4.06,307.0,3,Low Engagement Product
35398.0,0.0662,219.26,42.67,0.0351,0.0037,2.53,350.0,2.67,2.13,2.0,0,Invisible Product
23529.0,0.1267,407.77,65.43,0.1085,0.0649,7.9,708.0,5.77,3.39,374.0,2,Attract but Don't Convert
5872.0,0.1216,388.34,72.22,0.0936,0.0741,7.5,661.0,8.28,4.16,971.0,1,High Performer
48344.0,0.0197,388.22,73.1,0.0391,0.0176,2.94,726.0,1.85,2.16,32.0,0,Invisible Product
48619.0,0.2274875,58.78,10.0,0.018,0.0171,7.99,30.0,7.37,3.2,971.0,4,Trust Issue Product
35832.0,0.0926,409.86,71.59,0.0896,0.0537,3.8,837.0,1.64,3.38,335.0,2,Attract but Don't Convert
40005.0,0.0516,269.76,59.08,0.0287,0.0086,2.24,526.0,2.75,1.09,30.0,0,Invisible Product
17447.0,0.0314,259.09,40.97,0.0968,0.0586,4.55,438.0,4.17,4.49,349.0,3,Low Engagement Product
17020.0,0.1231,107.76,22.53,0.0891,0.0489,7.35,141.0,8.84,4.16,106.0,3,Low Engagement Product
31922.0,0.0272,476.0,91.88,0.0372,0.015,2.19,930.0,3.03,1.92,27.0,0,Invisible Product
46759.0,0.0596,149.43,31.22,0.0885,0.0541,8.91,254.0,2.43,4.27,337.0,3,Low Engagement Product
40208.0,0.0764,212.13,38.05,0.1038,0.057,6.11,350.0,2.79,3.38,118.0,3,Low Engagement Product
23663.0,0.0155,310.91,46.61,0.001,0.0001,1.94,562.0,2.71,1.32,20.0,0,Invisible Product
8067.0,0.2016,208.93,44.35,0.011,0.0001,2.84,367.0,3.07,2.07,28.0,4,Trust Issue Product
45283.0,0.0738,490.3,79.08,0.1021,0.0602,1.81,977.0,4.44,3.65,333.0,2,Attract but Don't Convert
11971.0,0.0406,252.51,51.24,0.0442,0.0232,3.7,431.0,3.66,3.85,354.0,0,Invisible Product
28863.0,0.0193,147.71,21.02,0.0686,0.0301,3.27,243.0,1.41,3.41,28.0,3,Low Engagement Product
12016.0,0.1592,159.46,19.62,0.1307,0.0826,9.9,172.0,9.53,4.76,435.0,1,High Performer
8834.0,0.158,173.6,34.32,0.0864,0.0613,8.69,231.0,9.67,4.28,971.0,1,High Performer
33713.0,0.2274875,88.19,26.12,0.0301,0.0106,2.15,111.0,1.1,3.46,8.0,4,Trust Issue Product
28279.0,0.0789,461.18,85.67,0.0496,0.0191,2.01,940.0,5.9,3.02,40.0,2,Attract but Don't Convert
35362.0,0.1759,253.49,36.19,0.1036,0.0746,9.18,350.0,9.83,4.27,971.0,1,High Performer
12777.0,0.0623,289.34,49.65,0.1206,0.0653,4.25,486.0,3.18,4.44,131.0,2,Attract but Don't Convert
18368.0,0.1025,458.49,70.5,0.1396,0.1134625,7.49,879.0,8.93,4.77,971.0,1,High Performer
12430.0,0.1594,377.72,68.26,0.1179,0.0911,9.44,660.0,9.72,4.84,971.0,1,High Performer
20833.0,0.117,532.91,84.82,0.073,0.0491,7.83,974.0,7.39,4.34,971.0,2,Attract but Don't Convert
38047.0,0.0271,380.89,66.97,0.0407,0.0008,1.74,728.0,2.73,2.21,21.0,0,Invisible Product
27386.0,0.0638,505.89,89.55,0.0345,0.0232,3.76,989.0,2.75,3.22,7.0,2,Attract but Don't Convert
6710.0,0.1288,331.34,57.23,0.0703,0.0403,4.17,573.0,9.79,3.16,284.0,2,Attract but Don't Convert
6530.0,0.0884,500.01,83.99,0.1127,0.0668,6.98,897.0,4.31,4.23,80.0,2,Attract but Don't Convert
40022.0,0.0074,510.92,92.05,0.0142,0.009,3.76,949.0,3.31,2.03,44.0,0,Invisible Product
13928.0,0.0927,158.62,36.11,0.0944,0.0618,6.66,247.0,5.38,4.46,184.0,3,Low Engagement Product
43013.0,0.0614,163.58,26.89,0.0709,0.0443,4.39,213.0,3.19,4.06,302.0,3,Low Engagement Product
31597.0,0.2176,301.5,57.59,0.037,0.0172,2.8,549.0,1.07,3.01,16.0,4,Trust Issue Product
39356.0,0.2274875,404.23,83.47,0.0379,0.0184,4.43,864.0,7.11,2.07,359.0,4,Trust Issue Product
36718.0,0.0269,171.69,22.27,0.0803,0.0481,2.11,262.0,1.94,3.03,484.0,3,Low Engagement Product
49941.0,0.0376,257.05,40.45,0.038,0.018,2.0,408.0,1.17,1.42,22.0,0,Invisible Product
46432.0,0.11,187.01,29.07,0.0969,0.0553,6.88,295.0,8.59,3.53,218.0,3,Low Engagement Product
26626.0,0.0582,238.92,47.65,0.1017,0.0622,3.86,469.0,5.73,3.71,233.0,3,Low Engagement Product
30258.0,0.2218,346.17,68.92,0.0274,0.0155,5.68,658.0,8.33,2.01,28.0,4,Trust Issue Product
25132.0,0.0362,330.21,62.37,0.0726,0.0396,4.85,606.0,1.57,3.98,226.0,2,Attract but Don't Convert
37946.0,0.001,300.05,61.54,0.0156,0.003,1.97,593.0,1.19,1.71,38.0,0,Invisible Product
45036.0,0.0337,266.97,47.79,0.0838,0.0379,1.5,497.0,2.23,2.27,29.0,0,Invisible Product
29894.0,0.0855,307.4,47.96,0.107,0.0555,7.29,499.0,3.53,4.1,102.0,2,Attract but Don't Convert
5548.0,0.1354,163.61,31.54,0.0591,0.0421,8.54,307.0,7.65,4.5,566.0,3,Low Engagement Product
28961.0,0.0241,382.56,62.88,0.0358,0.0084,3.2,717.0,2.77,1.91,14.0,0,Invisible Product
28241.0,0.0727,398.83,69.6,0.0799,0.0433,8.16,709.0,5.37,3.22,418.0,2,Attract but Don't Convert
9174.0,0.1782,346.31,63.02,0.1451,0.0974,9.08,697.0,9.2,4.69,971.0,1,High Performer
6506.0,0.0718,414.12,60.62,0.0705,0.0346,4.5,714.0,5.28,4.27,62.0,2,Attract but Don't Convert
31923.0,0.0716,297.15,56.16,0.1004,0.0655,4.04,559.0,3.64,4.23,489.0,2,Attract but Don't Convert
23391.0,0.1451,183.44,38.26,0.1014,0.0731,9.18,349.0,9.81,4.75,971.0,1,High Performer
41668.0,0.1313,302.25,50.61,0.0846,0.054,7.71,489.0,7.81,4.77,971.0,1,High Performer
32103.0,0.035,436.44,79.47,0.0523,0.0138,1.28,778.0,2.78,1.1,13.0,0,Invisible Product
46951.0,0.019,443.5,79.56,0.0227,0.0072,2.19,868.0,2.49,2.0,24.0,0,Invisible Product
34506.0,0.0682,298.87,51.03,0.1093,0.0724,4.18,553.0,3.46,4.15,494.0,2,Attract but Don't Convert
23412.0,0.1295,514.67,83.39,0.0689,0.0483,7.51,958.0,8.95,4.39,971.0,1,High Performer
43208.0,0.2274875,266.46,44.07,0.0128,0.0013,10.0,486.0,2.06,2.89,84.0,4,Trust Issue Product
1482.0,0.119,553.69,85.85,0.0897,0.0518,7.57,996.0,7.51,3.32,141.0,2,Attract but Don't Convert
34271.0,0.0513,266.77,38.87,0.0837,0.048,5.58,439.0,2.3,3.21,55.0,3,Low Engagement Product
41879.0,0.0619,283.45,60.75,0.1018,0.062,5.76,627.0,4.28,4.34,424.0,2,Attract but Don't Convert
3392.0,0.1444,83.97,17.9,0.1249,0.1013,8.86,141.0,7.79,4.54,971.0,1,High Performer
41879.0,0.0696,409.7,73.12,0.0899,0.0457,7.33,781.0,2.14,4.44,45.0,2,Attract but Don't Convert
33287.0,0.0448,475.59,80.98,0.0931,0.0406,2.4,910.0,3.68,3.04,15.0,2,Attract but Don't Convert
12511.0,0.0881,202.42,35.63,0.0887,0.0542,6.21,327.0,5.3,3.64,141.0,3,Low Engagement Product
37385.0,0.0646,528.2,94.85,0.0946,0.0572,3.04,951.0,5.66,3.67,139.0,2,Attract but Don't Convert
15522.0,0.04,488.69,91.16,0.0935,0.0527,2.62,943.0,2.98,4.11,176.0,2,Attract but Don't Convert
42568.0,0.1239,183.96,30.54,0.0971,0.0619,5.65,353.0,7.0,3.74,252.0,3,Low Engagement Product
32471.0,0.0238,510.02,84.79,0.0082,0.0057,3.32,973.0,1.68,1.29,48.0,0,Invisible Product
5793.0,0.035,206.2,35.63,0.0541,0.029,7.17,439.0,2.13,3.47,234.0,3,Low Engagement Product
33635.0,0.0372,216.44,35.59,0.0138,0.0013,3.64,345.0,1.2,1.05,47.0,0,Invisible Product
14918.0,0.0973,361.5,65.1,0.1022,0.0678,8.24,668.0,7.24,4.11,971.0,1,High Performer
31338.0,0.0148,425.71,80.01,0.0156,0.0092,3.77,808.0,1.12,1.3,17.0,0,Invisible Product
30974.0,0.1287,459.88,83.2,0.1059,0.0813,7.45,851.0,9.75,4.95,971.0,1,High Performer
26815.0,0.1415,443.15,80.63,0.1067,0.0746,8.75,863.0,9.39,4.7,517.0,1,High Performer
27705.0,0.1113,319.0,52.7,0.127,0.0855,7.05,592.0,8.26,4.38,923.0,1,High Performer
34417.0,0.1311,150.93,35.74,0.113,0.0877,9.95,269.0,8.74,4.39,971.0,1,High Performer
31274.0,0.0875,49.12,19.36,0.0452,0.0205,9.64,114.0,2.56,3.29,309.0,3,Low Engagement Product
10056.0,0.0464,187.37,36.15,0.0685,0.0445,4.73,315.0,1.58,3.03,100.0,3,Low Engagement Product
39008.0,0.0557,181.85,36.0,0.0538,0.024,3.55,203.0,3.89,2.72,31.0,0,Invisible Product
10937.0,0.0919,170.06,27.6,0.0864,0.051,9.06,279.0,7.98,4.09,445.0,3,Low Engagement Product
3816.0,0.1185,423.54,85.81,0.0895,0.0511,6.69,818.0,6.77,3.88,355.0,2,Attract but Don't Convert
4581.0,0.0611,374.14,73.87,0.0929,0.0464,7.4,686.0,4.63,3.21,412.0,2,Attract but Don't Convert
24382.0,0.0767,110.6,26.74,0.0772,0.0543,7.47,205.0,4.55,4.29,386.0,3,Low Engagement Product
6648.0,0.0825,232.06,45.21,0.1015,0.0686,7.93,428.0,7.21,4.46,468.0,1,High Performer
37705.0,0.1386,65.48,13.5,0.1131,0.0882,8.28,88.0,9.75,4.67,971.0,1,High Performer
7858.0,0.0596,447.4,79.51,0.091,0.0612,5.18,857.0,4.67,4.47,373.0,2,Attract but Don't Convert
43768.0,0.0426,420.12,73.83,0.0512,0.0195,2.43,792.0,3.73,2.99,45.0,0,Invisible Product
23277.0,0.2274875,366.82,58.24,0.0364,0.0189,6.41,646.0,5.78,3.46,306.0,4,Trust Issue Product
24122.0,0.1244,460.87,76.67,0.1031,0.0682,9.45,878.0,9.95,4.95,971.0,1,High Performer
40861.0,0.092,37.58,10.97,0.1169,0.0968,9.84,27.0,9.12,4.65,971.0,1,High Performer
5642.0,0.0417,133.65,32.67,0.0605,0.0237,4.49,284.0,2.65,3.17,131.0,3,Low Engagement Product
25576.0,0.0367,404.55,65.6,0.0792,0.0447,3.12,802.0,5.0,3.87,368.0,2,Attract but Don't Convert
30884.0,0.0905,283.13,55.88,0.0631,0.0368,7.3,503.0,3.38,3.86,362.0,2,Attract but Don't Convert
22840.0,0.156,442.84,69.91,0.0701,0.0391,9.39,780.0,5.87,3.2,303.0,2,Attract but Don't Convert
24917.0,0.1019,344.23,59.38,0.0942,0.059,4.23,636.0,4.48,3.97,467.0,2,Attract but Don't Convert
47696.0,0.1198,425.52,74.41,0.0481,0.0285,7.03,794.0,9.16,3.47,202.0,2,Attract but Don't Convert
16152.0,0.0224,379.12,69.06,0.1085,0.072,3.25,755.0,1.85,4.27,123.0,2,Attract but Don't Convert
35253.0,0.1024,443.09,84.42,0.0914,0.066,9.61,859.0,9.24,4.65,686.0,1,High Performer
47176.0,0.0832,229.77,39.78,0.1212,0.0685,6.54,390.0,5.67,3.88,428.0,3,Low Engagement Product
771.0,0.0263,455.05,71.24,0.084,0.0452,2.54,802.0,3.39,3.65,20.0,2,Attract but Don't Convert
263.0,0.0322,382.02,68.78,0.001,0.001,3.11,696.0,3.15,1.12,37.0,0,Invisible Product
41524.0,0.0071,78.38,21.96,0.0706,0.0309,3.16,102.0,2.14,3.22,14.0,3,Low Engagement Product
44102.0,0.2274875,448.17,88.6,0.0324,0.0212,8.27,826.0,7.88,2.79,971.0,4,Trust Issue Product
4895.0,0.1288,342.28,53.72,0.1089,0.0733,7.44,665.0,8.38,4.51,921.0,1,High Performer
10734.0,0.065,126.37,28.78,0.1277,0.083,7.88,230.0,3.23,4.44,196.0,3,Low Engagement Product
4898.0,0.1309,191.38,39.96,0.1019,0.0487,5.44,332.0,9.73,3.74,87.0,3,Low Engagement Product
22520.0,0.0511,318.4,55.29,0.052,0.0186,3.7,623.0,2.95,2.57,36.0,0,Invisible Product
29400.0,0.0969,222.0,45.51,0.0684,0.0412,3.03,356.0,8.47,4.33,79.0,3,Low Engagement Product
24445.0,0.05,303.28,47.3,0.0684,0.0336,1.17,509.0,3.43,2.3,48.0,0,Invisible Product
10849.0,0.1002,235.55,44.35,0.0881,0.0445,7.27,422.0,5.12,3.4,308.0,3,Low Engagement Product
38695.0,0.2274875,374.11,68.08,0.0175,0.0053,3.81,658.0,3.49,2.53,32.0,4,Trust Issue Product
25221.0,0.0557,164.75,21.34,0.0413,0.0133,3.18,210.0,1.45,1.93,12.0,0,Invisible Product
37587.0,0.051,383.06,64.53,0.0784,0.0356,2.05,690.0,2.7,3.37,6.0,2,Attract but Don't Convert
28511.0,0.1083,478.94,82.8,0.0792,0.0456,8.27,862.0,4.08,3.66,496.0,2,Attract but Don't Convert
33461.0,0.001,205.48,39.07,0.0674,0.0272,1.23,354.0,1.32,3.28,18.0,0,Invisible Product
21323.0,0.0879,318.51,56.62,0.041,0.027,8.53,541.0,7.11,3.13,113.0,2,Attract but Don't Convert
7494.0,0.0821,346.5,65.04,0.0658,0.0194,3.8,638.0,3.11,2.56,20.0,0,Invisible Product
14156.0,0.0329,69.06,15.84,0.0836,0.0455,5.08,106.0,1.0,3.63,354.0,3,Low Engagement Product
28480.0,0.12,342.87,65.93,0.0888,0.0416,5.58,598.0,9.74,4.34,224.0,2,Attract but Don't Convert
26135.0,0.0527,74.9,12.28,0.0663,0.0163,1.83,81.0,1.98,2.45,36.0,3,Low Engagement Product
30720.0,0.058,248.6,49.26,0.0538,0.0154,2.15,406.0,1.23,1.53,8.0,0,Invisible Product
19977.0,0.0471,97.68,24.96,0.1004,0.0276,3.22,165.0,1.53,3.38,3.0,3,Low Engagement Product
43504.0,0.09,122.35,20.68,0.0735,0.0358,7.78,172.0,5.61,4.24,127.0,3,Low Engagement Product
31011.0,0.0464,367.84,56.73,0.0758,0.0223,3.42,638.0,3.54,2.89,30.0,0,Invisible Product
32884.0,0.0541,360.58,65.72,0.0713,0.0233,2.92,679.0,3.31,1.96,6.0,0,Invisible Product
3291.0,0.1134,404.52,66.26,0.0936,0.0463,9.88,717.0,4.78,4.46,14.0,2,Attract but Don't Convert
33260.0,0.0175,245.46,41.88,0.0904,0.0361,1.52,368.0,2.73,3.04,12.0,0,Invisible Product
25100.0,0.082,454.72,78.71,0.0743,0.0521,9.03,873.0,8.98,4.03,586.0,2,Attract but Don't Convert
39140.0,0.1007,133.81,26.13,0.1093,0.0762,7.35,197.0,8.03,4.89,971.0,1,High Performer
49823.0,0.0829,519.09,85.2,0.0562,0.0412,6.7,908.0,4.92,4.12,163.0,2,Attract but Don't Convert
3731.0,0.125,434.29,78.97,0.0632,0.0429,7.98,866.0,8.72,4.4,798.0,1,High Performer
6272.0,0.1332,291.09,49.2,0.0504,0.0211,6.03,506.0,7.18,3.41,219.0,4,Trust Issue Product
42180.0,0.0925,442.36,75.54,0.1025,0.0551,5.25,797.0,4.24,3.24,297.0,2,Attract but Don't Convert
23661.0,0.1258,370.41,62.57,0.0968,0.0731,9.3,680.0,8.71,4.98,775.0,1,High Performer
24917.0,0.0844,207.75,34.64,0.0584,0.0359,7.44,266.0,2.48,3.27,312.0,3,Low Engagement Product
20381.0,0.0516,176.32,34.11,0.0932,0.0642,8.08,273.0,5.9,3.99,449.0,3,Low Engagement Product
28771.0,0.1487,316.4,55.01,0.0881,0.065,9.26,519.0,7.3,4.41,971.0,1,High Performer
25464.0,0.1269,326.67,58.26,0.1302,0.0965,9.63,560.0,8.61,4.67,971.0,1,High Performer
41774.0,0.0523,245.39,38.43,0.114,0.069,4.82,371.0,1.66,3.57,478.0,3,Low Engagement Product
27525.0,0.0309,299.02,42.48,0.001,0.001,1.11,531.0,2.93,1.53,39.0,0,Invisible Product
28702.0,0.0521,402.4,72.95,0.0463,0.0136,2.55,797.0,1.66,1.53,35.0,0,Invisible Product
23353.0,0.1362,56.93,13.75,0.0616,0.0399,9.29,32.0,9.8,4.46,971.0,1,High Performer
23572.0,0.0954,285.28,55.64,0.0548,0.028,4.02,578.0,6.52,3.62,99.0,2,Attract but Don't Convert
49330.0,0.138,108.32,20.0,0.1092,0.0636,9.61,170.0,7.81,4.29,59.0,3,Low Engagement Product
8180.0,0.0528,55.17,21.72,0.0682,0.0395,5.71,69.0,1.0,4.09,364.0,3,Low Engagement Product
7199.0,0.0312,139.24,24.71,0.0679,0.0296,1.97,234.0,2.48,2.98,7.0,3,Low Engagement Product
25531.0,0.0747,386.78,59.62,0.0744,0.0418,2.8,663.0,8.51,3.31,211.0,2,Attract but Don't Convert
31286.0,0.0312,224.99,39.04,0.0353,0.0177,2.96,391.0,1.63,3.26,451.0,0,Invisible Product
47784.0,0.2192,137.12,19.09,0.0341,0.0151,4.17,132.0,7.07,3.41,165.0,4,Trust Issue Product
30211.0,0.0472,164.21,28.76,0.0587,0.0254,1.38,271.0,3.79,2.4,25.0,0,Invisible Product
39951.0,0.0369,478.25,88.46,0.0931,0.0473,3.19,982.0,4.75,4.43,104.0,2,Attract but Don't Convert
22714.0,0.1008,198.16,39.32,0.0627,0.0377,6.74,360.0,6.51,3.28,88.0,3,Low Engagement Product
26824.0,0.1283,83.01,10.95,0.1092,0.0738,6.87,72.0,6.2,4.43,192.0,3,Low Engagement Product
42091.0,0.0495,77.55,16.37,0.052,0.0292,4.2,149.0,3.57,3.64,323.0,3,Low Engagement Product
5040.0,0.0353,450.38,82.0,0.0312,0.0223,1.96,855.0,1.58,2.39,26.0,0,Invisible Product
28858.0,0.0703,152.33,26.72,0.0981,0.071,8.44,212.0,7.13,4.23,971.0,1,High Performer
36324.0,0.0548,328.69,63.81,0.1133,0.0651,3.67,610.0,7.86,4.36,177.0,2,Attract but Don't Convert
7888.0,0.169,56.9,19.28,0.0242,0.0112,1.0,76.0,1.0,3.48,195.0,4,Trust Issue Product
28182.0,0.1107,113.09,17.81,0.1188,0.0927,7.76,116.0,7.2,4.93,971.0,1,High Performer
24134.0,0.1112,133.96,29.54,0.1078,0.0761,7.38,217.0,7.34,4.63,971.0,1,High Performer
35579.0,0.1346,342.15,67.0,0.1089,0.0649,5.34,666.0,6.76,4.36,337.0,2,Attract but Don't Convert
11380.0,0.0754,129.67,19.26,0.0731,0.0506,3.98,166.0,7.63,3.97,439.0,3,Low Engagement Product
18152.0,0.0936,404.24,58.58,0.0711,0.0379,7.62,703.0,4.63,3.24,339.0,2,Attract but Don't Convert
16631.0,0.1312,330.61,52.77,0.1014,0.0552,9.62,594.0,9.79,4.45,318.0,1,High Performer
22904.0,0.0546,316.41,60.55,0.0841,0.0479,2.42,596.0,2.89,2.43,47.0,0,Invisible Product
29003.0,0.0165,169.25,43.74,0.0058,0.0053,3.09,314.0,2.17,1.31,25.0,0,Invisible Product
44957.0,0.0245,389.93,69.18,0.0119,0.0001,2.11,742.0,3.03,1.87,44.0,0,Invisible Product
10242.0,0.062,324.79,67.57,0.128,0.0582,6.07,640.0,4.6,3.09,182.0,2,Attract but Don't Convert
49617.0,0.1058,426.65,79.61,0.0956,0.0451,5.31,813.0,6.59,3.94,147.0,2,Attract but Don't Convert
48455.0,0.1585,392.49,62.74,0.0366,0.0206,5.83,703.0,9.26,3.18,367.0,4,Trust Issue Product
9966.0,0.1322,60.23,12.15,0.1089,0.0769,8.13,31.0,8.74,4.14,971.0,1,High Performer
4631.0,0.0345,499.04,88.17,0.0675,0.0296,2.55,937.0,2.57,2.43,41.0,2,Attract but Don't Convert
45554.0,0.0737,213.65,32.29,0.0577,0.0181,3.49,352.0,3.11,1.62,13.0,0,Invisible Product
38198.0,0.0513,144.8,33.36,0.0659,0.0226,3.88,239.0,3.37,2.26,19.0,0,Invisible Product
38378.0,0.1288,223.89,48.72,0.1025,0.056,7.97,417.0,3.96,3.35,219.0,3,Low Engagement Product
28238.0,0.0603,203.65,42.94,0.0572,0.0208,1.44,361.0,3.22,2.39,41.0,0,Invisible Product
27165.0,0.015,460.99,74.76,0.0901,0.0424,3.0,817.0,2.94,3.36,44.0,2,Attract but Don't Convert
30056.0,0.1057,249.97,54.9,0.1146,0.067,7.46,531.0,4.94,3.31,313.0,2,Attract but Don't Convert
41832.0,0.1238,102.58,30.19,0.0891,0.0468,7.33,191.0,5.81,3.64,229.0,3,Low Engagement Product
39361.0,0.0677,264.03,41.6,0.0943,0.0608,7.95,487.0,2.17,3.9,199.0,3,Low Engagement Product
10859.0,0.1255,391.28,59.37,0.1009,0.0629,8.44,767.0,7.19,5.0,380.0,1,High Performer
5539.0,0.026,131.26,27.38,0.0316,0.0095,3.85,185.0,3.56,1.61,27.0,0,Invisible Product
47341.0,0.0395,358.33,64.46,0.0983,0.0616,6.69,718.0,1.24,4.37,293.0,2,Attract but Don't Convert
42633.0,0.1285,148.57,26.02,0.0932,0.0473,9.16,189.0,8.65,4.4,123.0,3,Low Engagement Product
28370.0,0.0539,360.63,57.65,0.0967,0.0492,5.16,583.0,5.64,4.47,29.0,2,Attract but Don't Convert
13379.0,0.1003,300.48,58.6,0.0998,0.057,6.1,531.0,7.13,4.15,97.0,2,Attract but Don't Convert
39379.0,0.2274875,442.62,78.85,0.0174,0.0039,8.46,850.0,7.48,3.08,971.0,4,Trust Issue Product
44351.0,0.0249,152.54,29.3,0.0272,0.0062,3.47,208.0,2.29,2.1,7.0,0,Invisible Product
23988.0,0.1019,93.84,23.44,0.1071,0.0745,8.17,139.0,9.0,4.42,971.0,1,High Performer
17730.0,0.178,74.91,23.88,0.034,0.0038,3.28,124.0,1.19,2.0,4.0,4,Trust Issue Product
35244.0,0.073,377.55,62.61,0.052,0.0194,3.3,693.0,3.2,1.47,12.0,0,Invisible Product
31282.0,0.091,411.46,77.6,0.1094,0.0732,8.77,826.0,8.02,4.17,971.0,1,High Performer
25638.0,0.0269,45.2,10.0,0.0952,0.0265,1.49,60.0,1.31,2.95,1.0,3,Low Engagement Product
11924.0,0.1748,468.68,79.48,0.0966,0.0599,10.0,908.0,9.82,4.38,335.0,1,High Performer
32225.0,0.0877,475.61,86.71,0.0954,0.0586,9.28,895.0,5.03,4.19,306.0,2,Attract but Don't Convert
7079.0,0.1089,346.21,59.05,0.1143,0.062,10.0,696.0,6.77,4.37,377.0,1,High Performer
26289.0,0.0913,181.47,31.12,0.0854,0.0462,6.87,340.0,4.83,3.16,361.0,3,Low Engagement Product
42700.0,0.1145,472.23,85.65,0.0423,0.0219,7.0,905.0,7.62,4.03,340.0,2,Attract but Don't Convert
12604.0,0.1915,216.48,35.25,0.0314,0.0047,2.23,354.0,1.73,2.47,47.0,4,Trust Issue Product
20769.0,0.1044,119.55,30.59,0.1107,0.0729,8.79,179.0,5.92,4.44,271.0,3,Low Engagement Product
7010.0,0.1226,204.2,33.01,0.0911,0.057,7.93,283.0,8.17,4.15,864.0,1,High Performer
46957.0,0.0302,453.91,88.33,0.0817,0.0417,1.92,884.0,3.17,3.13,13.0,2,Attract but Don't Convert
35064.0,0.0191,322.16,62.43,0.0671,0.0281,2.48,549.0,1.06,2.22,48.0,0,Invisible Product
20231.0,0.1363,399.65,72.7,0.0764,0.0432,5.14,704.0,7.85,3.35,404.0,2,Attract but Don't Convert
25327.0,0.1463,281.61,47.13,0.1173,0.0774,7.68,496.0,9.13,4.53,284.0,1,High Performer
6078.0,0.0967,218.33,34.08,0.1159,0.0653,3.89,371.0,6.1,3.85,39.0,3,Low Engagement Product
22091.0,0.1257,317.28,61.48,0.1293,0.0956,7.9,564.0,9.76,4.82,971.0,1,High Performer
17253.0,0.0922,407.21,73.28,0.0693,0.0474,9.02,792.0,7.86,3.78,396.0,2,Attract but Don't Convert
33648.0,0.0871,163.71,29.32,0.0736,0.0238,3.14,229.0,1.87,3.43,2.0,3,Low Engagement Product
42776.0,0.1193,289.0,56.94,0.0997,0.062,8.55,515.0,9.0,4.36,355.0,1,High Performer
39171.0,0.0835,462.95,77.51,0.0666,0.0401,7.35,914.0,2.95,3.85,465.0,2,Attract but Don't Convert
47554.0,0.0406,484.32,81.82,0.054,0.0179,1.58,861.0,1.74,1.43,15.0,0,Invisible Product
4083.0,0.1256,228.33,39.61,0.0883,0.0629,8.52,401.0,9.77,4.43,971.0,1,High Performer
9603.0,0.1398,378.56,69.56,0.1014,0.0524,8.03,695.0,8.21,4.47,136.0,2,Attract but Don't Convert
30021.0,0.0972,229.79,51.93,0.1122,0.0696,8.86,500.0,4.08,4.05,426.0,1,High Performer
17005.0,0.0274,497.35,89.45,0.0481,0.0166,1.57,938.0,2.78,2.72,8.0,0,Invisible Product
45938.0,0.0299,532.88,84.27,0.051,0.0274,3.22,955.0,2.32,2.74,38.0,2,Attract but Don't Convert
24053.0,0.0188,29.45,10.0,0.0646,0.0103,3.25,24.0,1.91,2.8,1.0,3,Low Engagement Product
26906.0,0.0238,30.74,14.25,0.0704,0.0269,4.67,53.0,3.48,3.81,63.0,3,Low Engagement Product
45100.0,0.093,444.62,71.98,0.065,0.02,3.12,811.0,1.78,1.25,10.0,0,Invisible Product
22268.0,0.1704,77.14,19.97,0.0791,0.0547,9.34,164.0,9.49,4.02,857.0,1,High Performer
4683.0,0.0925,227.02,36.09,0.044,0.0178,9.72,370.0,2.35,4.03,184.0,3,Low Engagement Product
38814.0,0.2274875,326.93,61.33,0.0104,0.0001,8.32,602.0,3.75,3.39,476.0,4,Trust Issue Product
49245.0,0.1564,273.63,58.49,0.092,0.0668,9.39,484.0,7.65,4.18,971.0,1,High Performer
39996.0,0.0683,260.79,43.32,0.051,0.0313,1.63,367.0,5.9,3.02,259.0,0,Invisible Product
11989.0,0.1028,415.51,74.38,0.0968,0.0476,7.16,761.0,7.47,3.94,19.0,2,Attract but Don't Convert
27513.0,0.2274875,75.23,24.9,0.0269,0.0183,7.05,144.0,8.93,2.55,284.0,4,Trust Issue Product
12375.0,0.0854,436.8,70.15,0.0709,0.0365,3.44,809.0,5.53,3.88,274.0,2,Attract but Don't Convert
2561.0,0.0586,189.86,36.66,0.064,0.0251,3.08,290.0,2.62,1.72,23.0,0,Invisible Product
14391.0,0.0386,177.62,31.07,0.058,0.0245,3.96,376.0,2.08,1.85,42.0,0,Invisible Product
46904.0,0.0914,302.74,55.55,0.1087,0.0597,7.14,546.0,4.04,3.0,144.0,2,Attract but Don't Convert
11535.0,0.0747,381.88,75.51,0.0724,0.0417,4.64,773.0,4.59,3.7,70.0,2,Attract but Don't Convert
28035.0,0.0599,288.99,55.43,0.0954,0.0494,6.03,517.0,2.98,4.31,23.0,2,Attract but Don't Convert
33553.0,0.2274875,146.89,27.02,0.0315,0.0133,9.31,172.0,8.11,2.5,759.0,4,Trust Issue Product
18644.0,0.2274875,57.31,10.0,0.0147,0.0001,2.19,72.0,1.33,2.81,28.0,4,Trust Issue Product
12358.0,0.2274875,115.57,20.23,0.026,0.0036,7.72,168.0,7.49,2.67,782.0,4,Trust Issue Product
30941.0,0.1188,296.6,57.64,0.1119,0.0844,7.48,522.0,7.03,4.52,971.0,1,High Performer
48858.0,0.1301,481.35,82.97,0.1047,0.0758,9.38,889.0,8.4,4.11,971.0,1,High Performer
49290.0,0.064,267.46,49.1,0.0536,0.0174,3.41,469.0,2.84,2.69,13.0,0,Invisible Product
10836.0,0.1176,108.83,26.39,0.1036,0.0805,9.49,238.0,8.51,4.8,971.0,1,High Performer
37743.0,0.0902,355.69,56.01,0.0677,0.0403,6.1,644.0,6.93,3.5,267.0,2,Attract but Don't Convert
44050.0,0.1465,426.81,71.87,0.0953,0.0638,7.28,819.0,8.85,4.78,875.0,1,High Performer
35064.0,0.0818,155.18,26.73,0.0296,0.0162,3.03,296.0,2.88,1.14,47.0,0,Invisible Product
28144.0,0.0723,269.49,50.43,0.0941,0.0427,3.4,471.0,3.19,2.83,39.0,0,Invisible Product
40033.0,0.0657,256.28,31.1,0.1207,0.0612,5.62,447.0,3.36,3.67,415.0,3,Low Engagement Product
16097.0,0.001,45.57,14.52,0.0727,0.0264,2.3,102.0,3.46,2.32,21.0,3,Low Engagement Product
14315.0,0.049,512.51,98.35,0.0243,0.014,3.08,981.0,1.36,1.43,46.0,0,Invisible Product
33169.0,0.054,175.34,27.89,0.0449,0.0132,2.62,237.0,3.19,1.57,47.0,0,Invisible Product
24011.0,0.0599,383.34,66.7,0.001,0.001,2.66,757.0,3.85,1.24,33.0,0,Invisible Product
17130.0,0.0591,433.84,85.25,0.0665,0.043,7.33,801.0,4.37,3.18,453.0,2,Attract but Don't Convert
29434.0,0.064,278.89,51.66,0.0721,0.0378,2.71,546.0,6.7,3.68,310.0,2,Attract but Don't Convert
14671.0,0.0708,274.31,53.78,0.0875,0.0299,1.3,423.0,3.17,2.15,35.0,0,Invisible Product
42819.0,0.0656,198.46,33.33,0.0836,0.0507,7.33,309.0,4.15,3.59,285.0,3,Low Engagement Product
29027.0,0.0609,232.91,49.68,0.0569,0.026,3.47,439.0,3.11,2.49,32.0,0,Invisible Product
20814.0,0.0964,213.28,50.1,0.0948,0.0506,9.37,358.0,5.23,4.32,35.0,3,Low Engagement Product
43641.0,0.0879,400.59,74.43,0.064,0.0342,7.9,796.0,2.48,3.05,452.0,2,Attract but Don't Convert
23487.0,0.072,358.75,66.69,0.1064,0.0771,5.05,730.0,5.08,4.43,461.0,2,Attract but Don't Convert
28544.0,0.0565,372.6,68.7,0.0414,0.0218,2.16,689.0,2.16,2.45,38.0,0,Invisible Product
49008.0,0.0682,446.85,74.18,0.0951,0.0452,2.07,864.0,6.91,3.86,48.0,2,Attract but Don't Convert
20021.0,0.147,522.97,94.55,0.1367,0.1078,8.76,978.0,8.19,4.67,971.0,1,High Performer
13157.0,0.0796,215.48,41.83,0.0783,0.0374,3.65,438.0,1.33,3.41,42.0,3,Low Engagement Product
45368.0,0.0521,482.87,76.53,0.0337,0.0051,2.92,928.0,1.4,1.74,17.0,0,Invisible Product
24958.0,0.0641,173.61,27.59,0.0808,0.039,3.64,226.0,3.38,3.79,255.0,3,Low Engagement Product
48789.0,0.1564,411.11,64.22,0.1303,0.0931,8.62,705.0,9.15,4.53,971.0,1,High Performer
44738.0,0.1029,420.96,54.93,0.0997,0.0623,9.23,715.0,2.99,4.33,497.0,2,Attract but Don't Convert
26162.0,0.0224,217.19,32.8,0.0482,0.0149,1.5,284.0,3.11,2.91,21.0,0,Invisible Product
36950.0,0.1584,410.42,66.72,0.0191,0.0088,7.42,777.0,8.86,3.29,466.0,4,Trust Issue Product
46586.0,0.0808,10.0,12.16,0.0596,0.0169,3.16,55.0,5.78,3.29,160.0,3,Low Engagement Product
20667.0,0.1106,248.08,35.91,0.1,0.0753,8.52,392.0,7.89,4.68,971.0,1,High Performer
29839.0,0.0554,261.17,53.88,0.0764,0.0408,6.9,507.0,2.42,3.31,217.0,3,Low Engagement Product
43385.0,0.087,210.19,32.18,0.0788,0.0382,5.34,278.0,6.76,4.31,162.0,3,Low Engagement Product
3854.0,0.0575,306.66,46.73,0.0579,0.0242,4.86,550.0,7.41,4.39,125.0,2,Attract but Don't Convert
27144.0,0.021,534.21,92.51,0.0672,0.0348,1.33,943.0,3.21,2.81,24.0,2,Attract but Don't Convert
1824.0,0.0577,47.91,14.93,0.0471,0.0279,7.29,42.0,2.37,4.26,210.0,3,Low Engagement Product
1476.0,0.1335,77.91,17.38,0.0561,0.0327,4.21,123.0,7.02,3.06,190.0,3,Low Engagement Product
8806.0,0.1034,174.55,27.02,0.1055,0.0652,3.72,260.0,8.07,3.98,390.0,3,Low Engagement Product
8994.0,0.0171,500.78,83.47,0.0332,0.008,2.15,922.0,1.26,1.15,36.0,0,Invisible Product
18137.0,0.0519,453.09,75.05,0.0756,0.0426,5.06,892.0,3.91,3.68,404.0,2,Attract but Don't Convert
18550.0,0.0789,396.81,75.41,0.0856,0.0702,9.32,735.0,7.7,4.78,971.0,1,High Performer
16506.0,0.105,154.48,37.45,0.0981,0.0783,9.21,272.0,8.69,4.81,971.0,1,High Performer
29825.0,0.0244,114.58,21.26,0.0982,0.0565,4.99,161.0,2.69,4.21,290.0,3,Low Engagement Product
6026.0,0.0016,445.81,74.7,0.064,0.0282,1.58,833.0,1.23,3.33,4.0,0,Invisible Product
39119.0,0.075,369.73,59.51,0.0475,0.0227,3.61,674.0,6.41,3.24,424.0,2,Attract but Don't Convert
9596.0,0.21,265.31,48.96,0.0309,0.0157,5.63,470.0,8.23,2.12,183.0,4,Trust Issue Product
36168.0,0.0111,423.95,75.56,0.059,0.0184,2.78,802.0,1.08,3.33,31.0,0,Invisible Product
29906.0,0.086,200.19,39.66,0.086,0.0451,5.88,326.0,5.72,3.5,164.0,3,Low Engagement Product
22763.0,0.2274875,274.33,52.97,0.0262,0.0152,3.33,519.0,6.27,2.99,365.0,4,Trust Issue Product
41421.0,0.1312,383.47,56.83,0.0751,0.0493,7.2,641.0,9.11,4.35,971.0,1,High Performer
36595.0,0.1397,43.18,10.0,0.1248,0.0889,8.62,27.0,7.98,4.19,971.0,1,High Performer
22756.0,0.1178,90.84,17.78,0.0623,0.0282,10.0,88.0,4.39,3.27,328.0,3,Low Engagement Product
25960.0,0.1095,379.81,64.22,0.08,0.0431,5.54,721.0,6.13,3.01,124.0,2,Attract but Don't Convert
49766.0,0.0101,376.51,73.7,0.0219,0.0104,2.62,710.0,2.77,1.99,48.0,0,Invisible Product
16932.0,0.133,345.44,57.44,0.1498,0.1054,8.7,594.0,8.93,4.34,971.0,1,High Performer
38887.0,0.0881,88.7,10.0,0.1047,0.0507,7.0,87.0,7.28,3.47,312.0,3,Low Engagement Product
48331.0,0.0764,396.05,68.51,0.0566,0.0369,7.31,737.0,5.95,3.22,151.0,2,Attract but Don't Convert
21827.0,0.0436,459.8,83.5,0.0883,0.0534,3.99,931.0,5.59,4.11,288.0,2,Attract but Don't Convert
42915.0,0.2201,519.02,96.7,0.0286,0.01,3.82,999.0,2.17,3.05,35.0,4,Trust Issue Product
29645.0,0.1101,241.73,44.39,0.0866,0.0394,6.37,427.0,5.88,4.13,25.0,3,Low Engagement Product
44622.0,0.0551,284.85,55.95,0.0749,0.0242,1.9,537.0,1.12,3.05,8.0,0,Invisible Product
2620.0,0.1178,73.56,20.3,0.1088,0.0705,7.44,138.0,7.32,4.01,417.0,3,Low Engagement Product
3181.0,0.2274875,469.08,82.65,0.0122,0.008,8.01,844.0,8.83,3.32,971.0,4,Trust Issue Product
34296.0,0.1359,51.39,20.61,0.0841,0.0428,7.14,50.0,9.18,4.27,182.0,3,Low Engagement Product
36835.0,0.1322,334.68,48.41,0.1169,0.0684,6.84,537.0,4.54,4.24,157.0,2,Attract but Don't Convert
39313.0,0.0827,277.65,47.23,0.0949,0.0444,8.63,502.0,1.0,3.01,396.0,3,Low Engagement Product
14666.0,0.0434,146.55,27.02,0.0336,0.0167,2.19,226.0,3.89,2.24,13.0,0,Invisible Product
14142.0,0.0904,362.22,69.65,0.0987,0.0515,4.65,688.0,6.68,3.53,271.0,2,Attract but Don't Convert
25598.0,0.1526,359.22,54.62,0.0141,0.0118,2.71,598.0,3.31,2.62,31.0,4,Trust Issue Product
11429.0,0.068,518.95,78.09,0.061,0.0345,7.7,990.0,1.4,3.01,38.0,2,Attract but Don't Convert
31756.0,0.2257,228.94,46.53,0.0266,0.0108,4.72,406.0,8.12,2.44,269.0,4,Trust Issue Product
2259.0,0.1117,226.45,40.61,0.0903,0.055,7.58,431.0,9.12,4.36,458.0,1,High Performer
38000.0,0.1515,468.09,77.21,0.1491,0.1048,9.58,861.0,9.67,4.79,971.0,1,High Performer
19463.0,0.0102,217.9,39.18,0.0217,0.0001,2.56,389.0,2.19,1.09,8.0,0,Invisible Product
47801.0,0.119,196.61,29.36,0.0998,0.0514,8.68,372.0,8.21,4.67,111.0,3,Low Engagement Product
43341.0,0.0251,510.53,81.15,0.0237,0.006,1.72,963.0,1.97,1.63,22.0,0,Invisible Product
19133.0,0.0326,221.99,42.68,0.0695,0.0248,4.71,355.0,2.46,3.61,123.0,3,Low Engagement Product
10905.0,0.0258,517.96,82.62,0.011,0.0077,1.7,910.0,1.81,1.23,44.0,0,Invisible Product
35951.0,0.0458,497.22,88.78,0.05,0.0228,1.28,925.0,2.28,2.14,47.0,0,Invisible Product
26932.0,0.103,172.99,42.73,0.0959,0.0469,5.65,308.0,4.22,4.31,17.0,3,Low Engagement Product
14044.0,0.2274875,530.13,80.4,0.0154,0.0139,6.39,982.0,10.0,2.94,313.0,4,Trust Issue Product
19973.0,0.1113,519.19,87.06,0.0807,0.0497,7.71,984.0,8.35,4.03,971.0,1,High Performer
40472.0,0.0766,110.63,22.17,0.0785,0.0373,7.27,159.0,3.63,3.36,264.0,3,Low Engagement Product
24028.0,0.1454,515.96,95.33,0.0828,0.0641,9.38,972.0,8.34,4.14,971.0,1,High Performer
15479.0,0.0528,198.73,30.12,0.0608,0.0264,4.41,319.0,4.29,3.02,93.0,3,Low Engagement Product
36851.0,0.1173,57.9,14.2,0.0935,0.0648,9.86,32.0,7.44,4.54,501.0,3,Low Engagement Product
34646.0,0.0451,370.51,71.06,0.0231,0.0001,3.55,683.0,1.74,3.14,44.0,0,Invisible Product
24386.0,0.0924,323.86,50.21,0.1086,0.0571,6.33,447.0,4.61,4.11,25.0,2,Attract but Don't Convert
5210.0,0.0451,470.37,80.08,0.0164,0.0078,3.8,844.0,1.68,2.42,8.0,0,Invisible Product
12187.0,0.1257,429.91,77.06,0.0696,0.0431,9.24,883.0,7.19,4.62,971.0,1,High Performer
23862.0,0.0664,232.56,48.96,0.1019,0.0677,5.85,419.0,4.29,3.87,312.0,3,Low Engagement Product
17181.0,0.0536,93.61,12.21,0.0536,0.031,2.07,128.0,5.01,3.52,296.0,3,Low Engagement Product
35047.0,0.0609,294.18,52.83,0.0356,0.0281,8.32,504.0,6.16,3.55,105.0,2,Attract but Don't Convert
9696.0,0.0651,520.18,73.9,0.0793,0.0208,2.89,907.0,1.66,2.3,20.0,0,Invisible Product
38119.0,0.0476,203.11,48.93,0.0303,0.0138,3.01,375.0,2.91,1.92,43.0,0,Invisible Product
42103.0,0.1294,137.02,17.7,0.0997,0.0468,7.9,168.0,3.74,3.12,131.0,3,Low Engagement Product
18413.0,0.0757,483.07,79.53,0.0124,0.0029,3.77,898.0,2.88,1.16,31.0,0,Invisible Product
47739.0,0.1088,404.08,77.13,0.0641,0.0398,7.3,735.0,9.38,4.31,235.0,2,Attract but Don't Convert
1113.0,0.0213,216.89,38.32,0.054,0.015,2.22,326.0,1.58,2.92,43.0,0,Invisible Product
49478.0,0.0913,272.73,50.53,0.0522,0.0347,6.91,552.0,8.2,3.36,38.0,2,Attract but Don't Convert
23805.0,0.019,80.2,16.92,0.0585,0.0305,2.97,79.0,1.35,2.43,9.0,3,Low Engagement Product
1928.0,0.0079,290.05,47.78,0.0809,0.0373,3.49,454.0,1.74,3.33,28.0,0,Invisible Product
8009.0,0.1117,28.84,15.31,0.1251,0.0416,8.57,40.0,8.79,4.77,770.0,1,High Performer
38456.0,0.0329,477.05,80.47,0.06,0.0276,5.86,894.0,1.29,3.15,85.0,2,Attract but Don't Convert
13209.0,0.0711,244.07,40.47,0.1181,0.0742,4.2,401.0,2.93,4.17,333.0,3,Low Engagement Product
2123.0,0.0372,122.87,34.56,0.0597,0.0287,6.6,264.0,2.69,3.73,128.0,3,Low Engagement Product
14637.0,0.0826,497.22,82.41,0.0525,0.0251,2.09,921.0,2.99,2.08,33.0,0,Invisible Product
26761.0,0.1892,70.78,11.99,0.025,0.0114,1.75,92.0,1.1,3.09,21.0,4,Trust Issue Product
38759.0,0.0707,292.04,45.86,0.1152,0.0426,3.88,468.0,1.96,3.44,4.0,3,Low Engagement Product
33948.0,0.0641,62.71,17.5,0.1135,0.0701,6.34,95.0,4.78,4.14,180.0,3,Low Engagement Product
37904.0,0.148,387.66,69.09,0.1148,0.0637,9.14,717.0,8.52,4.97,154.0,1,High Performer
15479.0,0.2274875,318.4,59.7,0.0307,0.0087,9.48,609.0,6.91,2.26,43.0,4,Trust Issue Product
27866.0,0.0031,232.12,36.12,0.0581,0.0193,3.01,409.0,1.33,1.35,10.0,0,Invisible Product
43690.0,0.1474,313.65,60.17,0.0937,0.062,8.56,596.0,8.18,4.7,652.0,1,High Performer
2663.0,0.1145,202.79,37.84,0.0422,0.0167,5.59,361.0,10.0,3.57,271.0,3,Low Engagement Product
36160.0,0.0972,161.57,31.91,0.052,0.0219,6.27,309.0,7.22,3.08,314.0,3,Low Engagement Product
29297.0,0.1168,309.58,61.64,0.0943,0.0654,8.36,587.0,9.9,4.54,725.0,1,High Performer
3686.0,0.0607,189.99,34.38,0.1009,0.0553,7.96,350.0,2.46,3.38,197.0,3,Low Engagement Product
16187.0,0.0931,159.83,41.16,0.1183,0.097,7.41,278.0,9.26,4.41,971.0,1,High Performer
48968.0,0.0185,250.17,54.04,0.0336,0.0179,1.99,445.0,1.87,1.63,27.0,0,Invisible Product
23325.0,0.1241,332.4,72.72,0.1165,0.0844,7.81,721.0,8.05,4.74,971.0,1,High Performer
29850.0,0.0307,45.36,10.0,0.0333,0.0193,2.07,25.0,1.81,2.22,23.0,0,Invisible Product
6743.0,0.1229,67.28,14.87,0.1528,0.1065,9.0,25.0,7.14,4.93,443.0,1,High Performer
27623.0,0.001,150.08,28.14,0.0705,0.028,2.0,210.0,1.84,2.31,33.0,0,Invisible Product
36827.0,0.0734,96.16,19.75,0.0699,0.0292,4.35,167.0,4.92,3.08,60.0,3,Low Engagement Product
11105.0,0.0288,262.45,49.27,0.0488,0.0124,3.25,424.0,1.44,2.37,41.0,0,Invisible Product
43643.0,0.0243,152.32,32.16,0.0471,0.0177,3.82,277.0,1.51,1.53,39.0,0,Invisible Product
261.0,0.0222,410.36,57.66,0.0656,0.0214,3.29,749.0,2.96,3.22,18.0,0,Invisible Product
16129.0,0.0411,230.67,57.23,0.034,0.0122,2.11,498.0,1.6,3.32,9.0,0,Invisible Product
49845.0,0.0549,96.69,26.27,0.1216,0.0762,8.11,109.0,4.88,4.27,142.0,3,Low Engagement Product
14326.0,0.0139,451.6,77.12,0.0799,0.0386,1.86,843.0,3.28,2.76,25.0,2,Attract but Don't Convert
28831.0,0.0994,474.27,83.74,0.1056,0.0668,7.98,883.0,4.88,4.41,375.0,2,Attract but Don't Convert
44022.0,0.0191,44.85,14.04,0.0264,0.0151,2.43,29.0,1.49,1.65,42.0,0,Invisible Product
44948.0,0.1513,120.36,16.1,0.0343,0.0154,1.14,106.0,1.69,2.24,40.0,0,Invisible Product
3490.0,0.1472,437.98,85.83,0.0503,0.0433,9.84,781.0,9.54,4.42,971.0,1,High Performer
6097.0,0.0551,472.82,75.47,0.0637,0.031,4.28,857.0,4.87,4.02,201.0,2,Attract but Don't Convert
12793.0,0.0019,126.11,23.86,0.0995,0.0374,2.32,170.0,2.45,3.2,6.0,3,Low Engagement Product
49915.0,0.1618,392.12,55.93,0.0143,0.0036,3.7,644.0,2.77,2.4,43.0,4,Trust Issue Product
42192.0,0.0424,49.46,18.2,0.0131,0.0067,3.64,49.0,2.48,2.39,6.0,0,Invisible Product
641.0,0.2215,75.73,25.22,0.0323,0.0147,9.64,147.0,3.96,2.37,25.0,4,Trust Issue Product
21917.0,0.0366,112.84,22.07,0.0471,0.0275,5.22,97.0,5.27,4.1,196.0,3,Low Engagement Product
37961.0,0.166,240.5,39.1,0.0209,0.0199,4.91,440.0,3.3,3.13,193.0,4,Trust Issue Product
13528.0,0.0498,76.91,17.3,0.0631,0.0267,7.33,74.0,1.0,3.07,202.0,3,Low Engagement Product
44034.0,0.0134,289.93,51.89,0.1143,0.0576,3.84,499.0,1.0,4.05,93.0,2,Attract but Don't Convert
48931.0,0.1387,177.32,29.34,0.0907,0.0538,9.23,324.0,6.11,3.06,393.0,3,Low Engagement Product
10358.0,0.0883,284.23,57.15,0.0945,0.0727,7.6,565.0,9.18,4.58,971.0,1,High Performer
16144.0,0.0613,113.32,16.69,0.0854,0.0501,4.0,124.0,4.83,4.22,428.0,3,Low Engagement Product
29511.0,0.1464,150.87,23.79,0.0828,0.0619,8.58,191.0,9.01,4.21,794.0,1,High Performer
5569.0,0.0429,301.67,54.33,0.0521,0.0193,1.47,518.0,2.94,1.3,47.0,0,Invisible Product
28954.0,0.0317,58.54,14.27,0.1051,0.0641,3.71,41.0,4.0,3.89,403.0,3,Low Engagement Product
6356.0,0.1096,155.03,30.76,0.0476,0.0236,7.6,306.0,3.5,3.17,482.0,3,Low Engagement Product
10820.0,0.1838,228.36,37.13,0.0304,0.0172,9.1,410.0,4.81,2.8,184.0,4,Trust Issue Product
34037.0,0.1416,372.27,60.06,0.1049,0.069,8.15,636.0,8.0,4.86,647.0,1,High Performer
33698.0,0.0261,98.4,24.56,0.0313,0.008,3.01,168.0,2.78,1.63,47.0,0,Invisible Product
1751.0,0.0937,178.16,33.35,0.0927,0.0543,6.68,291.0,6.41,3.91,101.0,3,Low Engagement Product
19294.0,0.0765,442.72,73.93,0.015,0.0001,2.95,807.0,3.9,2.04,14.0,0,Invisible Product
25151.0,0.1286,199.29,34.29,0.0698,0.0366,8.19,318.0,7.76,3.56,300.0,3,Low Engagement Product
27486.0,0.0324,105.01,32.46,0.0544,0.0264,3.1,191.0,2.92,2.64,45.0,0,Invisible Product
9618.0,0.0838,60.65,16.23,0.0773,0.0488,7.55,66.0,4.2,4.23,71.0,3,Low Engagement Product
46126.0,0.0973,369.42,62.61,0.1212,0.0926,8.84,645.0,8.2,4.71,971.0,1,High Performer
16284.0,0.0654,470.18,73.38,0.0779,0.0341,3.52,806.0,2.14,1.7,44.0,0,Invisible Product
33887.0,0.0833,443.18,74.67,0.0667,0.0346,7.45,835.0,3.93,3.46,42.0,2,Attract but Don't Convert
21721.0,0.0722,151.22,37.49,0.0925,0.0288,3.1,226.0,1.88,3.38,2.0,3,Low Engagement Product
10128.0,0.0411,242.81,50.58,0.0683,0.0346,4.78,472.0,5.56,3.57,152.0,3,Low Engagement Product
12548.0,0.0018,232.15,47.01,0.0126,0.0052,1.44,414.0,1.39,1.55,44.0,0,Invisible Product
45353.0,0.0356,517.0,85.52,0.0483,0.0305,2.9,994.0,1.98,2.95,25.0,2,Attract but Don't Convert
34151.0,0.0797,540.76,90.46,0.0616,0.0234,1.83,944.0,2.78,1.91,6.0,0,Invisible Product
49911.0,0.0722,431.16,66.83,0.0753,0.0454,5.17,773.0,4.25,4.04,350.0,2,Attract but Don't Convert
30547.0,0.0493,191.87,37.27,0.0786,0.0421,7.29,320.0,1.32,4.13,371.0,3,Low Engagement Product
18494.0,0.0215,355.43,68.71,0.0409,0.0114,1.08,727.0,1.74,3.08,1.0,0,Invisible Product
34601.0,0.0251,383.67,72.21,0.0813,0.0306,2.02,695.0,3.13,3.31,9.0,2,Attract but Don't Convert
30354.0,0.1554,133.87,23.11,0.1118,0.0662,8.64,195.0,9.57,4.35,97.0,3,Low Engagement Product
18609.0,0.062,462.46,82.72,0.1035,0.0562,4.97,874.0,1.0,3.41,428.0,2,Attract but Don't Convert
49098.0,0.1946,431.93,76.12,0.0144,0.0077,8.0,802.0,7.89,2.82,237.0,4,Trust Issue Product
14572.0,0.0043,130.53,16.48,0.038,0.0148,1.1,129.0,3.86,1.47,29.0,0,Invisible Product
45757.0,0.0915,400.48,68.92,0.1202,0.0954,8.5,703.0,8.51,4.97,971.0,1,High Performer
3571.0,0.0596,503.29,87.81,0.0613,0.0271,3.81,982.0,4.76,3.03,132.0,2,Attract but Don't Convert
41896.0,0.105,510.55,80.43,0.078,0.0369,4.94,883.0,6.88,3.26,124.0,2,Attract but Don't Convert
30368.0,0.0628,124.61,25.84,0.0695,0.0303,3.77,221.0,1.87,2.23,46.0,3,Low Engagement Product
8429.0,0.042,155.82,25.26,0.0155,0.002,2.0,187.0,2.97,1.39,2.0,0,Invisible Product
34965.0,0.0729,332.02,60.85,0.1092,0.0532,5.5,633.0,2.04,3.39,382.0,2,Attract but Don't Convert
46950.0,0.1309,79.47,21.05,0.113,0.0731,7.99,105.0,5.42,4.36,366.0,3,Low Engagement Product
46798.0,0.0326,324.25,65.45,0.099,0.033,3.36,673.0,3.1,2.76,37.0,0,Invisible Product
28372.0,0.075,529.55,92.64,0.0456,0.0191,3.37,978.0,2.73,3.08,28.0,2,Attract but Don't Convert
42945.0,0.1045,424.74,83.57,0.0737,0.042,2.51,868.0,7.43,4.34,403.0,2,Attract but Don't Convert
6497.0,0.0358,406.15,77.02,0.0505,0.0179,3.59,744.0,2.65,1.97,24.0,0,Invisible Product
32473.0,0.0586,56.31,19.03,0.0881,0.0558,1.37,70.0,8.97,3.99,89.0,3,Low Engagement Product
35625.0,0.0475,87.03,21.2,0.0354,0.0172,1.69,131.0,2.63,1.99,45.0,0,Invisible Product
24670.0,0.2222,278.88,54.22,0.0255,0.0088,4.11,482.0,3.23,2.02,413.0,4,Trust Issue Product
18384.0,0.0393,276.89,47.51,0.0772,0.0385,2.03,461.0,5.46,3.93,251.0,3,Low Engagement Product
19094.0,0.2086,201.18,34.65,0.0351,0.0033,3.14,290.0,2.96,3.49,3.0,4,Trust Issue Product
23384.0,0.0922,304.61,45.07,0.0688,0.0409,7.73,596.0,7.12,4.29,971.0,1,High Performer
17933.0,0.0697,205.28,34.54,0.0821,0.0425,4.79,363.0,5.1,4.17,145.0,3,Low Engagement Product
25222.0,0.0853,130.05,29.66,0.0867,0.0437,6.08,202.0,8.3,3.53,374.0,3,Low Engagement Product
5117.0,0.1414,303.06,58.47,0.1136,0.0825,7.76,522.0,9.95,4.19,971.0,1,High Performer
16470.0,0.0323,473.15,81.73,0.0328,0.0123,1.55,863.0,2.39,1.77,46.0,0,Invisible Product
29352.0,0.1206,27.61,15.36,0.0724,0.0233,6.05,29.0,9.89,3.82,104.0,3,Low Engagement Product
8099.0,0.1266,310.54,54.4,0.1116,0.073,8.92,513.0,9.64,4.83,563.0,1,High Performer
22536.0,0.0599,164.7,30.42,0.082,0.047,2.98,253.0,6.15,4.01,273.0,3,Low Engagement Product
43063.0,0.0674,224.28,30.67,0.0515,0.0192,2.31,317.0,6.86,3.7,150.0,3,Low Engagement Product
2196.0,0.1373,167.84,34.24,0.0964,0.0682,9.28,263.0,9.73,4.58,840.0,1,High Performer
48301.0,0.0472,253.95,46.05,0.0291,0.0003,2.81,528.0,3.6,1.81,4.0,0,Invisible Product
25379.0,0.049,198.53,42.06,0.0885,0.043,5.12,370.0,5.4,4.16,97.0,3,Low Engagement Product
43463.0,0.001,169.78,39.98,0.0132,0.004,1.79,286.0,2.29,1.39,5.0,0,Invisible Product
48809.0,0.1382,337.62,63.36,0.1005,0.0604,9.53,649.0,7.98,4.88,971.0,1,High Performer
26301.0,0.1204,349.88,66.63,0.0964,0.0596,9.26,675.0,5.79,4.4,469.0,1,High Performer
19815.0,0.2274875,524.09,88.4,0.0132,0.0045,9.61,912.0,8.09,3.24,275.0,4,Trust Issue Product
29409.0,0.1307,115.01,26.87,0.1065,0.0828,8.09,220.0,7.93,4.58,971.0,1,High Performer
15178.0,0.0212,148.41,38.11,0.0909,0.0361,2.64,258.0,1.39,1.77,18.0,0,Invisible Product
5205.0,0.119,207.82,43.36,0.0781,0.0563,7.11,353.0,9.69,4.58,971.0,1,High Performer
29412.0,0.1181,470.69,85.4,0.1138,0.0732,9.79,934.0,7.23,4.19,971.0,1,High Performer
2939.0,0.0033,243.74,33.74,0.0641,0.0257,2.65,434.0,2.62,3.27,17.0,0,Invisible Product
3484.0,0.2274875,476.72,88.53,0.0348,0.0205,7.98,988.0,3.74,2.67,246.0,4,Trust Issue Product
43719.0,0.1419,270.48,49.67,0.1065,0.0859,8.12,503.0,8.71,4.99,971.0,1,High Performer
42921.0,0.055,235.63,48.1,0.0115,0.0109,2.37,456.0,2.47,1.81,37.0,0,Invisible Product
13593.0,0.1276,156.36,38.5,0.1077,0.0793,9.27,265.0,8.58,4.66,971.0,1,High Performer
17169.0,0.021,467.38,85.26,0.0297,0.0122,1.97,877.0,2.74,1.69,35.0,0,Invisible Product
47007.0,0.1249,70.47,13.29,0.0921,0.0586,8.92,27.0,8.99,4.66,677.0,1,High Performer
7631.0,0.094,103.3,22.41,0.0504,0.0224,5.64,171.0,8.27,3.11,68.0,3,Low Engagement Product
37151.0,0.0199,278.24,33.72,0.1006,0.0611,4.25,411.0,3.74,3.92,346.0,3,Low Engagement Product
7836.0,0.0826,149.25,32.24,0.086,0.0491,6.96,230.0,3.26,4.04,184.0,3,Low Engagement Product
7810.0,0.0871,204.14,42.7,0.0814,0.0486,4.66,386.0,4.71,3.42,69.0,3,Low Engagement Product
1719.0,0.2274875,514.2,92.15,0.0236,0.0038,8.04,963.0,3.21,2.1,178.0,4,Trust Issue Product
14075.0,0.0443,399.21,67.01,0.0458,0.0148,2.85,689.0,2.99,1.96,11.0,0,Invisible Product
45703.0,0.0195,303.15,54.32,0.0634,0.0359,1.93,589.0,2.34,3.4,23.0,0,Invisible Product
23352.0,0.0679,121.34,20.94,0.115,0.0623,5.91,105.0,1.12,3.89,61.0,3,Low Engagement Product
15361.0,0.0868,77.64,17.67,0.1346,0.0806,9.11,74.0,2.7,4.06,237.0,3,Low Engagement Product
1531.0,0.042,373.12,73.62,0.1193,0.0669,6.82,732.0,2.04,4.31,257.0,2,Attract but Don't Convert
9167.0,0.0735,346.06,60.98,0.066,0.0293,3.01,653.0,3.26,2.91,29.0,0,Invisible Product
37581.0,0.1134,254.19,44.22,0.0933,0.0565,6.22,465.0,7.18,4.14,341.0,3,Low Engagement Product
27137.0,0.0929,371.67,62.09,0.0952,0.0578,5.66,639.0,2.32,3.2,385.0,2,Attract but Don't Convert
9657.0,0.1214,167.91,35.74,0.0674,0.0398,5.92,323.0,7.16,3.52,447.0,3,Low Engagement Product
9535.0,0.2274875,136.29,19.55,0.0347,0.0219,2.3,151.0,2.1,3.04,13.0,4,Trust Issue Product
37866.0,0.0982,272.83,42.59,0.0901,0.0515,7.06,440.0,6.8,3.22,45.0,3,Low Engagement Product
262.0,0.0871,524.79,90.28,0.0858,0.0546,4.62,923.0,4.29,4.14,342.0,2,Attract but Don't Convert
34842.0,0.0524,233.18,42.19,0.0789,0.0422,6.22,404.0,3.9,3.4,108.0,3,Low Engagement Product
19775.0,0.0692,163.2,33.28,0.0771,0.0331,3.15,217.0,1.67,2.88,38.0,3,Low Engagement Product
8561.0,0.0324,58.19,26.21,0.053,0.0093,1.03,66.0,2.41,2.92,1.0,0,Invisible Product
17115.0,0.044,429.93,69.96,0.0926,0.0344,1.52,759.0,2.13,3.38,33.0,2,Attract but Don't Convert
32691.0,0.0455,419.75,68.91,0.0946,0.045,1.87,776.0,3.33,3.23,19.0,2,Attract but Don't Convert
28147.0,0.098,177.02,23.06,0.0683,0.04,7.48,222.0,5.44,3.19,78.0,3,Low Engagement Product
34882.0,0.0833,175.37,38.21,0.0617,0.0286,5.24,280.0,6.64,3.14,150.0,3,Low Engagement Product
9933.0,0.1807,367.61,66.46,0.0388,0.0153,1.99,709.0,2.92,2.8,35.0,4,Trust Issue Product
7996.0,0.001,81.76,14.38,0.0404,0.0197,4.85,43.0,2.29,3.17,209.0,3,Low Engagement Product
33072.0,0.0825,387.17,65.15,0.0423,0.0192,6.18,706.0,3.32,3.37,276.0,2,Attract but Don't Convert
49833.0,0.084,421.77,74.34,0.0425,0.0276,3.02,805.0,2.37,2.14,22.0,0,Invisible Product
41900.0,0.2274875,197.82,52.29,0.0148,0.0047,1.24,359.0,3.1,3.02,34.0,4,Trust Issue Product
30608.0,0.001,227.7,41.78,0.1042,0.0535,1.23,431.0,1.3,3.43,33.0,3,Low Engagement Product
5447.0,0.0571,497.35,79.64,0.0208,0.0001,1.59,992.0,1.84,1.21,20.0,0,Invisible Product
30414.0,0.1242,161.56,32.53,0.105,0.0542,5.55,280.0,10.0,4.17,17.0,3,Low Engagement Product
2743.0,0.0673,186.6,32.18,0.0326,0.0232,3.54,305.0,3.02,1.92,37.0,0,Invisible Product
40885.0,0.1458,288.38,56.44,0.1362,0.0941,8.16,532.0,9.94,4.3,818.0,1,High Performer
18781.0,0.0157,10.0,18.83,0.0423,0.0105,1.73,105.0,2.83,2.23,45.0,0,Invisible Product
38428.0,0.0964,433.76,85.66,0.0519,0.0344,7.66,869.0,2.77,3.36,424.0,2,Attract but Don't Convert
15992.0,0.058,273.3,36.17,0.0876,0.046,4.86,449.0,4.19,3.42,71.0,3,Low Engagement Product
47399.0,0.0356,327.71,61.29,0.0494,0.0168,3.54,600.0,3.41,2.03,7.0,0,Invisible Product
17173.0,0.1035,20.88,21.29,0.1208,0.0333,10.0,50.0,2.1,4.32,149.0,3,Low Engagement Product
36868.0,0.1184,387.39,66.77,0.082,0.0522,8.29,729.0,7.04,3.66,404.0,2,Attract but Don't Convert
30782.0,0.131,343.49,58.13,0.1083,0.0727,7.27,622.0,9.09,4.65,971.0,1,High Performer
32362.0,0.1264,278.61,44.92,0.0791,0.0622,7.77,459.0,8.07,4.83,971.0,1,High Performer
31458.0,0.106,200.27,37.13,0.1026,0.0563,4.21,368.0,7.71,3.76,410.0,3,Low Engagement Product
14389.0,0.0936,499.69,89.03,0.0707,0.0325,1.0,914.0,8.02,3.0,420.0,2,Attract but Don't Convert
49923.0,0.067,245.06,40.25,0.0667,0.0257,5.96,431.0,2.41,3.12,342.0,3,Low Engagement Product
8027.0,0.1721,296.09,57.21,0.0302,0.014,9.13,547.0,1.0,3.02,493.0,4,Trust Issue Product
48430.0,0.0664,211.96,29.09,0.0438,0.0231,2.47,329.0,3.37,2.14,42.0,0,Invisible Product
1271.0,0.126,495.1,81.54,0.1258,0.0992,7.5,968.0,7.33,4.81,971.0,1,High Performer
12018.0,0.0405,256.45,44.1,0.0555,0.0298,4.92,415.0,2.01,3.5,406.0,3,Low Engagement Product
42003.0,0.043,410.67,69.53,0.0576,0.0179,1.46,807.0,1.65,1.92,29.0,0,Invisible Product
39210.0,0.1236,196.97,33.31,0.0447,0.0329,5.46,357.0,9.87,3.22,370.0,3,Low Engagement Product
12029.0,0.0513,368.81,71.71,0.0397,0.0121,4.97,693.0,5.45,3.64,351.0,2,Attract but Don't Convert
2639.0,0.0135,255.78,49.17,0.0981,0.0464,1.18,456.0,3.78,3.43,46.0,3,Low Engagement Product
36827.0,0.0019,340.63,68.32,0.0399,0.0111,1.96,723.0,1.53,3.01,19.0,0,Invisible Product
46051.0,0.2179,373.11,68.01,0.0171,0.0074,2.91,682.0,3.36,2.23,19.0,4,Trust Issue Product
22769.0,0.0262,185.46,33.96,0.0378,0.0152,3.26,384.0,3.16,2.03,22.0,0,Invisible Product
5532.0,0.1405,504.35,80.87,0.1193,0.0977,7.15,942.0,9.35,4.92,971.0,1,High Performer
20744.0,0.0425,101.49,21.95,0.0694,0.0356,2.51,132.0,2.95,3.2,19.0,3,Low Engagement Product
18845.0,0.0724,451.53,67.23,0.0528,0.0094,3.87,804.0,3.43,1.23,45.0,0,Invisible Product
28328.0,0.0153,100.79,18.68,0.001,0.0001,3.48,195.0,1.54,1.36,22.0,0,Invisible Product
34621.0,0.0554,118.59,21.95,0.0803,0.04,2.03,168.0,9.46,3.07,119.0,3,Low Engagement Product
31803.0,0.0298,127.55,26.85,0.0697,0.0307,2.43,197.0,3.85,3.39,3.0,3,Low Engagement Product
27028.0,0.2192,496.15,85.44,0.0141,0.0095,2.05,955.0,3.74,2.49,181.0,4,Trust Issue Product
18422.0,0.0454,209.0,37.68,0.0423,0.0097,2.75,401.0,1.31,2.42,9.0,0,Invisible Product
22460.0,0.1179,152.62,25.2,0.0627,0.0444,9.2,242.0,7.13,4.15,971.0,1,High Performer
29155.0,0.0579,195.74,31.16,0.001,0.001,3.23,278.0,3.64,1.4,39.0,0,Invisible Product
42991.0,0.066,427.19,78.19,0.0603,0.0241,5.61,804.0,4.54,3.12,67.0,2,Attract but Don't Convert
16476.0,0.1094,159.07,34.37,0.1183,0.0775,8.28,208.0,8.24,4.18,971.0,1,High Performer
6688.0,0.0495,215.42,36.48,0.0787,0.0264,1.91,325.0,3.63,3.37,4.0,3,Low Engagement Product
25100.0,0.1204,185.72,32.23,0.0997,0.0501,7.43,397.0,6.85,3.08,353.0,3,Low Engagement Product
6404.0,0.1088,323.32,64.19,0.085,0.049,7.19,621.0,2.54,3.63,423.0,2,Attract but Don't Convert
7445.0,0.0882,200.02,42.39,0.1174,0.0712,5.35,362.0,9.08,3.88,406.0,1,High Performer
29400.0,0.0179,452.98,70.78,0.0995,0.0454,2.64,793.0,2.74,3.44,31.0,2,Attract but Don't Convert
24359.0,0.0529,117.1,23.06,0.0692,0.034,5.62,175.0,2.75,4.15,17.0,3,Low Engagement Product
25570.0,0.2274875,421.31,75.77,0.0288,0.0117,2.96,731.0,6.67,2.03,462.0,4,Trust Issue Product
23117.0,0.1445,64.27,23.95,0.07,0.0349,7.81,74.0,6.1,3.5,372.0,3,Low Engagement Product
15452.0,0.0395,448.87,68.92,0.0651,0.0228,2.99,785.0,1.9,3.2,17.0,0,Invisible Product
33465.0,0.0603,269.55,58.06,0.1072,0.0633,7.79,461.0,2.55,3.4,385.0,2,Attract but Don't Convert
19546.0,0.0623,380.09,68.74,0.0757,0.0365,6.65,704.0,4.69,4.12,73.0,2,Attract but Don't Convert
2436.0,0.0482,162.99,40.21,0.0522,0.0317,5.83,219.0,2.15,3.55,317.0,3,Low Engagement Product
9979.0,0.0794,230.91,37.15,0.0644,0.0417,2.25,422.0,7.73,3.94,399.0,3,Low Engagement Product
32416.0,0.0557,386.91,58.1,0.0296,0.0161,2.3,633.0,3.22,1.6,24.0,0,Invisible Product
33440.0,0.0423,408.77,64.55,0.1131,0.0365,3.96,816.0,1.1,1.7,16.0,0,Invisible Product
7621.0,0.076,362.39,63.67,0.1117,0.0613,7.27,682.0,4.78,3.73,336.0,2,Attract but Don't Convert
6271.0,0.0634,353.02,65.58,0.026,0.0202,5.77,642.0,6.17,3.85,447.0,2,Attract but Don't Convert
23581.0,0.078,488.66,95.04,0.078,0.0348,5.46,947.0,3.19,3.55,287.0,2,Attract but Don't Convert
18574.0,0.0146,436.39,70.25,0.0292,0.0131,1.13,797.0,2.28,2.02,4.0,0,Invisible Product
46860.0,0.1192,338.59,61.6,0.1258,0.1022,8.98,622.0,8.16,4.71,971.0,1,High Performer
44729.0,0.2274875,134.6,24.23,0.0132,0.0001,4.0,196.0,1.59,3.47,34.0,4,Trust Issue Product
45332.0,0.0357,246.22,51.06,0.05,0.0274,5.89,468.0,3.02,3.36,200.0,0,Invisible Product
21108.0,0.1981,390.68,70.35,0.024,0.0102,6.85,762.0,6.17,3.21,231.0,4,Trust Issue Product
1733.0,0.1562,309.43,53.49,0.0291,0.0243,7.02,560.0,7.57,3.39,505.0,4,Trust Issue Product
12585.0,0.001,531.58,79.24,0.0827,0.0475,3.66,974.0,1.44,3.48,41.0,2,Attract but Don't Convert
43717.0,0.0385,226.87,37.08,0.065,0.0405,2.44,320.0,2.26,3.39,20.0,0,Invisible Product
3748.0,0.1182,356.45,75.46,0.1254,0.0986,9.0,726.0,7.16,4.67,971.0,1,High Performer
48045.0,0.1125,189.06,29.8,0.0603,0.037,10.0,326.0,10.0,3.26,88.0,3,Low Engagement Product
13240.0,0.1506,423.86,76.22,0.1152,0.0945,8.98,770.0,8.06,4.14,971.0,1,High Performer
18021.0,0.0682,481.31,81.5,0.0497,0.0234,3.78,888.0,3.55,3.3,35.0,2,Attract but Don't Convert
14457.0,0.0613,463.08,72.87,0.0836,0.042,2.12,915.0,3.81,3.26,46.0,2,Attract but Don't Convert
46236.0,0.0733,158.46,31.21,0.0854,0.0637,7.21,286.0,1.84,4.4,449.0,3,Low Engagement Product
3237.0,0.1103,146.22,27.31,0.1208,0.0858,8.2,233.0,9.98,4.59,942.0,1,High Performer
197.0,0.0327,390.17,61.27,0.001,0.0001,1.16,613.0,3.37,1.22,18.0,0,Invisible Product
11507.0,0.0607,378.36,65.51,0.0785,0.0482,5.28,659.0,4.1,4.41,434.0,2,Attract but Don't Convert
30675.0,0.1115,288.01,50.86,0.1295,0.0957,8.3,502.0,8.3,4.75,971.0,1,High Performer
12822.0,0.157,116.63,35.97,0.025,0.0109,7.01,281.0,5.9,2.07,197.0,4,Trust Issue Product
13024.0,0.0106,46.65,12.38,0.0249,0.0072,1.51,86.0,2.54,2.89,22.0,0,Invisible Product
3850.0,0.0723,301.92,56.54,0.0563,0.0203,7.65,593.0,3.22,3.16,157.0,2,Attract but Don't Convert
27833.0,0.1191,113.16,21.43,0.088,0.0512,10.0,152.0,5.78,3.42,104.0,3,Low Engagement Product
8635.0,0.0902,361.28,69.29,0.0767,0.0549,2.89,668.0,8.08,4.19,124.0,2,Attract but Don't Convert
24587.0,0.2274875,296.8,45.53,0.0309,0.0089,4.99,559.0,6.85,2.75,462.0,4,Trust Issue Product
30751.0,0.0731,302.19,55.49,0.104,0.0519,4.11,531.0,6.07,3.75,182.0,2,Attract but Don't Convert
4766.0,0.0366,114.79,35.92,0.0809,0.0264,1.25,230.0,2.85,3.19,4.0,3,Low Engagement Product
48877.0,0.1027,381.7,69.52,0.1136,0.0737,7.72,736.0,9.17,4.14,971.0,1,High Performer
17094.0,0.2229,164.68,48.35,0.034,0.0149,6.38,272.0,5.87,3.12,131.0,4,Trust Issue Product
1827.0,0.1742,95.88,12.13,0.1283,0.0898,8.82,57.0,9.24,4.06,971.0,1,High Performer
34722.0,0.041,78.91,14.27,0.0994,0.0603,3.09,62.0,3.51,3.69,323.0,3,Low Engagement Product
10900.0,0.0824,362.62,59.06,0.0711,0.0361,4.76,648.0,4.08,3.27,213.0,2,Attract but Don't Convert
37923.0,0.0081,233.99,42.81,0.0049,0.0047,3.25,424.0,1.59,1.83,32.0,0,Invisible Product
43139.0,0.1063,390.14,70.81,0.0484,0.0296,7.0,721.0,8.1,4.25,971.0,1,High Performer
18808.0,0.0428,86.82,13.37,0.0551,0.0152,3.76,65.0,2.73,1.55,3.0,0,Invisible Product
12919.0,0.0744,303.01,43.73,0.0367,0.0304,4.2,473.0,4.78,3.07,174.0,0,Invisible Product
9469.0,0.0879,373.7,57.8,0.069,0.0414,5.43,697.0,6.66,3.93,231.0,2,Attract but Don't Convert
9383.0,0.1637,201.01,35.14,0.1077,0.0675,9.18,324.0,9.64,4.09,287.0,1,High Performer
30673.0,0.0753,415.28,68.62,0.0655,0.0375,5.86,734.0,5.55,4.2,432.0,2,Attract but Don't Convert
13271.0,0.1164,164.18,28.64,0.1428,0.0871,4.77,252.0,8.79,4.12,268.0,1,High Performer
31033.0,0.0921,135.81,42.24,0.101,0.0564,7.88,264.0,3.98,4.35,86.0,3,Low Engagement Product
5874.0,0.0412,385.1,72.45,0.1181,0.0651,5.74,740.0,2.62,4.22,84.0,2,Attract but Don't Convert
6619.0,0.0602,434.31,69.64,0.0955,0.0569,6.42,779.0,7.56,3.43,467.0,2,Attract but Don't Convert
11083.0,0.0813,175.73,38.68,0.0209,0.0175,4.88,314.0,5.58,3.18,231.0,3,Low Engagement Product
31032.0,0.0804,494.87,82.75,0.0959,0.0471,9.02,858.0,3.53,3.65,210.0,2,Attract but Don't Convert
30898.0,0.0528,224.85,42.13,0.0624,0.0299,3.72,402.0,2.59,2.87,32.0,0,Invisible Product
18233.0,0.0345,91.82,22.1,0.0727,0.0414,6.15,177.0,1.82,3.52,231.0,3,Low Engagement Product
15039.0,0.113,262.69,39.04,0.0927,0.0544,8.07,424.0,5.58,4.09,102.0,3,Low Engagement Product
881.0,0.0907,32.8,18.46,0.0922,0.0471,6.56,20.0,1.35,3.1,47.0,3,Low Engagement Product
49150.0,0.0415,142.38,28.08,0.0616,0.0213,2.62,236.0,3.55,1.23,46.0,0,Invisible Product
27724.0,0.099,520.86,84.81,0.069,0.0469,9.42,947.0,9.1,4.15,971.0,1,High Performer
6923.0,0.0414,273.19,57.65,0.0727,0.0364,2.81,526.0,2.85,3.35,34.0,0,Invisible Product
18589.0,0.0897,421.64,72.57,0.1253,0.0778,6.11,780.0,7.74,4.41,439.0,2,Attract but Don't Convert
40061.0,0.1092,467.27,96.14,0.0955,0.0585,7.08,923.0,10.0,4.44,243.0,2,Attract but Don't Convert
29218.0,0.0893,331.52,55.37,0.0756,0.0384,6.37,600.0,6.09,3.13,130.0,2,Attract but Don't Convert
34981.0,0.1872,21.73,12.07,0.0362,0.01,2.09,49.0,3.52,2.16,41.0,4,Trust Issue Product
16380.0,0.0224,336.18,58.17,0.0874,0.0349,2.85,646.0,1.67,2.14,25.0,0,Invisible Product
22363.0,0.0537,317.47,48.97,0.0895,0.0425,1.72,539.0,3.58,3.46,36.0,0,Invisible Product
13665.0,0.1237,505.94,84.03,0.1379,0.0913,8.88,900.0,8.2,4.2,811.0,1,High Performer
20454.0,0.0311,159.3,37.06,0.1074,0.0489,1.56,294.0,2.83,3.47,21.0,3,Low Engagement Product
43051.0,0.0997,267.59,48.97,0.0784,0.0398,3.14,511.0,7.24,3.65,58.0,3,Low Engagement Product
25743.0,0.0241,455.05,77.89,0.0672,0.0232,1.55,846.0,2.41,2.94,10.0,0,Invisible Product
23748.0,0.0965,498.83,88.66,0.1377,0.0742,8.97,970.0,1.85,4.35,43.0,2,Attract but Don't Convert
42071.0,0.0384,521.25,92.07,0.043,0.0131,3.03,945.0,2.7,3.1,48.0,2,Attract but Don't Convert
18758.0,0.0478,435.2,76.25,0.0884,0.0399,3.77,866.0,1.12,3.42,25.0,2,Attract but Don't Convert
21353.0,0.1548,44.96,15.29,0.0268,0.0226,5.57,55.0,2.96,3.17,163.0,3,Low Engagement Product
48663.0,0.0969,231.25,38.56,0.0849,0.0406,5.66,330.0,6.8,4.04,139.0,3,Low Engagement Product
26490.0,0.1177,69.06,17.09,0.0948,0.0655,7.84,63.0,7.17,4.53,971.0,1,High Performer
23228.0,0.0496,128.69,24.29,0.0814,0.0564,3.81,174.0,1.0,4.07,388.0,3,Low Engagement Product
13589.0,0.1072,74.2,22.79,0.0918,0.0486,5.39,96.0,7.62,3.35,65.0,3,Low Engagement Product
38414.0,0.0053,305.26,55.25,0.0964,0.0396,1.58,609.0,1.37,3.32,40.0,0,Invisible Product
32758.0,0.13,376.98,59.7,0.088,0.0368,5.35,632.0,7.13,3.01,109.0,2,Attract but Don't Convert
6952.0,0.0786,262.4,43.61,0.0626,0.024,4.13,457.0,6.28,4.0,144.0,3,Low Engagement Product
29550.0,0.0891,274.48,42.79,0.1175,0.0624,6.53,451.0,2.92,3.93,381.0,3,Low Engagement Product
2651.0,0.0631,305.02,55.46,0.1097,0.0538,7.61,561.0,7.17,3.97,45.0,2,Attract but Don't Convert
6511.0,0.0986,58.49,19.6,0.0696,0.0422,5.21,58.0,5.8,3.23,177.0,3,Low Engagement Product
49259.0,0.1451,151.0,26.73,0.0845,0.065,9.2,258.0,8.11,4.16,971.0,1,High Performer
33343.0,0.0578,50.12,17.16,0.0657,0.0418,3.25,32.0,3.83,3.91,215.0,3,Low Engagement Product
21900.0,0.0812,91.09,19.62,0.1217,0.0686,9.78,141.0,7.07,4.6,203.0,3,Low Engagement Product
10503.0,0.0371,94.25,18.25,0.0172,0.0136,2.96,163.0,3.91,2.56,12.0,0,Invisible Product
7339.0,0.0984,377.54,62.93,0.1176,0.0828,7.53,703.0,8.33,4.29,791.0,1,High Performer
6810.0,0.2274875,277.56,52.71,0.0183,0.0001,3.11,474.0,2.9,2.97,13.0,4,Trust Issue Product
21484.0,0.011,246.77,35.77,0.0565,0.0176,2.7,387.0,1.98,2.48,40.0,0,Invisible Product
21138.0,0.132,392.05,82.27,0.021,0.0169,7.45,778.0,8.68,3.81,484.0,4,Trust Issue Product
40946.0,0.1078,180.73,31.98,0.0489,0.0325,6.33,266.0,8.81,3.68,291.0,3,Low Engagement Product
22547.0,0.079,487.03,76.87,0.0776,0.0406,4.24,942.0,3.4,4.17,93.0,2,Attract but Don't Convert
2385.0,0.0507,41.85,10.0,0.0321,0.0109,3.18,64.0,2.96,2.27,48.0,0,Invisible Product
38091.0,0.0542,402.94,76.84,0.0922,0.0571,6.46,784.0,2.49,3.58,492.0,2,Attract but Don't Convert
13621.0,0.0249,279.08,34.23,0.0726,0.0286,1.49,394.0,3.89,3.2,6.0,0,Invisible Product
47757.0,0.1205,199.89,38.11,0.1369,0.099,8.67,310.0,8.58,4.31,971.0,1,High Performer
7071.0,0.0767,119.97,22.23,0.1173,0.0827,9.54,226.0,8.92,4.97,971.0,1,High Performer
29239.0,0.0629,490.45,87.27,0.0639,0.0323,2.26,943.0,1.41,3.53,84.0,2,Attract but Don't Convert
20009.0,0.1444,271.85,59.63,0.135,0.0982,7.22,538.0,8.52,4.81,701.0,1,High Performer
11631.0,0.1236,492.02,90.05,0.0793,0.0431,8.08,977.0,8.22,3.81,99.0,2,Attract but Don't Convert
14821.0,0.1571,133.27,35.14,0.0938,0.0669,9.34,261.0,9.1,4.42,971.0,1,High Performer
19306.0,0.0367,329.65,64.91,0.0606,0.0208,3.91,641.0,1.07,2.85,15.0,0,Invisible Product
37811.0,0.042,111.82,14.94,0.0996,0.0439,1.78,133.0,2.65,3.15,19.0,3,Low Engagement Product
6630.0,0.0643,470.31,70.99,0.1158,0.0587,4.94,838.0,1.0,4.42,130.0,2,Attract but Don't Convert
11216.0,0.0769,172.07,26.87,0.0984,0.0521,7.11,321.0,3.78,3.52,108.0,3,Low Engagement Product
358.0,0.105,169.23,35.15,0.1231,0.0788,4.34,295.0,7.59,3.67,334.0,3,Low Engagement Product
382.0,0.001,104.27,18.7,0.0448,0.0173,2.86,115.0,1.82,1.24,44.0,0,Invisible Product
14037.0,0.1005,187.23,30.05,0.0535,0.0249,7.54,313.0,5.28,3.4,281.0,3,Low Engagement Product
1998.0,0.127,396.97,69.27,0.1124,0.0752,9.48,720.0,7.49,4.45,701.0,1,High Performer
4235.0,0.0402,209.14,48.35,0.1169,0.0584,3.45,379.0,2.81,4.02,84.0,3,Low Engagement Product
6729.0,0.0607,214.12,38.01,0.0466,0.0278,3.53,307.0,5.12,3.55,362.0,3,Low Engagement Product
44036.0,0.0316,150.85,30.7,0.0517,0.022,1.0,173.0,3.86,2.44,45.0,0,Invisible Product
19684.0,0.0675,338.96,55.19,0.0219,0.0039,2.17,589.0,3.87,1.82,49.0,0,Invisible Product
23651.0,0.1115,238.99,46.24,0.096,0.0706,7.83,442.0,7.19,4.11,971.0,1,High Performer
33480.0,0.1076,471.16,86.4,0.0791,0.0311,3.32,935.0,3.51,2.28,42.0,2,Attract but Don't Convert
47071.0,0.0089,499.41,83.75,0.0784,0.0343,2.48,869.0,1.22,2.53,26.0,0,Invisible Product
17171.0,0.1349,71.04,10.0,0.1067,0.0862,8.96,69.0,7.55,4.84,922.0,1,High Performer
20174.0,0.0582,145.37,35.6,0.0813,0.03,3.55,226.0,1.82,3.11,33.0,3,Low Engagement Product
25288.0,0.08,335.74,57.81,0.0587,0.041,2.22,583.0,9.49,4.04,146.0,2,Attract but Don't Convert
2407.0,0.1706,467.05,86.37,0.0253,0.0115,6.36,873.0,7.92,3.48,415.0,4,Trust Issue Product
40001.0,0.0601,475.7,87.44,0.0963,0.0596,2.58,902.0,6.64,3.4,270.0,2,Attract but Don't Convert
11305.0,0.0173,414.82,53.79,0.001,0.001,3.54,681.0,2.28,1.08,21.0,0,Invisible Product
6006.0,0.0598,345.63,58.39,0.0584,0.0281,4.56,584.0,5.61,3.31,221.0,2,Attract but Don't Convert
2691.0,0.0539,179.22,31.02,0.0471,0.0168,2.79,232.0,3.37,1.41,37.0,0,Invisible Product
15249.0,0.1308,104.13,15.71,0.1008,0.0538,3.37,85.0,7.17,4.17,385.0,3,Low Engagement Product
45018.0,0.1205,115.85,30.13,0.018,0.0066,4.55,251.0,6.89,3.13,52.0,4,Trust Issue Product
40051.0,0.0222,498.64,77.92,0.0788,0.031,1.12,904.0,3.46,3.3,36.0,2,Attract but Don't Convert
25250.0,0.0451,454.98,75.63,0.0556,0.0157,1.42,830.0,2.08,3.42,2.0,0,Invisible Product
31952.0,0.0935,452.19,77.87,0.0793,0.0406,9.06,869.0,4.37,3.38,107.0,2,Attract but Don't Convert
42970.0,0.0576,429.82,61.98,0.0685,0.042,6.02,682.0,3.98,3.76,295.0,2,Attract but Don't Convert
49921.0,0.1341,401.07,67.05,0.0796,0.0502,8.42,736.0,9.69,4.0,971.0,1,High Performer
1383.0,0.2126,189.18,25.32,0.0216,0.0094,8.32,339.0,7.95,2.21,83.0,4,Trust Issue Product
33791.0,0.001,420.25,70.29,0.0157,0.003,1.07,786.0,2.68,1.14,26.0,0,Invisible Product
1225.0,0.0931,120.39,17.93,0.0944,0.049,7.61,156.0,2.37,3.02,137.0,3,Low Engagement Product
1629.0,0.1226,488.94,77.84,0.0845,0.0521,8.6,900.0,4.1,4.04,494.0,2,Attract but Don't Convert
26270.0,0.0145,352.47,56.37,0.0723,0.0302,4.22,666.0,4.36,3.92,41.0,2,Attract but Don't Convert
8538.0,0.121,524.81,85.32,0.0583,0.0264,8.77,956.0,3.48,3.01,225.0,2,Attract but Don't Convert
20195.0,0.1498,323.17,52.37,0.0721,0.038,8.93,585.0,7.95,4.14,90.0,2,Attract but Don't Convert
16254.0,0.0947,66.98,12.22,0.051,0.0301,7.56,84.0,6.0,3.07,282.0,3,Low Engagement Product
8104.0,0.0417,292.34,53.25,0.0452,0.0232,1.87,533.0,2.47,1.83,6.0,0,Invisible Product
9852.0,0.2274,82.19,30.22,0.0168,0.0041,1.56,151.0,2.4,2.94,34.0,4,Trust Issue Product
43460.0,0.1392,187.17,38.9,0.1,0.0472,8.14,353.0,7.16,3.33,373.0,3,Low Engagement Product
26919.0,0.1511,34.44,19.44,0.1182,0.0936,9.3,51.0,9.54,4.53,971.0,1,High Performer
36732.0,0.1844,425.84,80.48,0.0259,0.0156,6.74,887.0,5.2,3.42,76.0,4,Trust Issue Product
26615.0,0.0294,495.34,95.74,0.0702,0.0327,2.16,917.0,2.85,2.89,44.0,2,Attract but Don't Convert
24317.0,0.0573,455.14,75.67,0.1068,0.0561,1.0,891.0,4.77,3.98,240.0,2,Attract but Don't Convert
23272.0,0.0934,280.24,41.39,0.0978,0.0613,6.81,517.0,4.19,4.21,392.0,3,Low Engagement Product
33094.0,0.0506,154.96,35.44,0.0682,0.0316,1.0,262.0,2.65,2.7,22.0,0,Invisible Product
15136.0,0.0108,115.77,30.55,0.0557,0.0263,1.82,211.0,3.47,4.14,244.0,3,Low Engagement Product
11839.0,0.074,103.2,13.84,0.0907,0.059,5.89,161.0,2.78,4.47,163.0,3,Low Engagement Product
32320.0,0.0673,371.1,63.58,0.084,0.0424,2.11,679.0,4.95,4.43,21.0,2,Attract but Don't Convert
49516.0,0.1291,326.09,68.58,0.0844,0.062,9.93,620.0,7.94,4.19,709.0,1,High Performer
9687.0,0.1832,301.67,60.86,0.0975,0.0781,8.78,580.0,9.29,4.63,971.0,1,High Performer
44617.0,0.0208,351.3,55.65,0.0789,0.0144,2.83,667.0,2.26,2.41,1.0,0,Invisible Product
30229.0,0.1011,154.03,16.66,0.0648,0.0246,7.59,210.0,6.04,3.1,46.0,3,Low Engagement Product
745.0,0.1172,499.15,94.97,0.0695,0.0387,6.82,961.0,6.86,3.03,179.0,2,Attract but Don't Convert
31030.0,0.1002,117.36,19.19,0.1302,0.07,4.14,168.0,6.92,3.75,322.0,3,Low Engagement Product
16399.0,0.024,328.99,64.28,0.0725,0.0261,1.46,618.0,2.39,2.73,23.0,0,Invisible Product
30190.0,0.0323,245.37,48.35,0.0503,0.0153,1.88,435.0,3.09,2.34,1.0,0,Invisible Product
22053.0,0.148,316.45,53.0,0.116,0.0732,8.33,539.0,9.55,4.0,808.0,1,High Performer
46543.0,0.1798,389.04,66.57,0.0107,0.0001,3.34,754.0,6.64,3.12,21.0,4,Trust Issue Product
26575.0,0.0745,518.56,88.49,0.0741,0.0435,5.52,888.0,4.17,3.76,183.0,2,Attract but Don't Convert
18988.0,0.0191,54.64,10.0,0.0574,0.029,4.11,35.0,3.4,3.14,234.0,3,Low Engagement Product
43832.0,0.116,447.58,81.64,0.1039,0.0628,6.82,827.0,8.25,4.36,164.0,2,Attract but Don't Convert
16187.0,0.1511,71.52,18.38,0.1064,0.0737,7.58,125.0,8.25,4.1,971.0,1,High Performer
46405.0,0.0422,194.01,30.35,0.0172,0.0001,2.67,302.0,1.38,1.6,49.0,0,Invisible Product
46137.0,0.1028,124.77,19.23,0.1016,0.0598,6.68,123.0,9.1,4.16,343.0,3,Low Engagement Product
9446.0,0.0588,204.89,46.04,0.0945,0.0373,7.29,380.0,4.44,3.83,16.0,3,Low Engagement Product
687.0,0.1262,348.42,57.92,0.0772,0.0467,4.8,677.0,9.46,3.7,499.0,2,Attract but Don't Convert
12863.0,0.0486,57.94,15.98,0.0756,0.0463,4.93,54.0,2.78,3.7,245.0,3,Low Engagement Product
42045.0,0.1471,75.8,23.55,0.0705,0.0333,8.57,132.0,7.49,3.92,47.0,3,Low Engagement Product
4179.0,0.151,184.48,35.16,0.0802,0.0566,8.76,327.0,7.87,4.76,344.0,1,High Performer
36216.0,0.0506,511.73,78.87,0.0585,0.0423,6.15,930.0,1.0,3.82,441.0,2,Attract but Don't Convert
20315.0,0.0299,554.37,84.12,0.0751,0.0357,1.69,978.0,1.43,2.89,35.0,2,Attract but Don't Convert
25917.0,0.0528,83.61,24.66,0.0749,0.0401,2.05,72.0,3.79,2.96,16.0,3,Low Engagement Product
24865.0,0.0956,451.79,84.96,0.1226,0.0653,9.0,878.0,6.95,3.72,307.0,2,Attract but Don't Convert
30212.0,0.1163,74.48,21.0,0.0928,0.0603,7.15,100.0,3.81,4.02,253.0,3,Low Engagement Product
25656.0,0.0942,340.52,71.45,0.0934,0.0505,6.91,635.0,4.32,4.15,132.0,2,Attract but Don't Convert
18199.0,0.086,458.5,74.3,0.0946,0.0552,4.7,853.0,6.35,3.96,164.0,2,Attract but Don't Convert
43653.0,0.119,241.68,40.96,0.0623,0.0288,7.02,388.0,6.22,3.59,403.0,3,Low Engagement Product
45196.0,0.041,144.48,31.12,0.0849,0.0434,1.09,261.0,3.56,3.14,10.0,3,Low Engagement Product
6550.0,0.0621,98.76,20.18,0.0863,0.0458,6.94,50.0,4.24,3.62,307.0,3,Low Engagement Product
13330.0,0.153,433.19,69.66,0.0282,0.0145,2.19,848.0,2.68,2.5,6.0,4,Trust Issue Product
29109.0,0.0483,374.89,68.25,0.0752,0.0489,7.93,723.0,4.23,3.15,255.0,2,Attract but Don't Convert
5533.0,0.2274875,457.99,81.03,0.0346,0.0109,2.54,888.0,3.78,2.18,1.0,4,Trust Issue Product
33966.0,0.1801,269.2,44.52,0.04,0.0294,10.0,380.0,4.01,3.45,451.0,4,Trust Issue Product
39964.0,0.0507,188.68,27.99,0.0489,0.0104,3.31,252.0,3.95,1.14,14.0,0,Invisible Product
18810.0,0.1064,328.2,66.39,0.0932,0.0745,9.38,629.0,7.89,4.58,971.0,1,High Performer
11539.0,0.0489,47.29,16.26,0.001,0.001,3.89,53.0,3.95,1.05,45.0,0,Invisible Product
41955.0,0.0678,159.09,27.06,0.1098,0.0676,8.16,262.0,1.86,4.18,372.0,3,Low Engagement Product
16121.0,0.1132,505.37,90.49,0.1002,0.043,8.14,970.0,4.64,3.1,50.0,2,Attract but Don't Convert
6516.0,0.2274875,87.02,15.64,0.0377,0.0117,7.37,78.0,9.7,2.11,971.0,4,Trust Issue Product
7080.0,0.086,434.8,75.65,0.0593,0.0419,8.99,790.0,9.77,4.21,971.0,1,High Performer
18158.0,0.0825,308.05,47.91,0.1001,0.0521,6.68,548.0,4.53,3.26,274.0,2,Attract but Don't Convert
11201.0,0.0337,94.9,16.41,0.0763,0.0465,3.84,97.0,2.27,4.26,117.0,3,Low Engagement Product
40818.0,0.0902,407.28,74.05,0.113,0.0666,8.05,737.0,4.68,3.85,235.0,2,Attract but Don't Convert
32702.0,0.1128,203.96,42.71,0.0556,0.0336,3.48,321.0,9.31,4.01,183.0,3,Low Engagement Product
9222.0,0.0596,381.96,67.96,0.1037,0.0568,3.85,697.0,5.43,3.48,114.0,2,Attract but Don't Convert
12676.0,0.0693,475.44,74.58,0.0854,0.0314,3.75,822.0,3.67,2.85,30.0,2,Attract but Don't Convert
27616.0,0.2274875,490.63,80.54,0.0127,0.0001,3.66,916.0,1.35,3.46,45.0,4,Trust Issue Product
22533.0,0.11,92.53,16.98,0.0456,0.0221,7.59,131.0,8.28,3.73,358.0,3,Low Engagement Product
1189.0,0.2274875,261.95,41.05,0.0149,0.0057,6.89,432.0,1.54,2.46,347.0,4,Trust Issue Product
37446.0,0.0161,500.86,79.28,0.0576,0.0149,1.43,919.0,1.35,1.79,5.0,0,Invisible Product
9227.0,0.0727,197.59,36.46,0.001,0.0001,1.27,336.0,2.06,1.34,36.0,0,Invisible Product
10587.0,0.1184,439.23,77.79,0.0862,0.0458,9.05,884.0,8.06,4.24,307.0,2,Attract but Don't Convert
255.0,0.0791,140.2,25.88,0.0843,0.039,3.16,164.0,3.46,3.42,45.0,3,Low Engagement Product
2058.0,0.0817,398.35,66.76,0.0713,0.0414,6.44,687.0,4.55,4.31,191.0,2,Attract but Don't Convert
10793.0,0.0439,367.5,72.21,0.0662,0.025,3.0,709.0,2.4,1.79,28.0,0,Invisible Product
39212.0,0.1356,476.82,82.99,0.1248,0.0753,7.05,877.0,8.82,4.46,102.0,2,Attract but Don't Convert
38647.0,0.0536,353.05,67.55,0.0957,0.0549,5.31,667.0,2.83,4.28,128.0,2,Attract but Don't Convert
28895.0,0.1226,515.07,81.83,0.083,0.0485,6.86,949.0,6.87,3.1,487.0,2,Attract but Don't Convert
21547.0,0.2257,475.31,80.13,0.0142,0.0103,7.59,846.0,4.0,3.29,130.0,4,Trust Issue Product
36698.0,0.0231,45.89,14.21,0.0966,0.0505,4.93,37.0,1.0,4.12,196.0,3,Low Engagement Product
41914.0,0.0448,229.23,29.73,0.0153,0.0145,1.89,370.0,1.37,1.14,3.0,0,Invisible Product
25315.0,0.1131,488.82,87.64,0.0799,0.0412,6.95,974.0,6.5,3.63,278.0,2,Attract but Don't Convert
9894.0,0.1206,99.79,18.89,0.0992,0.0713,8.48,174.0,9.16,4.85,779.0,1,High Performer
33309.0,0.1566,449.52,66.63,0.136,0.0979,8.64,803.0,9.16,4.58,971.0,1,High Performer
22524.0,0.0513,279.72,50.45,0.1024,0.059,6.02,525.0,3.44,3.65,351.0,2,Attract but Don't Convert
47346.0,0.1823,411.96,70.59,0.0268,0.0181,2.01,797.0,1.2,2.83,45.0,4,Trust Issue Product
37496.0,0.0034,205.0,36.55,0.0775,0.0382,3.31,379.0,1.66,2.52,36.0,0,Invisible Product
6470.0,0.084,183.93,30.89,0.0763,0.0343,6.97,351.0,5.27,4.19,25.0,3,Low Engagement Product
9628.0,0.2274875,518.59,93.85,0.0114,0.0001,6.01,937.0,1.0,3.37,438.0,4,Trust Issue Product
28376.0,0.0776,325.07,47.53,0.1229,0.0717,7.76,547.0,5.95,4.19,41.0,2,Attract but Don't Convert
44433.0,0.0475,30.29,10.8,0.0704,0.0309,2.85,31.0,3.41,1.09,11.0,3,Low Engagement Product
8279.0,0.0902,54.86,20.93,0.0855,0.0384,7.42,94.0,3.72,3.53,433.0,3,Low Engagement Product
48881.0,0.1054,143.62,33.37,0.0718,0.041,3.84,231.0,8.57,3.34,355.0,3,Low Engagement Product
16943.0,0.0602,361.6,61.29,0.0707,0.0295,7.02,710.0,1.0,3.54,104.0,2,Attract but Don't Convert
24052.0,0.0402,374.12,61.71,0.0732,0.0308,1.42,660.0,2.8,3.08,26.0,0,Invisible Product
33260.0,0.1148,181.2,36.93,0.082,0.0621,9.07,302.0,9.24,4.54,971.0,1,High Performer
44998.0,0.0712,129.74,28.61,0.04,0.0277,6.51,214.0,5.32,4.05,437.0,3,Low Engagement Product
29616.0,0.1072,449.93,75.82,0.0737,0.0347,5.93,799.0,8.42,3.55,476.0,2,Attract but Don't Convert
10549.0,0.0334,35.63,10.0,0.0658,0.0403,2.91,49.0,3.87,3.08,115.0,3,Low Engagement Product
21225.0,0.127,35.47,10.0,0.1055,0.0677,7.44,28.0,9.48,4.09,971.0,1,High Performer
7518.0,0.0903,170.06,35.48,0.101,0.0609,5.7,328.0,8.08,4.2,383.0,3,Low Engagement Product
22846.0,0.1204,234.42,45.56,0.0768,0.0432,9.24,464.0,7.24,3.1,491.0,1,High Performer
2554.0,0.2274875,176.37,37.14,0.0381,0.0129,1.28,329.0,2.56,2.64,24.0,4,Trust Issue Product
17861.0,0.0402,361.81,60.4,0.0764,0.049,4.66,696.0,5.26,4.49,184.0,2,Attract but Don't Convert
15323.0,0.1056,373.96,72.8,0.0903,0.0682,8.33,724.0,7.67,4.66,971.0,1,High Performer
6801.0,0.001,250.67,39.64,0.1024,0.0488,1.91,445.0,1.49,3.01,44.0,0,Invisible Product
2697.0,0.001,446.01,78.03,0.001,0.001,2.28,836.0,1.11,2.51,11.0,0,Invisible Product
241.0,0.0483,394.47,69.21,0.0561,0.0129,3.67,791.0,1.49,1.44,16.0,0,Invisible Product
2759.0,0.0738,407.44,66.51,0.0763,0.0365,3.66,723.0,3.59,2.88,49.0,2,Attract but Don't Convert
21080.0,0.1439,304.68,51.43,0.0975,0.0736,8.36,610.0,8.49,4.16,971.0,1,High Performer
9131.0,0.0654,350.45,65.96,0.1103,0.0669,5.04,710.0,4.06,4.29,378.0,2,Attract but Don't Convert
15137.0,0.1982,105.72,22.13,0.0119,0.0062,2.73,110.0,4.77,3.27,335.0,4,Trust Issue Product
46838.0,0.0462,245.44,54.33,0.0182,0.0117,1.91,475.0,3.99,2.14,11.0,0,Invisible Product
38529.0,0.0774,268.64,46.55,0.0733,0.0519,8.21,463.0,3.86,4.25,453.0,3,Low Engagement Product
6242.0,0.1047,391.32,63.59,0.0913,0.0629,9.01,746.0,9.86,4.52,971.0,1,High Performer
12209.0,0.0961,58.9,21.92,0.0302,0.0119,5.71,98.0,3.94,3.15,300.0,3,Low Engagement Product
22110.0,0.2274875,253.29,51.25,0.0217,0.0089,2.24,494.0,3.65,2.36,30.0,4,Trust Issue Product
8887.0,0.0436,510.61,84.83,0.0806,0.0331,2.34,946.0,3.6,3.17,8.0,2,Attract but Don't Convert
42964.0,0.0259,72.33,17.06,0.0589,0.0254,1.39,122.0,2.91,1.65,18.0,0,Invisible Product
8572.0,0.0874,372.91,60.75,0.0829,0.0375,6.99,642.0,3.09,3.63,340.0,2,Attract but Don't Convert
49675.0,0.0824,237.05,48.14,0.0805,0.0512,5.08,475.0,6.21,4.36,453.0,3,Low Engagement Product
23483.0,0.069,224.8,40.69,0.0741,0.0342,4.94,333.0,5.56,3.14,46.0,3,Low Engagement Product
4349.0,0.1283,121.41,27.04,0.1031,0.0589,9.04,266.0,8.97,4.59,336.0,1,High Performer
47817.0,0.1317,162.2,26.86,0.1257,0.0979,8.34,253.0,9.05,4.84,971.0,1,High Performer
34618.0,0.0593,312.99,57.87,0.0742,0.0303,6.9,613.0,4.08,3.46,31.0,2,Attract but Don't Convert
18451.0,0.1413,329.67,56.25,0.1059,0.0678,9.06,663.0,6.02,3.7,406.0,1,High Performer
4188.0,0.1679,155.0,33.76,0.0368,0.0138,1.72,254.0,2.79,2.7,28.0,4,Trust Issue Product
15382.0,0.1087,448.02,77.68,0.1328,0.0993,8.66,809.0,7.96,4.81,971.0,1,High Performer
19430.0,0.0268,229.09,43.97,0.0761,0.0278,3.34,406.0,1.24,3.49,24.0,0,Invisible Product
42509.0,0.1043,462.12,91.38,0.072,0.0489,4.26,866.0,7.22,3.67,409.0,2,Attract but Don't Convert
21878.0,0.0727,349.07,63.8,0.0889,0.0594,6.46,630.0,3.96,4.42,227.0,2,Attract but Don't Convert
24364.0,0.2274875,523.34,93.69,0.0385,0.0193,6.04,962.0,5.55,3.27,95.0,4,Trust Issue Product
5175.0,0.1248,91.41,14.87,0.0542,0.0289,10.0,57.0,7.52,3.36,325.0,3,Low Engagement Product
10512.0,0.0808,105.11,21.66,0.0788,0.0431,6.2,180.0,8.36,3.67,51.0,3,Low Engagement Product
48554.0,0.0851,280.07,41.29,0.1018,0.0581,8.31,481.0,5.26,3.59,150.0,3,Low Engagement Product
28465.0,0.0157,500.04,88.57,0.0573,0.0181,1.51,963.0,2.41,2.27,14.0,0,Invisible Product
7330.0,0.061,260.51,50.15,0.031,0.0074,3.68,468.0,2.73,2.4,8.0,0,Invisible Product
48300.0,0.0519,111.64,25.53,0.0901,0.0479,2.9,136.0,5.24,3.93,224.0,3,Low Engagement Product
11102.0,0.022,163.62,28.29,0.0096,0.0031,3.53,260.0,2.55,1.71,12.0,0,Invisible Product
14047.0,0.1929,37.58,16.93,0.024,0.0095,8.51,45.0,5.66,2.18,456.0,4,Trust Issue Product
13786.0,0.0034,365.59,56.87,0.0687,0.0336,3.36,667.0,1.98,2.04,46.0,0,Invisible Product
29404.0,0.136,327.56,56.93,0.0916,0.0566,6.16,581.0,4.9,3.83,169.0,2,Attract but Don't Convert
13174.0,0.0274,540.11,92.35,0.0252,0.0098,3.45,995.0,2.21,2.25,43.0,0,Invisible Product
4593.0,0.0404,465.33,79.22,0.0331,0.0158,2.68,825.0,1.53,1.65,41.0,0,Invisible Product
34328.0,0.0274,528.35,88.1,0.0385,0.0174,3.76,925.0,3.1,1.6,2.0,0,Invisible Product
14240.0,0.1536,188.55,38.04,0.121,0.0857,9.58,317.0,7.62,4.19,291.0,1,High Performer
31755.0,0.0689,419.94,76.48,0.1024,0.0628,3.79,824.0,7.67,3.69,288.0,2,Attract but Don't Convert
43572.0,0.0993,122.83,30.04,0.066,0.0405,4.95,173.0,3.31,3.89,180.0,3,Low Engagement Product
49537.0,0.1535,378.74,69.82,0.1072,0.0717,7.2,751.0,8.01,4.92,971.0,1,High Performer
49516.0,0.0256,403.54,63.63,0.0998,0.0656,5.11,671.0,1.28,4.47,169.0,2,Attract but Don't Convert
6916.0,0.0695,262.35,56.86,0.0449,0.0175,2.55,487.0,3.41,2.5,9.0,0,Invisible Product
11739.0,0.1256,83.7,10.0,0.1013,0.0558,6.27,68.0,5.47,3.94,249.0,3,Low Engagement Product
47292.0,0.088,372.81,66.72,0.0619,0.0327,8.19,673.0,7.81,4.0,254.0,2,Attract but Don't Convert
46833.0,0.0352,67.39,18.25,0.0724,0.0415,3.93,65.0,4.73,3.18,367.0,3,Low Engagement Product
29592.0,0.0874,345.38,63.42,0.1159,0.0712,8.12,694.0,9.11,4.33,705.0,1,High Performer
11340.0,0.0532,166.23,34.41,0.0938,0.0505,3.19,304.0,6.41,4.37,165.0,3,Low Engagement Product
32798.0,0.0575,421.61,73.85,0.087,0.0569,5.1,799.0,5.25,3.89,426.0,2,Attract but Don't Convert
27057.0,0.1005,346.02,60.69,0.0917,0.0543,5.96,647.0,8.33,3.24,241.0,2,Attract but Don't Convert
32908.0,0.1934,82.36,17.76,0.0247,0.0177,2.01,101.0,3.94,3.09,17.0,4,Trust Issue Product
5927.0,0.1397,48.27,16.94,0.1077,0.0602,7.52,63.0,9.26,4.07,328.0,3,Low Engagement Product
32862.0,0.0341,402.3,65.04,0.0505,0.0152,2.77,725.0,1.7,2.38,9.0,0,Invisible Product
8359.0,0.0505,422.57,73.1,0.0422,0.0191,3.26,789.0,2.34,2.77,35.0,0,Invisible Product
14949.0,0.1558,530.15,81.17,0.1281,0.0919,9.05,974.0,8.99,4.72,444.0,1,High Performer
16332.0,0.0417,146.3,30.29,0.0621,0.0249,1.33,292.0,3.52,1.5,27.0,0,Invisible Product
40672.0,0.1196,252.12,37.61,0.102,0.0588,8.04,413.0,8.5,3.35,419.0,1,High Performer
24273.0,0.045,465.09,75.18,0.0862,0.0426,1.21,805.0,6.98,3.18,231.0,2,Attract but Don't Convert
5474.0,0.0987,431.31,69.52,0.1089,0.0641,5.56,809.0,5.21,4.44,346.0,2,Attract but Don't Convert
21274.0,0.0833,361.14,52.16,0.0777,0.0323,7.2,614.0,3.18,3.11,179.0,2,Attract but Don't Convert
23667.0,0.0523,67.94,10.0,0.0606,0.0189,3.04,77.0,3.34,2.86,2.0,3,Low Engagement Product
35392.0,0.0916,313.63,51.56,0.0788,0.0446,3.83,584.0,10.0,4.15,294.0,2,Attract but Don't Convert
9377.0,0.1255,44.22,16.76,0.0612,0.0381,8.34,20.0,7.59,4.5,521.0,3,Low Engagement Product
31700.0,0.2261,178.88,36.48,0.0291,0.0155,6.22,235.0,4.62,2.66,395.0,4,Trust Issue Product
9985.0,0.063,227.78,35.19,0.069,0.0387,6.28,336.0,1.3,3.12,252.0,3,Low Engagement Product
878.0,0.0373,122.88,22.29,0.0162,0.0031,1.98,247.0,3.7,1.9,19.0,0,Invisible Product
29265.0,0.074,255.43,47.86,0.0887,0.0534,4.78,492.0,3.18,3.65,367.0,3,Low Engagement Product
1592.0,0.0524,279.76,57.17,0.1002,0.0531,4.2,503.0,6.33,3.0,171.0,2,Attract but Don't Convert
30562.0,0.0704,408.36,73.95,0.0271,0.0128,8.16,785.0,1.1,4.23,123.0,2,Attract but Don't Convert
49912.0,0.0981,382.65,57.9,0.0666,0.0369,7.01,690.0,4.19,3.81,375.0,2,Attract but Don't Convert
13715.0,0.1384,180.23,43.6,0.1411,0.0991,9.81,306.0,8.45,4.17,971.0,1,High Performer
45000.0,0.0407,285.93,50.61,0.0943,0.0511,7.12,530.0,2.1,3.68,431.0,2,Attract but Don't Convert
43046.0,0.1133,368.05,55.09,0.0908,0.0768,7.9,597.0,9.19,4.09,971.0,1,High Performer
7951.0,0.0759,512.65,90.58,0.0666,0.0303,3.3,934.0,3.45,3.48,17.0,2,Attract but Don't Convert
16388.0,0.0827,464.3,78.58,0.1049,0.0588,6.46,840.0,4.76,4.24,277.0,2,Attract but Don't Convert
7256.0,0.001,509.36,95.73,0.0886,0.0445,1.09,991.0,1.03,3.45,48.0,2,Attract but Don't Convert
2144.0,0.2088,267.76,47.47,0.0222,0.0073,2.07,477.0,1.46,2.77,36.0,4,Trust Issue Product
7468.0,0.0761,84.26,18.75,0.0746,0.0326,3.41,114.0,2.6,1.86,19.0,3,Low Engagement Product
20000.0,0.104,287.88,48.58,0.1029,0.072,9.48,512.0,7.53,4.23,971.0,1,High Performer
30700.0,0.1677,413.19,73.49,0.0197,0.0098,2.88,784.0,2.74,2.87,9.0,4,Trust Issue Product
46503.0,0.0274,132.95,23.32,0.0932,0.0295,2.02,169.0,2.55,3.5,33.0,3,Low Engagement Product
25734.0,0.0589,77.62,10.0,0.0553,0.0228,2.77,42.0,3.67,2.16,21.0,3,Low Engagement Product
9268.0,0.1212,432.81,63.55,0.1194,0.0976,7.17,775.0,9.47,4.92,971.0,1,High Performer
21061.0,0.146,145.0,31.1,0.1185,0.0962,9.94,234.0,9.2,4.68,971.0,1,High Performer
49979.0,0.0336,230.94,45.06,0.0469,0.0294,3.21,418.0,1.65,2.54,20.0,0,Invisible Product
44196.0,0.1026,266.15,43.0,0.0988,0.0666,4.74,429.0,3.08,3.78,445.0,3,Low Engagement Product
46187.0,0.2274875,111.48,26.73,0.0322,0.0166,8.57,150.0,9.12,2.41,971.0,4,Trust Issue Product
23952.0,0.0862,478.13,80.67,0.0865,0.0573,4.29,874.0,7.99,3.89,414.0,2,Attract but Don't Convert
33210.0,0.0317,119.62,25.54,0.0547,0.0188,2.81,167.0,2.16,1.01,32.0,0,Invisible Product
32274.0,0.0464,215.14,41.98,0.0884,0.0521,3.92,400.0,1.0,4.22,100.0,3,Low Engagement Product
34315.0,0.0286,125.27,12.31,0.0333,0.0161,3.82,128.0,2.54,1.11,15.0,0,Invisible Product
27055.0,0.0646,364.58,62.21,0.0846,0.0518,5.43,571.0,2.47,4.08,305.0,2,Attract but Don't Convert
6681.0,0.0707,91.36,23.1,0.0795,0.0541,3.85,140.0,5.16,3.99,460.0,3,Low Engagement Product
44719.0,0.1821,186.21,28.49,0.0279,0.0103,6.38,314.0,5.98,2.14,366.0,4,Trust Issue Product
6417.0,0.0078,91.89,18.86,0.0394,0.026,4.09,139.0,3.12,3.39,442.0,3,Low Engagement Product
49778.0,0.0524,254.24,50.87,0.0698,0.0396,6.07,475.0,5.54,3.18,419.0,3,Low Engagement Product
42956.0,0.0768,316.43,61.48,0.0623,0.0348,4.84,549.0,6.01,3.93,317.0,2,Attract but Don't Convert
45814.0,0.1117,112.42,26.48,0.103,0.0619,7.89,188.0,4.59,3.34,327.0,3,Low Engagement Product
26749.0,0.0621,375.4,72.01,0.0664,0.0284,6.27,729.0,3.2,3.07,334.0,2,Attract but Don't Convert
23232.0,0.0821,509.92,93.6,0.0665,0.0361,3.62,942.0,5.01,3.38,375.0,2,Attract but Don't Convert
16889.0,0.0636,93.51,30.96,0.0513,0.0314,4.81,162.0,4.65,4.08,326.0,3,Low Engagement Product
14667.0,0.2167,45.68,15.8,0.0245,0.0194,9.91,56.0,8.69,2.03,971.0,4,Trust Issue Product
14968.0,0.114,374.97,70.65,0.0676,0.0368,9.38,717.0,9.23,4.14,106.0,2,Attract but Don't Convert
24470.0,0.0409,179.25,27.51,0.0951,0.0577,5.91,280.0,2.02,4.06,349.0,3,Low Engagement Product
42633.0,0.033,156.48,29.74,0.067,0.033,2.98,250.0,1.04,2.25,41.0,0,Invisible Product
30583.0,0.1035,129.12,33.87,0.1409,0.0893,8.11,273.0,5.82,4.35,311.0,1,High Performer
12566.0,0.1149,209.71,35.74,0.0942,0.0657,7.23,348.0,8.74,4.69,971.0,1,High Performer
28903.0,0.0959,474.5,77.13,0.0727,0.055,8.61,922.0,4.72,4.01,242.0,2,Attract but Don't Convert
18330.0,0.0998,218.75,35.08,0.0746,0.0428,6.58,316.0,3.78,3.66,81.0,3,Low Engagement Product
17962.0,0.1022,488.1,81.08,0.0663,0.0324,4.96,999.0,3.65,3.39,116.0,2,Attract but Don't Convert
43455.0,0.0673,52.02,19.87,0.0518,0.0323,7.03,29.0,3.91,4.14,485.0,3,Low Engagement Product
31359.0,0.1038,278.06,46.91,0.1154,0.0622,6.65,465.0,7.69,3.62,422.0,1,High Performer
33639.0,0.0317,476.36,90.59,0.0793,0.0431,4.85,941.0,2.63,4.22,59.0,2,Attract but Don't Convert
22009.0,0.1387,451.93,74.0,0.0992,0.0773,9.74,855.0,8.8,4.42,971.0,1,High Performer
30895.0,0.1112,156.41,27.4,0.109,0.0619,7.71,249.0,7.96,4.27,513.0,1,High Performer
49168.0,0.1123,304.49,57.34,0.1245,0.0798,7.49,555.0,6.91,4.28,370.0,1,High Performer
8870.0,0.1847,88.25,25.22,0.013,0.0001,6.98,97.0,3.66,2.65,11.0,4,Trust Issue Product
11193.0,0.0183,255.15,46.45,0.0594,0.0233,2.87,444.0,2.79,2.52,34.0,0,Invisible Product
46671.0,0.065,151.73,22.83,0.0525,0.0314,3.7,212.0,5.54,3.52,457.0,3,Low Engagement Product
293.0,0.0429,246.6,47.97,0.0466,0.0188,3.87,420.0,2.59,1.78,35.0,0,Invisible Product
34875.0,0.128,96.19,14.88,0.1039,0.0834,8.07,128.0,8.57,4.26,971.0,1,High Performer
17669.0,0.0729,429.97,81.39,0.0228,0.0083,3.36,811.0,2.62,1.25,0.0,0,Invisible Product
11290.0,0.0962,505.95,90.67,0.1017,0.053,7.03,942.0,7.54,4.37,75.0,2,Attract but Don't Convert
42852.0,0.125,205.97,28.77,0.0895,0.0484,8.92,282.0,6.13,3.6,495.0,3,Low Engagement Product
32427.0,0.1534,202.27,37.22,0.1037,0.0681,7.98,348.0,8.02,4.5,651.0,1,High Performer
42170.0,0.1066,195.53,38.01,0.1052,0.0767,9.27,382.0,7.2,4.93,565.0,1,High Performer
20489.0,0.0276,494.92,82.78,0.0346,0.0049,1.82,886.0,1.46,2.96,11.0,0,Invisible Product
40297.0,0.1311,270.01,44.11,0.0861,0.0556,9.83,397.0,7.27,4.74,782.0,1,High Performer
2361.0,0.1103,441.05,65.35,0.092,0.0661,9.27,799.0,8.89,4.66,705.0,1,High Performer
28469.0,0.2274875,249.3,41.39,0.0121,0.0043,8.9,360.0,9.29,2.4,71.0,4,Trust Issue Product
26612.0,0.1455,171.86,31.75,0.0945,0.0683,8.2,278.0,8.2,4.57,753.0,1,High Performer
6816.0,0.0472,265.98,32.23,0.0844,0.0479,6.53,354.0,1.55,4.06,367.0,3,Low Engagement Product
21359.0,0.0668,52.63,21.37,0.0798,0.0404,5.71,104.0,3.97,3.57,180.0,3,Low Engagement Product
29033.0,0.029,297.49,61.2,0.0961,0.0622,6.59,541.0,1.93,4.1,224.0,2,Attract but Don't Convert
41789.0,0.0957,451.98,76.15,0.0779,0.0434,3.56,820.0,6.39,3.26,147.0,2,Attract but Don't Convert
4478.0,0.0523,431.21,83.63,0.0485,0.0103,1.87,833.0,2.79,2.05,12.0,0,Invisible Product
40683.0,0.0376,348.66,61.3,0.0669,0.0161,3.79,590.0,3.77,2.62,7.0,0,Invisible Product
46646.0,0.0375,204.44,40.32,0.0705,0.0393,2.45,327.0,4.8,4.25,374.0,3,Low Engagement Product
19935.0,0.0931,166.19,34.81,0.0821,0.0471,5.99,281.0,7.48,4.47,190.0,3,Low Engagement Product
29133.0,0.1449,497.1,82.25,0.09,0.0606,6.81,917.0,9.06,4.15,357.0,2,Attract but Don't Convert
24100.0,0.0344,441.98,71.57,0.0603,0.027,3.77,816.0,1.0,3.54,220.0,2,Attract but Don't Convert
45596.0,0.0542,367.99,77.38,0.0229,0.0133,3.11,650.0,3.72,2.63,30.0,0,Invisible Product
10432.0,0.0866,374.84,66.78,0.0968,0.0549,9.36,699.0,1.78,3.83,293.0,2,Attract but Don't Convert
42704.0,0.1069,427.79,81.49,0.0708,0.0428,4.71,884.0,5.88,4.0,393.0,2,Attract but Don't Convert
2900.0,0.055,407.28,73.03,0.1075,0.0589,6.86,720.0,1.48,3.29,488.0,2,Attract but Don't Convert
29638.0,0.0519,264.2,38.21,0.0558,0.0212,3.89,471.0,3.39,2.37,4.0,0,Invisible Product
30219.0,0.0585,149.28,34.48,0.0047,0.0045,2.22,270.0,2.45,1.45,43.0,0,Invisible Product
8433.0,0.0743,194.0,44.18,0.0716,0.0264,3.79,343.0,3.01,2.54,35.0,0,Invisible Product
5510.0,0.0322,498.07,92.13,0.0724,0.0353,3.87,944.0,3.21,3.42,11.0,2,Attract but Don't Convert
17939.0,0.0449,124.26,32.71,0.0944,0.0592,7.81,248.0,3.36,4.2,166.0,3,Low Engagement Product
30619.0,0.0359,372.74,62.65,0.0297,0.0102,3.46,721.0,1.35,1.81,46.0,0,Invisible Product
5908.0,0.13,451.2,82.25,0.0782,0.0507,7.58,847.0,8.03,4.19,971.0,1,High Performer
6896.0,0.0672,354.1,56.85,0.0659,0.0488,7.12,655.0,1.0,4.42,317.0,2,Attract but Don't Convert
21280.0,0.0685,318.83,66.74,0.0494,0.0246,4.8,615.0,5.97,3.41,151.0,2,Attract but Don't Convert
43156.0,0.2007,162.23,39.19,0.0253,0.0102,8.22,316.0,2.67,2.95,37.0,4,Trust Issue Product
17809.0,0.0531,385.94,67.79,0.0876,0.0572,5.98,746.0,3.95,4.47,266.0,2,Attract but Don't Convert
17643.0,0.0124,163.93,35.88,0.0612,0.0301,1.56,256.0,3.72,3.05,24.0,0,Invisible Product
37518.0,0.1455,515.57,88.99,0.0832,0.064,7.65,997.0,8.67,4.98,375.0,2,Attract but Don't Convert
29175.0,0.012,369.44,62.02,0.0489,0.0209,1.26,644.0,1.46,1.48,44.0,0,Invisible Product
37855.0,0.0767,171.24,32.49,0.0451,0.0169,1.74,236.0,3.95,1.73,12.0,0,Invisible Product
48068.0,0.0431,490.88,77.9,0.0949,0.0389,3.39,852.0,3.02,2.1,34.0,2,Attract but Don't Convert
37565.0,0.2274875,174.99,30.09,0.0286,0.0095,4.41,265.0,4.74,3.07,452.0,4,Trust Issue Product
30602.0,0.1094,271.95,44.23,0.1389,0.0839,6.87,467.0,6.39,4.17,309.0,1,High Performer
16824.0,0.1989,490.55,84.0,0.0297,0.0078,3.75,866.0,3.87,2.76,31.0,4,Trust Issue Product
3928.0,0.1349,174.64,37.26,0.0457,0.0297,6.31,338.0,5.91,3.57,257.0,3,Low Engagement Product
17187.0,0.0877,268.03,51.33,0.0734,0.0438,3.57,451.0,5.82,4.42,345.0,3,Low Engagement Product
12705.0,0.1041,260.48,40.98,0.0948,0.0643,5.3,423.0,5.72,3.9,494.0,3,Low Engagement Product
31437.0,0.1769,482.29,77.53,0.0368,0.0193,8.36,905.0,7.98,2.93,971.0,4,Trust Issue Product
5582.0,0.0927,74.45,19.99,0.0638,0.0296,4.1,56.0,5.71,3.62,94.0,3,Low Engagement Product
27105.0,0.1186,320.82,52.24,0.0454,0.0207,9.37,595.0,4.78,3.27,252.0,4,Trust Issue Product
22860.0,0.0375,405.79,67.24,0.1142,0.0545,4.73,750.0,1.83,3.38,215.0,2,Attract but Don't Convert
5563.0,0.0854,217.83,41.83,0.1168,0.0764,7.95,361.0,7.11,4.32,956.0,1,High Performer
46728.0,0.0112,240.74,51.66,0.0504,0.0153,1.84,408.0,2.07,2.8,7.0,0,Invisible Product
5012.0,0.0419,28.71,16.08,0.1201,0.0411,2.86,53.0,4.1,4.29,436.0,3,Low Engagement Product
4748.0,0.0701,48.73,10.0,0.0939,0.0482,3.73,58.0,6.14,3.09,282.0,3,Low Engagement Product
33723.0,0.0506,329.85,53.31,0.0681,0.0246,1.11,598.0,3.65,1.84,21.0,0,Invisible Product
35734.0,0.1034,151.84,28.23,0.0639,0.0337,8.07,228.0,3.2,3.24,447.0,3,Low Engagement Product
44702.0,0.0747,467.96,81.13,0.0468,0.0217,3.54,849.0,1.75,2.28,5.0,0,Invisible Product
49162.0,0.1305,467.99,75.27,0.0569,0.0318,6.26,875.0,10.0,3.29,280.0,2,Attract but Don't Convert
49434.0,0.0219,137.66,19.21,0.0316,0.0075,3.41,171.0,3.39,1.59,48.0,0,Invisible Product
3212.0,0.0958,483.15,83.14,0.0554,0.0193,6.56,918.0,8.61,3.11,57.0,2,Attract but Don't Convert
22154.0,0.0753,239.14,44.27,0.0666,0.0393,4.35,384.0,6.3,4.03,488.0,3,Low Engagement Product
4592.0,0.0926,136.0,20.99,0.1213,0.0712,6.78,218.0,2.71,4.47,55.0,3,Low Engagement Product
22307.0,0.1003,321.66,47.78,0.0876,0.0449,4.12,620.0,7.59,3.21,186.0,2,Attract but Don't Convert
15214.0,0.006,471.87,71.84,0.0669,0.0483,1.82,779.0,1.0,4.2,429.0,2,Attract but Don't Convert
34385.0,0.0159,466.98,91.92,0.079,0.0396,2.01,854.0,3.09,2.93,10.0,2,Attract but Don't Convert
16118.0,0.087,42.18,15.52,0.0802,0.0532,5.55,98.0,7.74,3.26,279.0,3,Low Engagement Product
21486.0,0.001,296.07,55.58,0.0236,0.0064,1.87,496.0,1.21,1.49,6.0,0,Invisible Product
17840.0,0.1262,259.79,41.12,0.1336,0.0788,7.99,453.0,9.15,4.46,237.0,1,High Performer
44299.0,0.0928,455.34,75.9,0.0906,0.0588,9.76,816.0,1.44,3.76,484.0,2,Attract but Don't Convert
8310.0,0.0421,471.34,84.34,0.1007,0.0356,2.51,861.0,2.31,3.05,14.0,2,Attract but Don't Convert
44463.0,0.0196,40.23,13.42,0.0801,0.029,1.41,51.0,2.47,3.34,3.0,3,Low Engagement Product
45739.0,0.1172,101.4,12.5,0.1102,0.0656,6.93,106.0,8.63,4.27,396.0,3,Low Engagement Product
12843.0,0.0267,301.74,55.91,0.0507,0.0217,3.85,570.0,3.19,3.48,39.0,0,Invisible Product
42192.0,0.0977,219.85,47.06,0.0637,0.0347,6.07,412.0,8.79,3.26,365.0,3,Low Engagement Product
44399.0,0.1449,339.3,70.43,0.1392,0.0934,9.22,632.0,9.27,4.78,475.0,1,High Performer
6688.0,0.1287,140.74,24.36,0.1227,0.0794,4.43,263.0,6.73,4.33,263.0,3,Low Engagement Product
3411.0,0.0591,165.52,31.81,0.0616,0.0287,3.23,251.0,1.06,3.14,33.0,3,Low Engagement Product
22532.0,0.0283,536.21,80.09,0.0069,0.0001,3.77,929.0,3.49,1.55,42.0,0,Invisible Product
33855.0,0.1405,307.42,58.73,0.1365,0.0941,7.82,599.0,8.66,4.46,971.0,1,High Performer
3421.0,0.2274875,163.0,22.59,0.0345,0.0119,2.85,211.0,1.4,2.84,39.0,4,Trust Issue Product
15912.0,0.0253,485.53,81.46,0.0041,0.0039,1.76,935.0,1.07,1.22,21.0,0,Invisible Product
37483.0,0.1619,297.63,62.82,0.0557,0.0331,8.46,559.0,6.32,3.12,255.0,4,Trust Issue Product
48380.0,0.0937,151.67,33.45,0.1067,0.0476,8.29,289.0,5.49,3.03,399.0,3,Low Engagement Product
13246.0,0.1152,516.36,80.27,0.0826,0.0527,5.81,959.0,8.14,4.06,391.0,2,Attract but Don't Convert
13754.0,0.1011,382.03,69.72,0.0635,0.0479,6.91,757.0,4.52,3.16,484.0,2,Attract but Don't Convert
35920.0,0.0211,68.52,20.98,0.0167,0.0077,3.59,96.0,1.07,1.41,29.0,0,Invisible Product
826.0,0.0752,429.18,71.38,0.1006,0.0495,7.5,754.0,8.11,4.3,31.0,2,Attract but Don't Convert
3860.0,0.0449,512.77,84.57,0.0551,0.0233,4.37,903.0,5.16,3.93,31.0,2,Attract but Don't Convert
22290.0,0.119,104.0,34.41,0.0969,0.0612,7.96,186.0,7.23,4.01,971.0,1,High Performer
1975.0,0.0713,175.42,39.11,0.0015,0.0014,3.34,303.0,3.77,1.12,18.0,0,Invisible Product
23477.0,0.1216,388.66,74.83,0.0541,0.0212,7.45,723.0,7.32,3.5,429.0,2,Attract but Don't Convert
46837.0,0.1262,54.57,20.58,0.0536,0.0259,5.79,108.0,9.62,3.42,233.0,3,Low Engagement Product
4133.0,0.0616,300.02,59.42,0.0421,0.0226,3.17,563.0,4.15,3.12,356.0,0,Invisible Product
38311.0,0.1043,351.31,59.99,0.1113,0.081,8.69,668.0,7.42,4.32,779.0,1,High Performer
17473.0,0.0443,127.27,27.73,0.0709,0.0224,2.67,175.0,3.31,2.6,36.0,3,Low Engagement Product
3844.0,0.0979,169.41,39.32,0.0871,0.0486,7.79,269.0,3.58,4.03,208.0,3,Low Engagement Product
25095.0,0.0731,89.48,20.22,0.0822,0.0537,4.46,114.0,4.03,4.38,240.0,3,Low Engagement Product
17077.0,0.1706,43.78,10.79,0.1338,0.0744,9.16,36.0,9.23,4.46,88.0,3,Low Engagement Product
32502.0,0.1013,124.23,27.55,0.1115,0.0881,7.84,136.0,7.22,4.37,971.0,1,High Performer
34642.0,0.0286,205.57,34.21,0.0259,0.0136,1.45,352.0,3.87,2.33,49.0,0,Invisible Product
10751.0,0.0858,470.87,88.82,0.0983,0.058,4.07,842.0,9.24,4.14,443.0,2,Attract but Don't Convert
33803.0,0.001,312.29,54.96,0.0719,0.033,2.84,541.0,3.18,3.29,37.0,0,Invisible Product
13495.0,0.1567,82.56,10.0,0.1211,0.0823,9.7,99.0,9.56,4.55,971.0,1,High Performer
29908.0,0.0607,380.29,65.45,0.1396,0.0836,6.31,665.0,1.77,3.93,341.0,2,Attract but Don't Convert
36676.0,0.0163,249.34,53.15,0.0284,0.0122,1.66,451.0,1.17,2.16,29.0,0,Invisible Product
16815.0,0.0874,123.11,33.39,0.0834,0.0488,5.27,222.0,8.56,3.18,345.0,3,Low Engagement Product
44509.0,0.1013,96.91,20.98,0.1249,0.0767,6.86,135.0,5.18,4.24,239.0,3,Low Engagement Product
24406.0,0.0582,551.05,89.32,0.0923,0.0327,3.78,982.0,3.95,2.61,31.0,2,Attract but Don't Convert
19186.0,0.0786,153.78,34.74,0.0516,0.0096,2.7,239.0,3.67,2.0,18.0,0,Invisible Product
14476.0,0.1132,155.91,22.02,0.0688,0.0515,7.7,272.0,7.33,4.18,971.0,1,High Performer
5989.0,0.0981,107.78,22.27,0.0629,0.028,5.57,188.0,6.39,4.45,206.0,3,Low Engagement Product
37922.0,0.1659,432.56,75.76,0.1246,0.071,8.5,866.0,9.43,4.57,79.0,1,High Performer
36736.0,0.0375,181.1,41.03,0.0721,0.0263,2.96,335.0,2.91,3.07,24.0,0,Invisible Product
20684.0,0.0869,404.01,64.5,0.0791,0.043,8.28,736.0,4.46,3.39,243.0,2,Attract but Don't Convert
49453.0,0.2274875,439.75,72.8,0.0142,0.0048,1.05,829.0,1.95,2.01,36.0,4,Trust Issue Product
34710.0,0.098,229.94,39.03,0.1291,0.102,9.82,391.0,7.4,4.99,971.0,1,High Performer
10158.0,0.1017,401.26,68.2,0.0937,0.0546,5.08,779.0,9.17,3.63,378.0,2,Attract but Don't Convert
9201.0,0.1327,498.53,87.03,0.1161,0.077,9.18,896.0,9.28,4.75,210.0,2,Attract but Don't Convert
12597.0,0.0849,543.05,87.35,0.057,0.0312,9.6,996.0,3.97,3.02,300.0,2,Attract but Don't Convert
4758.0,0.1543,319.76,60.9,0.1299,0.0965,9.2,602.0,9.97,4.68,665.0,1,High Performer
11481.0,0.0452,89.27,21.39,0.0779,0.0453,1.0,175.0,6.55,4.25,274.0,3,Low Engagement Product
40412.0,0.0417,351.5,60.6,0.0651,0.0208,2.23,633.0,3.05,2.08,44.0,0,Invisible Product
40586.0,0.0997,10.0,11.63,0.0861,0.0313,7.58,32.0,8.2,4.2,971.0,3,Low Engagement Product
46719.0,0.0877,267.19,42.8,0.0812,0.0404,2.41,527.0,8.52,3.03,166.0,3,Low Engagement Product
17254.0,0.0725,263.93,42.83,0.0667,0.0251,2.47,484.0,1.64,1.21,22.0,0,Invisible Product
19639.0,0.0505,413.37,67.96,0.0464,0.0157,3.72,802.0,3.15,1.41,11.0,0,Invisible Product
11877.0,0.1131,467.4,81.3,0.1142,0.0596,6.38,823.0,8.72,3.73,36.0,2,Attract but Don't Convert
34496.0,0.001,142.91,35.56,0.0487,0.0208,1.85,239.0,1.4,2.8,8.0,0,Invisible Product
30473.0,0.0946,56.75,10.26,0.0887,0.048,6.11,34.0,4.26,3.86,450.0,3,Low Engagement Product
33254.0,0.1023,370.95,73.76,0.0648,0.0317,7.22,769.0,6.64,3.08,233.0,2,Attract but Don't Convert
6131.0,0.0434,62.31,17.39,0.0074,0.0036,1.86,136.0,2.87,1.81,36.0,0,Invisible Product
28097.0,0.0639,191.48,39.43,0.087,0.0336,3.48,350.0,2.51,2.96,16.0,3,Low Engagement Product
6539.0,0.0193,71.77,14.23,0.0708,0.0286,1.31,75.0,1.75,2.87,49.0,3,Low Engagement Product
22885.0,0.0575,189.59,37.03,0.0704,0.0365,2.04,370.0,2.91,2.74,34.0,0,Invisible Product
13492.0,0.0931,112.76,25.09,0.0992,0.0563,3.05,151.0,6.47,3.26,211.0,3,Low Engagement Product
28769.0,0.0529,179.47,31.21,0.0663,0.0329,2.65,245.0,3.5,4.19,98.0,3,Low Engagement Product
29039.0,0.078,177.73,32.41,0.0479,0.0311,6.39,327.0,3.47,3.38,324.0,3,Low Engagement Product
2382.0,0.0935,276.77,58.1,0.1159,0.0711,5.53,494.0,6.86,4.09,179.0,2,Attract but Don't Convert
34724.0,0.127,487.02,93.22,0.1029,0.0703,7.74,925.0,7.7,4.58,358.0,2,Attract but Don't Convert
48538.0,0.0714,142.02,29.87,0.0939,0.0516,4.93,241.0,3.22,4.12,446.0,3,Low Engagement Product
24464.0,0.0062,132.37,28.39,0.032,0.0153,1.86,192.0,2.78,3.04,46.0,0,Invisible Product
2098.0,0.0316,209.68,50.38,0.0904,0.0356,2.48,359.0,3.52,2.89,48.0,0,Invisible Product
31805.0,0.0735,434.35,78.3,0.093,0.0521,1.07,816.0,6.17,3.61,303.0,2,Attract but Don't Convert
38344.0,0.0619,295.33,45.21,0.0566,0.0361,4.4,525.0,3.2,3.1,354.0,0,Invisible Product
9528.0,0.2274875,467.26,77.42,0.0338,0.0135,3.09,840.0,3.0,3.26,40.0,4,Trust Issue Product
37537.0,0.1015,130.08,22.35,0.0432,0.0224,4.2,176.0,4.63,3.02,397.0,3,Low Engagement Product
12436.0,0.036,79.9,21.39,0.0172,0.0001,1.46,170.0,1.17,1.01,29.0,0,Invisible Product
9442.0,0.1397,370.28,69.5,0.1301,0.1,8.53,716.0,7.21,4.82,971.0,1,High Performer
39932.0,0.095,140.19,23.35,0.1073,0.0705,5.09,197.0,8.17,3.74,372.0,3,Low Engagement Product
7546.0,0.0315,357.63,58.33,0.0191,0.0169,2.09,552.0,1.08,2.29,3.0,0,Invisible Product
38492.0,0.0198,82.4,17.35,0.0461,0.024,1.53,131.0,1.33,2.49,40.0,0,Invisible Product
7561.0,0.0607,351.03,60.67,0.0831,0.0407,7.49,702.0,3.36,3.11,189.0,2,Attract but Don't Convert
34687.0,0.1347,154.07,28.9,0.1277,0.0948,9.4,157.0,8.04,4.24,971.0,1,High Performer
10616.0,0.0216,181.33,28.8,0.098,0.0331,1.24,252.0,1.8,3.4,3.0,3,Low Engagement Product
13849.0,0.1953,229.52,42.07,0.0303,0.0151,6.42,351.0,1.98,2.09,498.0,4,Trust Issue Product
17614.0,0.067,312.7,50.17,0.061,0.0276,3.05,561.0,3.24,2.63,23.0,0,Invisible Product
35526.0,0.0965,484.98,82.05,0.0775,0.0372,9.46,912.0,3.71,3.57,309.0,2,Attract but Don't Convert
36368.0,0.0741,190.15,39.34,0.0979,0.0513,4.03,326.0,5.66,4.02,32.0,3,Low Engagement Product
25050.0,0.1276,135.22,20.53,0.1232,0.0736,7.36,180.0,9.34,4.09,183.0,3,Low Engagement Product
34988.0,0.1052,265.55,45.98,0.0785,0.0398,7.91,421.0,4.78,3.61,211.0,3,Low Engagement Product
36888.0,0.1346,337.76,64.69,0.1012,0.0603,8.11,609.0,9.04,4.66,615.0,1,High Performer
10313.0,0.1517,194.0,35.54,0.1315,0.1019,9.01,297.0,9.38,4.67,971.0,1,High Performer
36127.0,0.023,227.34,34.43,0.1024,0.0651,3.7,339.0,2.79,3.94,335.0,3,Low Engagement Product
28111.0,0.0891,324.77,51.06,0.0839,0.0445,5.09,552.0,6.4,4.25,86.0,2,Attract but Don't Convert
42949.0,0.0584,499.65,79.49,0.066,0.0387,6.58,916.0,1.51,4.33,232.0,2,Attract but Don't Convert
34691.0,0.0952,273.56,46.88,0.0713,0.0569,9.09,516.0,7.12,4.8,971.0,1,High Performer
17958.0,0.0016,207.99,44.7,0.0515,0.0141,2.56,382.0,1.5,2.44,2.0,0,Invisible Product
18726.0,0.12,191.01,36.62,0.0825,0.0506,9.91,391.0,7.77,4.63,85.0,3,Low Engagement Product
13567.0,0.1016,493.21,81.41,0.0886,0.0457,7.45,911.0,7.83,3.03,334.0,2,Attract but Don't Convert
39858.0,0.0927,369.26,64.8,0.0543,0.0324,7.61,674.0,5.39,3.97,197.0,2,Attract but Don't Convert
3234.0,0.0314,82.96,12.54,0.0825,0.032,2.26,55.0,1.59,2.35,8.0,3,Low Engagement Product
16843.0,0.198,200.13,32.33,0.0348,0.0249,2.82,322.0,5.38,2.62,260.0,4,Trust Issue Product
15534.0,0.0968,252.02,52.53,0.0907,0.0678,7.4,457.0,8.8,4.85,880.0,1,High Performer
47875.0,0.1065,392.8,66.54,0.0851,0.0566,8.48,745.0,8.12,4.27,971.0,1,High Performer
10333.0,0.0161,62.41,14.97,0.0095,0.0006,1.26,51.0,3.21,1.26,10.0,0,Invisible Product
49246.0,0.023,137.55,23.81,0.074,0.0265,1.02,205.0,2.37,2.07,31.0,0,Invisible Product
1241.0,0.0589,162.96,22.56,0.0984,0.0628,5.23,193.0,2.55,3.96,397.0,3,Low Engagement Product
18119.0,0.1489,320.33,50.15,0.0975,0.0681,8.9,585.0,8.29,4.04,971.0,1,High Performer
20484.0,0.09,385.73,65.44,0.0467,0.0233,10.0,692.0,4.44,3.09,140.0,2,Attract but Don't Convert
43003.0,0.0969,197.2,25.04,0.0707,0.045,7.1,269.0,3.75,3.1,487.0,3,Low Engagement Product
45834.0,0.0057,418.07,74.01,0.0119,0.0087,1.38,782.0,3.33,1.34,42.0,0,Invisible Product
36229.0,0.1157,500.39,84.85,0.0536,0.0309,7.97,954.0,7.4,4.73,129.0,2,Attract but Don't Convert
23067.0,0.1055,152.32,29.05,0.0716,0.0424,7.12,298.0,5.48,3.75,32.0,3,Low Engagement Product
40703.0,0.0826,373.79,60.48,0.0821,0.0487,5.71,702.0,3.62,3.09,46.0,2,Attract but Don't Convert
11272.0,0.1838,394.56,55.61,0.0932,0.0407,10.0,714.0,10.0,4.16,27.0,1,High Performer
16490.0,0.1024,67.98,14.95,0.0905,0.0537,4.63,21.0,2.69,4.16,364.0,3,Low Engagement Product
3367.0,0.0359,109.01,26.77,0.047,0.0113,2.65,213.0,1.06,1.13,39.0,0,Invisible Product
39432.0,0.0868,104.55,25.59,0.0894,0.0548,7.59,185.0,7.5,3.18,270.0,3,Low Engagement Product
26267.0,0.1656,381.31,74.72,0.1294,0.0592,6.41,778.0,5.51,3.68,50.0,2,Attract but Don't Convert
21412.0,0.0751,538.05,93.43,0.0415,0.0224,5.15,944.0,1.82,3.89,357.0,2,Attract but Don't Convert
27940.0,0.118,420.72,67.21,0.0807,0.0638,7.92,775.0,5.07,4.29,431.0,2,Attract but Don't Convert
19090.0,0.1206,85.83,17.22,0.1179,0.0859,7.97,129.0,9.25,4.39,833.0,1,High Performer
44279.0,0.0889,193.57,44.56,0.1072,0.0693,5.9,399.0,6.28,4.48,440.0,3,Low Engagement Product
6006.0,0.1223,456.96,82.0,0.0984,0.0631,9.74,854.0,8.78,4.21,486.0,1,High Performer
48896.0,0.0383,322.92,58.47,0.0282,0.0019,1.65,602.0,1.66,1.82,28.0,0,Invisible Product
40479.0,0.0544,341.64,55.45,0.0705,0.0376,2.81,695.0,5.68,3.03,388.0,2,Attract but Don't Convert
17397.0,0.1421,176.24,23.19,0.0986,0.0672,8.81,304.0,8.22,4.05,971.0,1,High Performer
2111.0,0.1119,507.5,82.09,0.0693,0.0461,7.53,906.0,9.36,4.76,971.0,1,High Performer
44114.0,0.1345,244.79,50.62,0.092,0.055,5.73,440.0,9.66,3.71,347.0,1,High Performer
46658.0,0.1136,119.53,27.74,0.0851,0.0565,9.22,132.0,5.16,4.2,81.0,3,Low Engagement Product
11838.0,0.0903,184.64,21.22,0.1097,0.0706,5.82,247.0,2.83,4.19,149.0,3,Low Engagement Product
28897.0,0.1179,269.63,51.53,0.0949,0.0652,5.58,490.0,4.51,3.81,423.0,3,Low Engagement Product
47598.0,0.0324,444.21,78.78,0.0946,0.0384,1.6,832.0,1.96,2.61,33.0,2,Attract but Don't Convert
11220.0,0.1856,313.53,51.1,0.0353,0.0141,4.8,547.0,7.59,2.17,223.0,4,Trust Issue Product
8867.0,0.1262,307.95,51.9,0.0676,0.0327,8.41,515.0,4.76,3.84,15.0,2,Attract but Don't Convert
22952.0,0.0317,83.45,12.79,0.0167,0.005,1.18,50.0,3.1,3.17,47.0,0,Invisible Product
13803.0,0.1216,150.87,18.75,0.0899,0.071,7.83,181.0,7.7,4.83,971.0,1,High Performer
1029.0,0.1369,433.83,73.84,0.109,0.0761,7.91,837.0,9.62,4.39,454.0,1,High Performer
12051.0,0.0981,421.09,78.01,0.0942,0.0664,8.73,724.0,5.52,3.59,454.0,2,Attract but Don't Convert
26139.0,0.0217,410.79,70.73,0.0506,0.0157,2.55,741.0,1.47,3.03,33.0,0,Invisible Product
48713.0,0.0813,218.06,35.7,0.0718,0.0479,3.35,397.0,4.22,3.61,487.0,3,Low Engagement Product
29604.0,0.1129,239.62,41.58,0.1104,0.0839,9.32,465.0,7.63,4.89,971.0,1,High Performer
17538.0,0.2274875,395.53,78.83,0.0204,0.0161,2.24,763.0,2.7,2.99,20.0,4,Trust Issue Product
48615.0,0.084,260.29,43.23,0.0987,0.0593,6.58,446.0,5.49,3.49,465.0,3,Low Engagement Product
5844.0,0.0389,377.67,65.33,0.0144,0.0058,2.75,715.0,1.21,1.11,24.0,0,Invisible Product
18384.0,0.0906,298.75,55.8,0.0343,0.0179,3.51,523.0,2.44,2.01,20.0,0,Invisible Product
42517.0,0.0647,280.46,51.98,0.1113,0.0612,5.9,546.0,3.24,3.22,128.0,2,Attract but Don't Convert
39848.0,0.0246,496.42,84.38,0.0739,0.0255,3.97,963.0,3.15,1.79,19.0,0,Invisible Product
7169.0,0.0497,446.2,77.99,0.0329,0.0131,3.98,836.0,2.36,1.93,23.0,0,Invisible Product
42459.0,0.0151,396.56,65.66,0.0723,0.0224,1.42,740.0,3.18,2.4,4.0,0,Invisible Product
19899.0,0.0932,355.96,63.9,0.1356,0.0863,6.54,703.0,5.2,4.11,457.0,1,High Performer
33310.0,0.0364,415.92,81.73,0.0515,0.0229,3.33,797.0,3.56,1.08,40.0,0,Invisible Product
28326.0,0.1265,270.62,49.96,0.0857,0.0621,7.9,551.0,8.53,4.42,314.0,1,High Performer
4752.0,0.0299,331.83,56.83,0.0436,0.0047,3.57,601.0,3.59,1.93,1.0,0,Invisible Product
24423.0,0.0974,330.06,63.8,0.056,0.0403,4.03,539.0,9.66,4.06,376.0,2,Attract but Don't Convert
42238.0,0.1008,494.68,69.26,0.0898,0.0638,7.08,960.0,9.01,4.95,282.0,2,Attract but Don't Convert
7697.0,0.1455,37.43,23.74,0.1139,0.0747,8.81,53.0,7.25,4.98,496.0,1,High Performer
47193.0,0.1032,427.15,73.03,0.091,0.0465,7.68,755.0,8.01,3.81,377.0,2,Attract but Don't Convert
37326.0,0.0688,361.59,69.13,0.0637,0.0375,5.09,710.0,2.61,3.53,486.0,2,Attract but Don't Convert
6691.0,0.1052,438.61,74.42,0.0402,0.0255,5.26,777.0,8.29,4.23,488.0,2,Attract but Don't Convert
49214.0,0.0636,260.46,48.57,0.075,0.0368,3.55,509.0,4.41,3.24,78.0,3,Low Engagement Product
25933.0,0.0938,418.39,68.26,0.097,0.0647,8.6,791.0,2.92,3.65,404.0,2,Attract but Don't Convert
11926.0,0.1267,344.68,60.99,0.1076,0.0592,8.02,639.0,7.26,3.98,455.0,1,High Performer
26517.0,0.1142,430.59,71.28,0.0919,0.0525,7.37,773.0,4.37,4.23,386.0,2,Attract but Don't Convert
18793.0,0.0646,288.45,46.49,0.0517,0.0123,3.79,442.0,2.34,2.4,8.0,0,Invisible Product
14238.0,0.1029,266.57,47.44,0.0947,0.0641,4.45,487.0,5.2,3.97,410.0,3,Low Engagement Product
2269.0,0.1188,51.13,17.64,0.1164,0.084,9.02,43.0,9.65,4.82,476.0,1,High Performer
18656.0,0.2274875,113.31,32.89,0.0179,0.0088,7.12,235.0,3.53,2.49,86.0,4,Trust Issue Product
22152.0,0.0703,66.18,10.0,0.0021,0.0001,1.39,74.0,3.57,2.08,42.0,0,Invisible Product
6413.0,0.1514,75.6,10.0,0.1282,0.0872,9.17,45.0,9.52,4.26,971.0,1,High Performer
8415.0,0.0832,227.26,30.11,0.0621,0.0313,5.6,300.0,8.33,3.15,285.0,3,Low Engagement Product
8136.0,0.0771,434.31,69.18,0.0447,0.0272,5.31,823.0,5.72,3.08,360.0,2,Attract but Don't Convert
31878.0,0.2274875,217.34,43.01,0.0266,0.0191,2.48,346.0,1.1,2.11,7.0,4,Trust Issue Product
27834.0,0.0935,547.65,85.89,0.0884,0.048,7.34,989.0,5.25,3.84,419.0,2,Attract but Don't Convert
23273.0,0.0508,103.73,29.0,0.0222,0.006,3.01,205.0,2.12,1.47,31.0,0,Invisible Product
30503.0,0.0652,315.37,50.44,0.063,0.0307,5.9,514.0,5.93,3.36,101.0,2,Attract but Don't Convert
885.0,0.0334,29.36,17.02,0.0245,0.0,2.21,31.0,2.32,1.38,6.0,0,Invisible Product
6239.0,0.0558,365.29,60.62,0.0776,0.0479,4.75,660.0,2.38,3.24,452.0,2,Attract but Don't Convert
6444.0,0.0971,456.24,74.4,0.0563,0.0291,8.78,903.0,6.05,3.13,162.0,2,Attract but Don't Convert
18900.0,0.1144,249.17,42.77,0.0974,0.0614,7.27,453.0,8.74,3.96,377.0,1,High Performer
25472.0,0.0317,466.24,71.43,0.011,0.0013,2.48,940.0,2.99,1.77,37.0,0,Invisible Product
20638.0,0.1166,148.83,20.62,0.1391,0.0997,9.18,227.0,9.33,4.37,971.0,1,High Performer
15073.0,0.1258,136.7,23.86,0.1247,0.0904,9.01,152.0,9.41,4.53,971.0,1,High Performer
5719.0,0.0404,209.66,39.61,0.0236,0.0086,1.37,358.0,3.51,1.25,19.0,0,Invisible Product
34804.0,0.0764,108.66,24.34,0.0969,0.0521,5.0,215.0,7.78,4.13,27.0,3,Low Engagement Product
36675.0,0.0704,163.73,31.62,0.0694,0.0469,7.67,281.0,3.51,4.29,489.0,3,Low Engagement Product
40019.0,0.042,184.77,26.11,0.0933,0.0494,4.24,301.0,5.9,3.89,422.0,3,Low Engagement Product
42361.0,0.1363,221.09,44.42,0.1012,0.0572,6.78,388.0,7.56,3.53,332.0,3,Low Engagement Product
45223.0,0.1791,104.58,18.73,0.019,0.0136,7.14,122.0,8.0,2.07,44.0,4,Trust Issue Product
27816.0,0.0597,395.81,64.72,0.0558,0.0203,2.16,651.0,2.59,1.59,46.0,0,Invisible Product
3336.0,0.1327,129.82,28.51,0.0997,0.0757,8.3,202.0,8.43,4.33,971.0,1,High Performer
15948.0,0.0311,248.4,46.78,0.0254,0.0164,1.86,442.0,1.51,1.22,14.0,0,Invisible Product
2452.0,0.0997,29.58,10.0,0.0759,0.0229,6.22,28.0,7.63,3.95,111.0,3,Low Engagement Product
2032.0,0.1214,338.6,57.47,0.1046,0.0655,6.81,576.0,5.9,4.07,280.0,2,Attract but Don't Convert
11013.0,0.0616,199.71,33.23,0.0688,0.0424,4.24,263.0,3.91,3.97,316.0,3,Low Engagement Product
8656.0,0.0077,426.7,70.72,0.0979,0.0625,3.96,801.0,2.29,4.44,396.0,2,Attract but Don't Convert
21400.0,0.0789,356.59,63.03,0.1103,0.0811,7.31,643.0,8.35,4.82,971.0,1,High Performer
5598.0,0.0306,326.25,49.62,0.07,0.0347,1.38,586.0,1.73,2.0,38.0,0,Invisible Product
10682.0,0.0013,220.64,45.71,0.0674,0.0318,1.4,412.0,1.33,2.78,27.0,0,Invisible Product
46733.0,0.142,317.65,55.22,0.0776,0.0445,9.65,546.0,9.02,4.93,78.0,1,High Performer
9669.0,0.1555,57.19,21.93,0.102,0.0798,9.77,56.0,8.93,4.99,971.0,1,High Performer
4957.0,0.0651,133.04,35.38,0.0752,0.0461,5.72,197.0,5.17,4.13,286.0,3,Low Engagement Product
440.0,0.0405,378.32,61.37,0.0237,0.0106,3.53,658.0,2.67,1.72,30.0,0,Invisible Product
44049.0,0.08,347.47,64.39,0.1099,0.0677,6.32,648.0,5.05,4.13,454.0,2,Attract but Don't Convert
16866.0,0.02,467.38,81.41,0.001,0.0001,2.39,871.0,2.59,1.01,21.0,0,Invisible Product
26232.0,0.0723,60.99,15.91,0.1203,0.0762,6.92,91.0,6.53,4.23,268.0,3,Low Engagement Product
8591.0,0.0152,193.67,30.8,0.0693,0.0268,1.96,371.0,2.97,2.39,39.0,0,Invisible Product
238.0,0.0254,353.43,55.68,0.0801,0.0447,1.1,642.0,6.27,3.69,446.0,2,Attract but Don't Convert
458.0,0.0532,118.15,20.77,0.0802,0.0355,2.77,168.0,4.8,3.4,44.0,3,Low Engagement Product
9814.0,0.049,406.46,68.63,0.061,0.0236,3.69,716.0,3.35,2.73,48.0,0,Invisible Product
19940.0,0.0363,76.73,26.83,0.0464,0.0214,2.39,124.0,3.86,1.98,23.0,0,Invisible Product
34495.0,0.0846,348.0,63.73,0.1155,0.0785,7.68,678.0,7.39,4.22,443.0,1,High Performer
30754.0,0.0795,185.55,34.4,0.0774,0.0377,4.24,240.0,3.41,3.7,17.0,3,Low Engagement Product
25979.0,0.0706,455.12,84.84,0.0973,0.0608,7.33,845.0,3.73,3.91,441.0,2,Attract but Don't Convert
16096.0,0.1035,443.46,77.7,0.0658,0.0311,4.43,882.0,2.53,3.64,268.0,2,Attract but Don't Convert
37872.0,0.0731,225.39,34.42,0.0898,0.054,3.6,393.0,3.84,3.59,319.0,3,Low Engagement Product
26862.0,0.0423,285.36,53.15,0.0789,0.0592,3.69,537.0,7.45,4.01,468.0,2,Attract but Don't Convert
13383.0,0.073,176.66,25.63,0.0507,0.0184,3.96,279.0,2.48,1.74,33.0,0,Invisible Product
39520.0,0.0263,180.65,44.53,0.0653,0.032,4.39,318.0,1.0,4.0,377.0,3,Low Engagement Product
19654.0,0.106,494.74,86.23,0.1063,0.0723,9.59,880.0,7.01,4.34,426.0,2,Attract but Don't Convert
20319.0,0.0317,34.5,21.93,0.0715,0.0321,2.88,61.0,2.07,3.46,395.0,3,Low Engagement Product
35019.0,0.1297,450.57,64.55,0.1297,0.0869,7.2,790.0,7.07,4.27,971.0,1,High Performer
9529.0,0.1357,502.86,81.46,0.0844,0.0462,6.7,916.0,10.0,3.28,426.0,2,Attract but Don't Convert
46940.0,0.0736,291.96,51.15,0.0812,0.0482,6.55,511.0,2.78,3.2,209.0,2,Attract but Don't Convert
44795.0,0.0841,279.69,48.65,0.063,0.0329,6.83,458.0,6.58,3.17,149.0,3,Low Engagement Product
39773.0,0.0531,455.31,72.35,0.0561,0.0174,3.32,802.0,1.24,2.23,8.0,0,Invisible Product
19318.0,0.001,63.03,10.0,0.0346,0.0079,1.05,66.0,1.44,1.25,1.0,0,Invisible Product
12552.0,0.2274875,114.59,20.63,0.0205,0.0035,7.92,104.0,8.39,2.36,82.0,4,Trust Issue Product
49080.0,0.1011,394.86,75.23,0.086,0.0393,4.68,705.0,7.9,4.23,28.0,2,Attract but Don't Convert
19051.0,0.0158,57.55,26.21,0.0376,0.0151,1.2,77.0,2.5,2.61,44.0,0,Invisible Product
1407.0,0.2274875,368.07,67.07,0.0121,0.0068,7.37,730.0,6.14,3.0,411.0,4,Trust Issue Product
14952.0,0.045,165.48,28.63,0.0481,0.0233,1.74,228.0,1.82,2.83,24.0,0,Invisible Product
25332.0,0.0669,163.49,26.33,0.0678,0.0274,3.47,267.0,3.96,2.76,11.0,3,Low Engagement Product
35528.0,0.1043,109.17,28.8,0.075,0.0407,7.24,230.0,6.4,4.02,443.0,3,Low Engagement Product
43271.0,0.0633,65.67,12.5,0.0725,0.0265,5.57,58.0,5.93,3.43,94.0,3,Low Engagement Product
26585.0,0.0334,160.34,29.09,0.0209,0.0038,2.39,271.0,1.97,1.82,3.0,0,Invisible Product
10338.0,0.2014,347.59,55.48,0.0397,0.0281,3.79,662.0,2.5,3.08,39.0,4,Trust Issue Product
39075.0,0.0132,522.68,93.3,0.0692,0.0269,3.19,945.0,2.24,3.37,12.0,2,Attract but Don't Convert
1240.0,0.0977,425.25,74.54,0.0901,0.0443,6.68,822.0,4.84,4.0,31.0,2,Attract but Don't Convert
24942.0,0.0622,411.43,70.09,0.053,0.013,1.61,781.0,2.96,1.74,28.0,0,Invisible Product
26521.0,0.102,511.68,88.88,0.1352,0.0816,6.5,972.0,3.25,4.48,244.0,2,Attract but Don't Convert
1808.0,0.0784,266.34,41.67,0.0714,0.0412,7.35,432.0,5.5,3.1,295.0,3,Low Engagement Product
3730.0,0.0981,489.01,76.71,0.0596,0.0388,4.72,965.0,9.81,3.98,347.0,2,Attract but Don't Convert
19695.0,0.0423,249.85,53.73,0.061,0.023,2.99,465.0,2.38,1.66,31.0,0,Invisible Product
10585.0,0.0489,74.0,15.85,0.0329,0.0158,1.81,71.0,3.5,2.76,26.0,0,Invisible Product
28408.0,0.0617,236.42,45.38,0.0517,0.0284,1.83,393.0,2.98,2.77,29.0,0,Invisible Product
44889.0,0.0779,279.98,54.57,0.1001,0.0579,7.71,545.0,3.21,3.42,399.0,2,Attract but Don't Convert
26186.0,0.1737,497.12,90.74,0.0193,0.0168,5.18,950.0,2.4,2.19,138.0,4,Trust Issue Product
16959.0,0.2274875,115.15,27.51,0.0334,0.0156,2.15,175.0,2.42,2.21,45.0,4,Trust Issue Product
7784.0,0.0756,522.26,76.75,0.0756,0.0381,3.97,973.0,6.82,3.12,402.0,2,Attract but Don't Convert
25652.0,0.2274875,306.31,57.12,0.0398,0.0136,1.63,561.0,2.95,2.89,38.0,4,Trust Issue Product
1307.0,0.1299,115.28,14.25,0.0703,0.033,5.7,109.0,9.4,3.56,61.0,3,Low Engagement Product
46199.0,0.0118,489.03,79.27,0.0461,0.0132,1.68,922.0,2.46,1.37,0.0,0,Invisible Product
2060.0,0.0646,409.18,57.39,0.0749,0.0325,1.99,698.0,3.89,2.19,10.0,0,Invisible Product
657.0,0.0334,205.7,48.64,0.1073,0.0717,4.67,370.0,3.58,3.81,473.0,3,Low Engagement Product
29789.0,0.168,41.98,16.36,0.1088,0.0718,9.95,88.0,9.26,4.05,971.0,1,High Performer
48751.0,0.084,171.22,22.48,0.0738,0.0387,6.79,182.0,4.95,3.97,38.0,3,Low Engagement Product
13993.0,0.0307,158.76,27.05,0.001,0.001,3.95,261.0,1.34,1.09,22.0,0,Invisible Product
32372.0,0.0488,294.39,62.86,0.0356,0.0203,5.59,514.0,1.71,3.85,327.0,0,Invisible Product
982.0,0.0472,202.0,47.23,0.048,0.0192,3.98,402.0,1.31,1.13,48.0,0,Invisible Product
37629.0,0.1249,70.74,10.0,0.1033,0.0556,6.88,71.0,4.23,4.35,38.0,3,Low Engagement Product
38735.0,0.0541,382.93,70.66,0.0197,0.0172,2.25,673.0,1.72,1.13,16.0,0,Invisible Product
29635.0,0.055,48.09,11.97,0.0314,0.0246,6.49,82.0,3.89,3.23,142.0,3,Low Engagement Product
12969.0,0.1199,291.15,55.53,0.0719,0.057,9.86,528.0,8.91,4.18,971.0,1,High Performer
7266.0,0.2274875,184.29,32.66,0.0391,0.0154,2.79,311.0,3.99,3.44,14.0,4,Trust Issue Product
13082.0,0.0883,59.38,10.12,0.1225,0.0683,4.77,110.0,6.18,4.24,220.0,3,Low Engagement Product
40797.0,0.0681,403.99,62.06,0.0954,0.0474,6.99,683.0,2.54,3.79,31.0,2,Attract but Don't Convert
38215.0,0.09,197.98,46.65,0.0687,0.032,6.6,443.0,3.73,4.29,186.0,3,Low Engagement Product
7369.0,0.1233,331.23,66.33,0.1307,0.0897,8.84,688.0,8.94,4.28,971.0,1,High Performer
28164.0,0.0134,452.13,75.45,0.0597,0.0343,1.0,840.0,1.85,3.64,128.0,2,Attract but Don't Convert
13627.0,0.1774,202.1,40.99,0.029,0.0089,8.23,384.0,6.28,2.83,145.0,4,Trust Issue Product
2554.0,0.0574,128.04,24.18,0.0622,0.0268,1.13,169.0,3.58,2.47,26.0,0,Invisible Product
20978.0,0.0661,452.59,83.28,0.0774,0.0494,4.51,859.0,5.91,3.63,380.0,2,Attract but Don't Convert
13091.0,0.0565,182.97,39.75,0.0625,0.0301,4.46,290.0,5.3,3.14,91.0,3,Low Engagement Product
2908.0,0.0614,452.66,82.01,0.0712,0.0396,3.4,900.0,2.21,3.22,373.0,2,Attract but Don't Convert
39510.0,0.0289,322.05,51.38,0.0175,0.0095,3.91,600.0,3.88,1.01,9.0,0,Invisible Product
36693.0,0.1044,88.65,24.0,0.091,0.0637,3.84,135.0,8.62,3.78,471.0,3,Low Engagement Product
36404.0,0.0097,438.38,71.25,0.0584,0.0242,1.66,723.0,1.68,2.58,15.0,0,Invisible Product
30486.0,0.059,288.44,57.26,0.0714,0.0404,7.18,535.0,1.0,3.8,77.0,2,Attract but Don't Convert
48177.0,0.0815,287.21,53.68,0.118,0.0783,8.1,606.0,7.93,4.39,669.0,1,High Performer
3902.0,0.1221,518.52,88.67,0.0695,0.0376,9.0,933.0,5.74,3.7,49.0,2,Attract but Don't Convert
28853.0,0.1528,439.62,77.9,0.0835,0.044,4.9,829.0,10.0,3.02,100.0,2,Attract but Don't Convert
21183.0,0.0102,165.39,33.7,0.0387,0.0182,1.92,260.0,2.82,2.22,36.0,0,Invisible Product
18454.0,0.1153,47.59,10.09,0.0693,0.0469,5.05,49.0,7.25,3.76,161.0,3,Low Engagement Product
22290.0,0.0849,85.48,13.58,0.0669,0.0341,7.2,162.0,4.24,3.2,231.0,3,Low Engagement Product
6242.0,0.1549,228.64,30.79,0.0845,0.0569,9.42,345.0,9.81,4.11,949.0,1,High Performer
28498.0,0.1038,367.44,71.54,0.1005,0.06,6.99,714.0,10.0,3.85,85.0,2,Attract but Don't Convert
41962.0,0.0021,484.35,96.0,0.0295,0.0094,1.2,968.0,1.83,1.56,27.0,0,Invisible Product
33232.0,0.0428,56.91,16.7,0.1003,0.0591,3.32,35.0,2.15,3.43,244.0,3,Low Engagement Product
19603.0,0.1145,98.11,14.27,0.0888,0.0774,7.77,130.0,8.07,4.82,971.0,1,High Performer
48556.0,0.1263,496.89,81.06,0.0611,0.0491,8.27,891.0,8.17,4.62,971.0,1,High Performer
34731.0,0.0755,401.61,70.02,0.1052,0.065,8.03,732.0,5.95,4.49,150.0,2,Attract but Don't Convert
16599.0,0.0585,91.5,20.3,0.0611,0.0182,3.86,126.0,2.31,1.04,1.0,0,Invisible Product
39952.0,0.1894,247.15,42.63,0.0262,0.0176,2.65,398.0,3.25,3.07,38.0,4,Trust Issue Product
8116.0,0.1565,87.54,19.16,0.0881,0.0548,9.18,181.0,8.75,4.56,550.0,1,High Performer
2484.0,0.0943,177.37,26.71,0.0597,0.028,5.24,302.0,6.49,3.54,497.0,3,Low Engagement Product
15172.0,0.1317,155.07,28.13,0.1383,0.084,8.39,288.0,3.15,4.23,443.0,1,High Performer
36803.0,0.2274875,286.56,44.02,0.0193,0.0086,3.58,503.0,2.87,2.86,34.0,4,Trust Issue Product
45995.0,0.2274875,389.31,65.45,0.0358,0.0112,7.85,686.0,8.19,2.16,438.0,4,Trust Issue Product
14582.0,0.0822,81.58,18.52,0.0977,0.0658,4.94,92.0,6.08,3.28,397.0,3,Low Engagement Product
40610.0,0.0636,152.18,20.4,0.07,0.0311,8.64,216.0,2.05,3.33,99.0,3,Low Engagement Product
49033.0,0.0694,185.78,30.54,0.0364,0.0258,6.85,262.0,6.02,3.5,456.0,3,Low Engagement Product
21926.0,0.2274875,348.57,68.59,0.0201,0.0065,4.5,617.0,8.1,3.42,74.0,4,Trust Issue Product
2590.0,0.1186,453.83,76.15,0.1145,0.0812,9.62,818.0,7.91,4.55,948.0,1,High Performer
46192.0,0.0938,206.49,30.09,0.0621,0.0364,7.42,278.0,7.18,4.15,164.0,3,Low Engagement Product
25618.0,0.0723,491.29,79.7,0.1082,0.0553,5.0,817.0,3.71,3.65,224.0,2,Attract but Don't Convert
24145.0,0.0562,110.86,35.33,0.0503,0.0285,6.04,168.0,5.65,3.28,456.0,3,Low Engagement Product
27010.0,0.2274875,454.2,81.92,0.0132,0.0125,4.97,886.0,1.06,2.11,371.0,4,Trust Issue Product
24666.0,0.0813,182.92,39.75,0.0688,0.0409,9.52,409.0,6.57,3.93,367.0,3,Low Engagement Product
34005.0,0.0094,286.0,45.39,0.0927,0.0378,1.4,435.0,3.46,2.65,14.0,0,Invisible Product
27203.0,0.1162,241.13,52.52,0.1383,0.0964,8.15,445.0,8.95,4.29,906.0,1,High Performer
36288.0,0.2274875,399.75,67.31,0.0188,0.0095,3.21,721.0,1.98,3.14,10.0,4,Trust Issue Product
5945.0,0.1752,161.2,29.05,0.1504,0.1011,8.52,236.0,9.68,4.94,752.0,1,High Performer
21262.0,0.1071,519.61,92.85,0.0496,0.0393,9.64,947.0,9.25,4.23,971.0,1,High Performer
36774.0,0.0699,467.98,81.45,0.0529,0.0221,3.29,886.0,3.69,1.38,32.0,0,Invisible Product
19437.0,0.0199,98.39,27.0,0.0948,0.0402,3.21,105.0,2.02,3.28,15.0,3,Low Engagement Product
22413.0,0.1205,158.34,21.81,0.1356,0.1108,7.36,235.0,8.27,4.67,971.0,1,High Performer
27043.0,0.0311,237.44,47.65,0.0452,0.022,1.26,442.0,1.35,2.03,10.0,0,Invisible Product
12513.0,0.0653,232.03,46.99,0.0991,0.0583,2.48,339.0,2.48,4.06,148.0,3,Low Engagement Product
376.0,0.1157,112.04,33.26,0.0754,0.0416,2.94,137.0,6.09,3.91,240.0,3,Low Engagement Product
17711.0,0.1624,476.82,83.54,0.1018,0.0697,9.85,945.0,9.03,4.25,971.0,1,High Performer
39205.0,0.0792,511.57,86.91,0.0797,0.039,4.95,978.0,6.87,3.75,51.0,2,Attract but Don't Convert
12044.0,0.0122,472.62,91.79,0.086,0.0566,4.72,901.0,1.0,4.46,245.0,2,Attract but Don't Convert
16006.0,0.085,235.6,43.0,0.0919,0.0502,6.69,434.0,4.02,3.04,478.0,3,Low Engagement Product
49947.0,0.1035,351.23,56.86,0.1043,0.0607,8.03,618.0,4.06,4.48,95.0,2,Attract but Don't Convert
20636.0,0.0499,85.32,12.24,0.1071,0.0546,4.6,59.0,5.13,3.41,357.0,3,Low Engagement Product
27910.0,0.0641,98.11,19.99,0.0698,0.0332,3.55,180.0,2.93,2.92,19.0,3,Low Engagement Product
12406.0,0.1064,383.86,62.42,0.1543,0.1134625,8.26,722.0,7.08,4.99,657.0,1,High Performer
10603.0,0.1055,330.92,53.54,0.1333,0.0994,9.87,556.0,7.21,4.91,971.0,1,High Performer
19325.0,0.0338,232.7,36.98,0.03,0.0084,2.83,439.0,1.31,1.42,18.0,0,Invisible Product
37076.0,0.0975,357.23,61.63,0.0985,0.0619,7.85,683.0,7.56,4.26,618.0,1,High Performer
11690.0,0.0866,41.95,27.0,0.0634,0.0439,9.76,114.0,4.87,3.57,175.0,3,Low Engagement Product
10986.0,0.1087,275.87,51.33,0.0967,0.0611,7.47,461.0,6.26,4.13,207.0,3,Low Engagement Product
12966.0,0.1196,511.04,83.52,0.0591,0.0328,9.63,954.0,5.21,3.34,354.0,2,Attract but Don't Convert
1188.0,0.0401,311.82,57.48,0.0741,0.027,2.66,577.0,3.66,2.18,38.0,0,Invisible Product
3463.0,0.0348,493.89,88.91,0.0779,0.0361,1.0,992.0,2.9,4.06,71.0,2,Attract but Don't Convert
32892.0,0.1185,357.64,59.77,0.0889,0.0552,6.49,669.0,6.27,3.5,397.0,2,Attract but Don't Convert
9864.0,0.1152,234.04,37.3,0.0541,0.0268,6.25,485.0,6.89,4.41,43.0,3,Low Engagement Product
20720.0,0.1177,179.99,30.11,0.1062,0.0805,8.91,307.0,8.99,4.99,779.0,1,High Performer
42827.0,0.0753,510.41,79.22,0.0652,0.0424,6.19,884.0,3.77,3.26,291.0,2,Attract but Don't Convert
13035.0,0.0217,381.42,78.11,0.1085,0.0619,3.75,695.0,1.0,4.4,240.0,2,Attract but Don't Convert
8168.0,0.0243,270.15,47.62,0.059,0.0215,3.73,431.0,3.25,2.3,49.0,0,Invisible Product
7395.0,0.0567,265.61,43.04,0.0846,0.0382,3.6,419.0,2.25,2.93,22.0,0,Invisible Product
41260.0,0.1591,292.94,56.31,0.1173,0.0878,9.6,547.0,8.94,4.63,971.0,1,High Performer
11490.0,0.0994,60.87,14.24,0.1291,0.099,7.41,37.0,7.12,4.73,971.0,1,High Performer
41316.0,0.0337,52.88,18.93,0.0628,0.0279,1.73,155.0,2.14,2.55,9.0,3,Low Engagement Product
20231.0,0.1715,277.12,48.37,0.0753,0.051,9.51,483.0,9.22,4.28,333.0,1,High Performer
29318.0,0.0696,440.51,70.5,0.0451,0.0143,3.87,778.0,2.68,2.0,7.0,0,Invisible Product
10533.0,0.1915,173.95,23.8,0.0195,0.0038,3.24,267.0,1.83,3.47,1.0,4,Trust Issue Product
15138.0,0.0446,453.83,76.17,0.0078,0.0027,3.04,862.0,3.12,3.43,6.0,0,Invisible Product
28282.0,0.0292,419.61,67.85,0.0663,0.0473,4.78,729.0,1.0,4.19,382.0,2,Attract but Don't Convert
11628.0,0.1407,62.75,13.85,0.1392,0.0846,9.55,20.0,8.61,4.22,729.0,1,High Performer
21381.0,0.1159,389.52,67.87,0.0712,0.0384,6.82,721.0,8.52,3.26,319.0,2,Attract but Don't Convert
48611.0,0.0111,259.82,46.85,0.0332,0.0156,2.95,400.0,1.61,1.71,25.0,0,Invisible Product
8705.0,0.1313,304.36,51.25,0.0667,0.0463,9.21,528.0,9.52,4.86,968.0,1,High Performer
34882.0,0.001,237.3,54.83,0.001,0.0001,2.78,479.0,1.35,1.32,39.0,0,Invisible Product
1481.0,0.1179,298.4,52.95,0.0931,0.0491,8.49,524.0,10.0,3.58,420.0,1,High Performer
1198.0,0.0799,428.16,78.36,0.0618,0.0336,4.56,825.0,5.0,3.16,176.0,2,Attract but Don't Convert
19910.0,0.0356,287.44,51.06,0.0164,0.0056,1.94,495.0,2.43,1.75,18.0,0,Invisible Product
24422.0,0.1464,245.26,53.72,0.1261,0.0654,9.03,576.0,7.96,4.28,185.0,1,High Performer
41969.0,0.1232,548.38,91.13,0.0763,0.0416,9.64,973.0,6.65,3.9,222.0,2,Attract but Don't Convert
33055.0,0.1283,486.34,76.54,0.0852,0.0681,9.52,868.0,8.12,4.92,702.0,1,High Performer
44816.0,0.161,519.8,78.55,0.1042,0.0737,7.13,916.0,9.38,4.37,971.0,1,High Performer
10307.0,0.1308,55.3,15.46,0.077,0.0538,8.93,51.0,9.41,4.01,938.0,1,High Performer
21893.0,0.0395,514.62,83.54,0.0764,0.0477,5.29,923.0,1.0,4.44,286.0,2,Attract but Don't Convert
2192.0,0.104,102.73,17.1,0.0716,0.0377,8.97,137.0,4.76,3.12,63.0,3,Low Engagement Product
28320.0,0.0077,423.83,76.68,0.0242,0.0113,2.05,827.0,1.05,1.82,5.0,0,Invisible Product
18614.0,0.1736,115.27,29.72,0.0316,0.0132,1.22,203.0,1.34,2.48,32.0,4,Trust Issue Product
38110.0,0.0588,128.1,25.86,0.0848,0.0409,6.41,210.0,3.35,3.39,193.0,3,Low Engagement Product
8649.0,0.1213,438.0,79.29,0.1213,0.0928,9.42,766.0,7.9,4.59,971.0,1,High Performer
22131.0,0.0782,438.83,77.31,0.0855,0.044,6.58,769.0,5.84,4.13,230.0,2,Attract but Don't Convert
5285.0,0.019,390.56,67.68,0.0697,0.0295,3.99,747.0,3.28,2.77,10.0,0,Invisible Product
15371.0,0.0307,90.85,11.75,0.0694,0.041,4.37,93.0,6.17,3.69,107.0,3,Low Engagement Product
5876.0,0.0222,351.32,60.78,0.015,0.0038,2.8,642.0,3.95,2.55,35.0,0,Invisible Product
12549.0,0.1802,72.11,22.05,0.0151,0.0019,7.95,122.0,7.5,2.26,971.0,4,Trust Issue Product
24397.0,0.0393,451.37,72.78,0.0378,0.0185,3.21,890.0,1.83,1.79,11.0,0,Invisible Product
40691.0,0.0793,327.88,49.9,0.0811,0.0405,5.08,605.0,6.77,3.51,72.0,2,Attract but Don't Convert
15817.0,0.0381,268.17,38.92,0.0713,0.0314,3.88,439.0,3.96,3.48,27.0,3,Low Engagement Product
40223.0,0.1922,265.86,55.1,0.0195,0.0113,4.46,492.0,4.16,2.85,484.0,4,Trust Issue Product
39333.0,0.0709,437.3,79.75,0.0787,0.0354,3.55,783.0,7.61,3.44,51.0,2,Attract but Don't Convert
45605.0,0.0669,102.7,15.37,0.0798,0.0365,6.59,133.0,4.58,3.49,258.0,3,Low Engagement Product
46192.0,0.0193,196.24,34.87,0.0799,0.0273,3.78,398.0,3.83,2.64,8.0,0,Invisible Product
10450.0,0.0373,236.16,37.72,0.0967,0.0547,6.56,332.0,4.37,4.21,119.0,3,Low Engagement Product
30722.0,0.1437,228.4,38.61,0.1374,0.094,8.85,349.0,9.08,4.98,346.0,1,High Performer
35423.0,0.102,180.83,32.69,0.1121,0.0518,4.55,358.0,4.55,3.59,163.0,3,Low Engagement Product
3051.0,0.082,166.49,25.53,0.057,0.032,5.34,257.0,4.79,4.05,206.0,3,Low Engagement Product
17722.0,0.0613,155.52,22.07,0.0962,0.0578,2.79,192.0,4.63,3.23,157.0,3,Low Engagement Product
4827.0,0.0702,87.21,15.69,0.0752,0.0314,1.28,98.0,3.29,2.76,22.0,3,Low Engagement Product
38554.0,0.0911,263.21,50.17,0.0908,0.058,8.37,483.0,2.44,3.6,465.0,3,Low Engagement Product
36569.0,0.0429,486.04,71.65,0.1006,0.0632,3.46,917.0,2.28,3.83,381.0,2,Attract but Don't Convert
35648.0,0.0902,336.98,69.45,0.0717,0.0356,5.31,624.0,5.23,3.4,219.0,2,Attract but Don't Convert
23882.0,0.0565,518.67,90.51,0.0656,0.0242,1.61,983.0,3.52,2.39,39.0,2,Attract but Don't Convert
28554.0,0.0516,312.49,52.03,0.0316,0.0133,3.88,520.0,1.64,2.38,5.0,0,Invisible Product
2468.0,0.0656,329.95,53.32,0.051,0.0274,8.79,581.0,1.25,3.63,446.0,2,Attract but Don't Convert
15692.0,0.0701,164.74,30.1,0.1004,0.0686,5.44,304.0,2.82,4.14,393.0,3,Low Engagement Product
22273.0,0.0965,145.55,25.4,0.0731,0.0395,6.2,242.0,8.51,3.24,462.0,3,Low Engagement Product
33304.0,0.2274875,328.07,56.51,0.0123,0.011,8.58,612.0,4.22,3.19,461.0,4,Trust Issue Product
35696.0,0.1706,178.29,34.84,0.0355,0.0214,5.03,285.0,4.46,3.42,252.0,4,Trust Issue Product
34424.0,0.1138,350.66,70.57,0.0915,0.0506,7.26,686.0,3.01,3.62,116.0,2,Attract but Don't Convert
46232.0,0.2274875,195.86,34.29,0.0317,0.0099,7.77,392.0,6.43,3.04,14.0,4,Trust Issue Product
23964.0,0.0708,137.44,27.95,0.0858,0.0538,4.7,252.0,4.69,3.98,153.0,3,Low Engagement Product
47929.0,0.0494,463.8,85.1,0.0782,0.0565,4.48,930.0,3.18,4.15,146.0,2,Attract but Don't Convert
30850.0,0.016,422.95,78.81,0.0066,0.0001,1.23,847.0,2.45,1.05,49.0,0,Invisible Product
10676.0,0.1805,181.99,27.51,0.0231,0.016,5.61,255.0,5.94,2.5,290.0,4,Trust Issue Product
16666.0,0.0721,372.43,63.38,0.0959,0.0539,3.84,690.0,5.66,3.25,450.0,2,Attract but Don't Convert
7290.0,0.0685,505.44,83.71,0.0559,0.0191,3.37,936.0,3.31,2.93,18.0,2,Attract but Don't Convert
23171.0,0.0425,454.72,71.81,0.0878,0.0467,1.0,847.0,8.07,4.3,175.0,2,Attract but Don't Convert
38433.0,0.0808,423.34,67.92,0.0684,0.0309,5.33,782.0,3.4,3.28,145.0,2,Attract but Don't Convert
15469.0,0.0378,202.47,27.22,0.0566,0.0206,3.09,333.0,3.46,3.28,19.0,0,Invisible Product
24135.0,0.1096,519.75,91.99,0.1233,0.0783,7.52,956.0,8.96,4.39,756.0,1,High Performer
1689.0,0.0838,517.89,89.72,0.0585,0.0377,5.07,961.0,4.74,3.87,137.0,2,Attract but Don't Convert
25335.0,0.1131,501.77,69.78,0.0854,0.044,10.0,832.0,6.09,3.79,74.0,2,Attract but Don't Convert
259.0,0.123,208.99,36.3,0.064,0.0388,5.95,399.0,9.18,3.43,424.0,3,Low Engagement Product
12245.0,0.2023,415.3,68.24,0.0229,0.0058,8.71,813.0,2.49,2.74,298.0,4,Trust Issue Product
15473.0,0.0482,335.56,55.92,0.0336,0.0178,2.82,633.0,1.46,1.31,17.0,0,Invisible Product
32021.0,0.1689,294.54,57.78,0.015,0.0056,6.9,582.0,7.94,3.14,448.0,4,Trust Issue Product
39423.0,0.0091,243.74,59.48,0.0754,0.0389,2.24,439.0,3.56,2.99,26.0,0,Invisible Product
16337.0,0.0559,46.37,13.48,0.0539,0.0242,3.92,71.0,3.0,2.34,32.0,3,Low Engagement Product
42071.0,0.0539,401.63,71.57,0.0944,0.051,7.68,740.0,1.48,3.7,389.0,2,Attract but Don't Convert
8344.0,0.0981,450.47,76.44,0.0998,0.0555,7.21,838.0,4.76,3.67,137.0,2,Attract but Don't Convert
14843.0,0.0106,334.9,64.18,0.0171,0.0063,3.77,662.0,1.4,1.71,28.0,0,Invisible Product
31666.0,0.1287,309.33,50.81,0.1146,0.0682,9.93,528.0,7.1,4.31,379.0,1,High Performer
46201.0,0.0858,414.46,79.85,0.1059,0.0729,8.58,801.0,7.87,4.57,971.0,1,High Performer
46209.0,0.1291,493.24,90.1,0.1173,0.0846,9.44,964.0,7.65,4.73,497.0,1,High Performer
18791.0,0.0643,150.79,27.89,0.061,0.0378,5.75,224.0,2.8,3.14,206.0,3,Low Engagement Product
34096.0,0.1011,405.0,73.23,0.0924,0.0477,7.03,750.0,8.24,4.97,64.0,2,Attract but Don't Convert
5690.0,0.0818,168.03,36.83,0.0709,0.0394,8.87,276.0,3.08,4.17,91.0,3,Low Engagement Product
5685.0,0.0695,112.15,22.72,0.0013,0.0001,5.36,204.0,4.89,3.13,301.0,3,Low Engagement Product
9327.0,0.1655,89.74,25.47,0.0215,0.0157,7.19,164.0,7.87,3.18,265.0,4,Trust Issue Product
28378.0,0.1002,400.45,71.07,0.1472,0.1086,8.93,709.0,7.88,4.42,971.0,1,High Performer
38914.0,0.0278,45.03,14.97,0.0853,0.0271,1.74,33.0,1.47,3.3,8.0,3,Low Engagement Product
12337.0,0.1024,167.08,34.73,0.0826,0.0388,6.69,265.0,4.11,3.3,93.0,3,Low Engagement Product
15749.0,0.0694,136.05,26.9,0.0911,0.0444,6.12,206.0,1.04,3.25,161.0,3,Low Engagement Product
37813.0,0.0793,221.55,41.22,0.096,0.0669,7.41,356.0,8.58,4.66,971.0,1,High Performer
8027.0,0.132,167.85,39.87,0.0674,0.0395,9.84,278.0,4.45,3.1,198.0,3,Low Engagement Product
45509.0,0.0765,467.86,75.75,0.0867,0.048,1.0,885.0,5.74,4.24,220.0,2,Attract but Don't Convert
48866.0,0.0256,73.84,14.71,0.0087,0.0083,3.04,59.0,2.36,1.04,44.0,0,Invisible Product
46254.0,0.0398,384.69,55.74,0.0781,0.044,5.31,620.0,1.93,4.36,37.0,2,Attract but Don't Convert
7116.0,0.022,333.16,59.47,0.0356,0.012,1.37,656.0,2.94,1.69,43.0,0,Invisible Product
14127.0,0.0427,509.53,90.97,0.0699,0.044,2.67,981.0,2.14,3.22,49.0,2,Attract but Don't Convert
48788.0,0.1109,254.36,36.54,0.1164,0.0587,7.0,437.0,8.6,3.94,69.0,3,Low Engagement Product
24242.0,0.0812,171.48,34.0,0.1149,0.0579,8.52,370.0,1.26,4.32,103.0,3,Low Engagement Product
46620.0,0.001,66.21,18.29,0.0144,0.0107,1.99,28.0,1.55,2.2,26.0,0,Invisible Product
23645.0,0.0902,230.4,32.89,0.0834,0.048,7.3,369.0,7.58,4.01,496.0,3,Low Engagement Product
31997.0,0.0984,82.1,25.45,0.0678,0.0478,7.44,103.0,8.02,4.0,379.0,3,Low Engagement Product
3267.0,0.0332,315.33,54.1,0.0317,0.0124,3.89,552.0,2.72,4.03,344.0,0,Invisible Product
44857.0,0.1243,466.14,74.6,0.104,0.0664,7.12,812.0,8.31,4.49,613.0,1,High Performer
27017.0,0.0546,224.28,36.75,0.067,0.0255,2.8,377.0,3.82,2.5,38.0,0,Invisible Product
22836.0,0.0763,203.2,40.13,0.0957,0.0579,7.29,397.0,1.13,4.33,123.0,3,Low Engagement Product
28090.0,0.0648,144.71,26.42,0.0727,0.026,2.88,191.0,2.87,2.87,10.0,3,Low Engagement Product
14187.0,0.0816,70.53,12.42,0.0642,0.032,7.02,44.0,2.81,3.14,338.0,3,Low Engagement Product
22540.0,0.001,240.16,38.55,0.0069,0.0059,2.12,412.0,1.4,1.37,49.0,0,Invisible Product
35305.0,0.0783,143.3,22.85,0.0621,0.0368,5.45,122.0,6.1,3.08,133.0,3,Low Engagement Product
15375.0,0.0506,388.4,73.88,0.094,0.0416,3.49,721.0,4.01,3.08,48.0,2,Attract but Don't Convert
5376.0,0.0437,121.62,22.37,0.0426,0.011,2.34,255.0,2.8,1.54,41.0,0,Invisible Product
41727.0,0.031,249.69,55.28,0.0426,0.0241,3.17,429.0,3.48,3.5,7.0,0,Invisible Product
40686.0,0.1643,454.94,78.97,0.0372,0.0167,2.88,844.0,7.07,2.11,424.0,4,Trust Issue Product
37596.0,0.0674,358.53,57.86,0.1206,0.0775,4.53,568.0,5.53,4.42,266.0,2,Attract but Don't Convert
19108.0,0.0917,438.63,81.76,0.1105,0.0504,5.01,803.0,8.1,4.3,22.0,2,Attract but Don't Convert
5838.0,0.0223,437.17,65.35,0.0598,0.0193,1.77,824.0,1.72,1.59,13.0,0,Invisible Product
32502.0,0.1005,180.39,30.15,0.0637,0.0359,8.65,351.0,6.12,4.17,237.0,3,Low Engagement Product
5893.0,0.0058,407.66,54.51,0.0501,0.0251,2.7,683.0,2.7,2.35,45.0,0,Invisible Product
37391.0,0.2014,390.87,68.87,0.0142,0.0131,7.24,813.0,6.07,2.92,203.0,4,Trust Issue Product
5671.0,0.2274875,314.89,57.0,0.033,0.0183,7.65,551.0,8.76,3.45,971.0,4,Trust Issue Product
31431.0,0.0498,323.82,57.3,0.0229,0.0063,2.04,668.0,2.92,1.75,12.0,0,Invisible Product
16309.0,0.1164,469.16,76.56,0.0753,0.057,7.87,890.0,8.78,4.05,971.0,1,High Performer
48114.0,0.0864,46.89,10.08,0.0933,0.058,9.21,48.0,3.99,4.24,51.0,3,Low Engagement Product
25494.0,0.0294,297.27,54.2,0.0471,0.0207,3.3,562.0,3.94,3.13,6.0,0,Invisible Product
43248.0,0.0112,41.6,12.03,0.0744,0.0331,3.73,38.0,2.51,3.4,14.0,3,Low Engagement Product
25782.0,0.0772,116.3,19.27,0.0335,0.0286,8.03,167.0,3.45,3.33,430.0,3,Low Engagement Product
2324.0,0.0261,265.78,43.92,0.0532,0.0206,2.47,490.0,2.31,1.35,37.0,0,Invisible Product
41257.0,0.1061,282.64,49.23,0.0325,0.0197,7.95,510.0,2.36,3.88,194.0,4,Trust Issue Product
48795.0,0.0208,167.11,34.16,0.0702,0.0275,1.08,302.0,1.5,2.5,43.0,0,Invisible Product
44552.0,0.0548,465.66,87.46,0.0544,0.028,1.18,881.0,3.09,3.03,42.0,2,Attract but Don't Convert
43508.0,0.0619,485.46,74.75,0.0596,0.0271,7.96,872.0,4.29,4.12,44.0,2,Attract but Don't Convert
32541.0,0.1168,436.27,75.77,0.1019,0.06,8.24,831.0,7.19,4.34,225.0,2,Attract but Don't Convert
41530.0,0.0776,408.23,55.28,0.0882,0.0392,4.58,694.0,4.3,3.14,46.0,2,Attract but Don't Convert
39229.0,0.1373,115.43,26.01,0.1249,0.093,9.07,132.0,8.93,4.4,971.0,1,High Performer
34816.0,0.1475,283.43,47.17,0.1235,0.0667,9.9,474.0,9.37,4.31,84.0,1,High Performer
44959.0,0.0748,370.65,68.37,0.0721,0.0477,5.51,681.0,5.13,4.09,259.0,2,Attract but Don't Convert
26686.0,0.0596,185.48,43.93,0.0861,0.0475,7.62,349.0,3.51,3.8,475.0,3,Low Engagement Product
44860.0,0.0174,168.98,34.13,0.0273,0.0097,3.16,274.0,2.8,3.06,17.0,0,Invisible Product
23578.0,0.0434,374.18,60.02,0.0678,0.0345,2.3,618.0,1.6,3.09,136.0,0,Invisible Product
6418.0,0.0936,222.5,33.82,0.097,0.0476,5.44,418.0,8.81,4.04,29.0,3,Low Engagement Product
28794.0,0.1015,476.38,79.59,0.097,0.068,7.48,881.0,7.18,4.72,344.0,2,Attract but Don't Convert
20280.0,0.025,326.34,55.29,0.0078,0.0001,3.45,629.0,1.65,2.1,35.0,0,Invisible Product
12280.0,0.0953,485.94,78.65,0.0711,0.0427,5.09,928.0,10.0,3.67,459.0,2,Attract but Don't Convert
33102.0,0.0089,299.5,42.49,0.0703,0.0213,2.63,527.0,2.46,1.56,30.0,0,Invisible Product
15472.0,0.1689,368.79,61.89,0.1106,0.083,9.76,663.0,8.66,4.3,971.0,1,High Performer
29896.0,0.1801,274.84,44.37,0.0114,0.0038,2.53,485.0,6.42,3.18,225.0,4,Trust Issue Product
24527.0,0.139,463.63,73.45,0.0956,0.0723,8.74,843.0,7.96,4.25,971.0,1,High Performer
33390.0,0.1621,252.09,38.91,0.1062,0.0658,9.88,426.0,8.84,4.12,356.0,1,High Performer
28199.0,0.1205,337.44,66.79,0.081,0.0651,7.01,628.0,8.67,5.0,971.0,1,High Performer
45586.0,0.0699,102.97,13.88,0.0381,0.0332,8.05,117.0,1.74,3.05,256.0,3,Low Engagement Product
9921.0,0.1015,165.16,32.59,0.0727,0.0467,7.19,309.0,5.72,3.86,217.0,3,Low Engagement Product
5932.0,0.0159,468.33,79.92,0.0307,0.0138,2.09,887.0,1.1,1.97,3.0,0,Invisible Product
12920.0,0.0784,399.71,69.4,0.1171,0.064,4.56,758.0,3.27,3.67,160.0,2,Attract but Don't Convert
16311.0,0.1092,375.45,72.72,0.0852,0.0488,7.1,676.0,4.47,3.64,448.0,2,Attract but Don't Convert
39990.0,0.053,69.96,13.82,0.0525,0.0185,2.29,175.0,3.32,2.88,12.0,3,Low Engagement Product
5942.0,0.0301,422.51,75.2,0.0797,0.0537,4.62,801.0,3.79,3.78,322.0,2,Attract but Don't Convert
1416.0,0.0683,129.63,28.84,0.03,0.0137,3.31,181.0,3.99,3.19,443.0,3,Low Engagement Product
46068.0,0.0664,400.9,62.7,0.0582,0.0301,2.51,643.0,2.92,3.48,38.0,0,Invisible Product
17608.0,0.0567,461.99,89.68,0.0384,0.0129,2.92,862.0,3.01,2.39,29.0,0,Invisible Product
22105.0,0.1097,366.36,73.86,0.0786,0.0429,8.32,716.0,3.67,4.4,175.0,2,Attract but Don't Convert
15306.0,0.0791,411.49,65.34,0.1137,0.0671,7.72,736.0,4.77,4.06,312.0,2,Attract but Don't Convert
19071.0,0.0363,74.39,18.21,0.0794,0.043,5.1,116.0,1.0,3.13,117.0,3,Low Engagement Product
25699.0,0.0583,200.84,45.49,0.0114,0.0095,2.16,396.0,2.11,1.49,18.0,0,Invisible Product
22156.0,0.0319,326.65,56.24,0.001,0.001,1.01,586.0,1.46,1.1,3.0,0,Invisible Product
1478.0,0.0876,290.95,46.97,0.046,0.0244,6.53,469.0,5.81,3.12,358.0,3,Low Engagement Product
1619.0,0.0499,81.97,30.96,0.0684,0.0235,3.85,136.0,3.53,3.36,0.0,3,Low Engagement Product
22261.0,0.0886,337.77,64.92,0.0792,0.0401,4.59,624.0,7.17,3.32,137.0,2,Attract but Don't Convert
40803.0,0.0462,455.86,86.24,0.0801,0.0404,5.75,824.0,1.2,3.36,167.0,2,Attract but Don't Convert
38961.0,0.0303,541.95,88.16,0.0269,0.0066,1.83,983.0,2.2,2.21,39.0,0,Invisible Product
5455.0,0.1142,426.02,69.51,0.0826,0.0553,5.82,735.0,1.02,3.74,461.0,2,Attract but Don't Convert
9183.0,0.1177,422.55,76.71,0.1001,0.0703,9.82,813.0,7.75,4.47,971.0,1,High Performer
38442.0,0.001,290.0,55.44,0.0799,0.0295,2.6,525.0,1.07,2.79,31.0,0,Invisible Product
20556.0,0.0509,90.61,25.05,0.0967,0.0566,4.16,208.0,4.39,3.8,358.0,3,Low Engagement Product
13424.0,0.09,269.61,44.98,0.0447,0.0284,5.0,495.0,5.52,3.22,245.0,3,Low Engagement Product
2357.0,0.0619,180.03,33.29,0.0215,0.0121,2.86,342.0,3.79,2.65,11.0,0,Invisible Product
27464.0,0.0247,340.31,58.58,0.0648,0.0255,3.65,615.0,2.51,3.23,11.0,0,Invisible Product
25072.0,0.0349,542.21,80.92,0.0241,0.0067,2.95,989.0,2.71,1.67,19.0,0,Invisible Product
46279.0,0.0835,143.3,27.77,0.0783,0.0572,5.07,199.0,3.76,4.46,131.0,3,Low Engagement Product
26754.0,0.0478,409.31,63.0,0.0744,0.0425,5.67,805.0,1.0,4.24,308.0,2,Attract but Don't Convert
15333.0,0.2274875,122.03,18.2,0.0194,0.0091,7.68,200.0,6.9,2.01,383.0,4,Trust Issue Product
15987.0,0.0706,528.22,94.27,0.0453,0.0217,4.59,978.0,7.0,3.42,242.0,2,Attract but Don't Convert
29420.0,0.0482,388.5,67.34,0.0839,0.0353,1.2,712.0,1.48,2.1,10.0,0,Invisible Product
20908.0,0.0334,422.93,77.21,0.0547,0.0302,3.89,814.0,1.77,3.28,48.0,2,Attract but Don't Convert
30254.0,0.1262,190.49,36.05,0.1062,0.061,8.15,306.0,8.53,4.05,410.0,1,High Performer
34873.0,0.1106,292.32,59.18,0.0792,0.057,9.94,494.0,9.07,4.08,971.0,1,High Performer
27847.0,0.0362,344.71,67.0,0.0225,0.0001,2.89,637.0,2.57,2.46,29.0,0,Invisible Product
10960.0,0.1022,340.19,71.24,0.0309,0.0119,3.1,660.0,2.99,1.18,48.0,0,Invisible Product
42938.0,0.0749,178.05,29.78,0.0697,0.0315,4.21,281.0,1.0,4.37,420.0,3,Low Engagement Product
42256.0,0.1171,283.75,52.75,0.0841,0.0509,4.93,542.0,10.0,3.47,490.0,1,High Performer
18256.0,0.14,146.95,17.27,0.0831,0.0408,6.42,181.0,7.93,3.48,91.0,3,Low Engagement Product
20460.0,0.0596,230.26,55.19,0.0218,0.0013,3.71,506.0,2.63,1.49,43.0,0,Invisible Product
18235.0,0.1185,523.0,93.55,0.0855,0.0456,6.6,999.0,3.0,3.53,73.0,2,Attract but Don't Convert
25451.0,0.0561,501.19,84.66,0.0878,0.0366,2.91,978.0,2.79,3.07,15.0,2,Attract but Don't Convert
30599.0,0.1232,144.25,23.17,0.072,0.0344,7.13,200.0,5.72,3.09,361.0,3,Low Engagement Product
47477.0,0.0374,430.67,71.73,0.0634,0.0404,4.38,744.0,6.23,3.71,296.0,2,Attract but Don't Convert
23654.0,0.0829,260.91,47.93,0.1027,0.0619,4.12,488.0,5.91,4.32,213.0,3,Low Engagement Product
49231.0,0.0304,413.74,70.92,0.0437,0.0184,2.26,805.0,3.42,1.59,30.0,0,Invisible Product
19704.0,0.2274875,62.88,11.23,0.0354,0.0127,3.4,40.0,1.51,2.34,27.0,4,Trust Issue Product
17023.0,0.0524,141.21,31.49,0.0639,0.0234,1.71,294.0,3.88,1.56,43.0,0,Invisible Product
47691.0,0.0644,174.43,34.31,0.0639,0.0374,2.33,279.0,2.56,3.17,48.0,3,Low Engagement Product
8647.0,0.0808,205.32,37.03,0.1261,0.0685,6.44,352.0,1.54,4.41,96.0,3,Low Engagement Product
44383.0,0.2274875,268.12,34.41,0.0233,0.0127,6.76,485.0,4.9,2.67,166.0,4,Trust Issue Product
33102.0,0.001,80.72,20.35,0.041,0.016,1.93,135.0,2.44,1.2,28.0,0,Invisible Product
14662.0,0.0554,203.78,41.05,0.0733,0.0371,5.21,432.0,2.73,3.61,396.0,3,Low Engagement Product
7580.0,0.094,327.48,57.82,0.0841,0.0447,7.31,556.0,3.23,3.47,106.0,2,Attract but Don't Convert
26772.0,0.0673,528.09,88.49,0.0327,0.0103,4.4,971.0,2.88,3.32,368.0,2,Attract but Don't Convert
4313.0,0.0868,460.84,75.63,0.1282,0.0836,8.18,864.0,3.21,3.81,229.0,2,Attract but Don't Convert
10393.0,0.1723,427.09,69.51,0.0311,0.0232,7.56,785.0,6.39,3.06,219.0,4,Trust Issue Product
34541.0,0.149,515.99,89.1,0.1178,0.0706,9.23,978.0,8.45,4.13,971.0,1,High Performer
2200.0,0.1156,520.64,85.16,0.0682,0.0504,7.94,942.0,7.29,4.21,619.0,2,Attract but Don't Convert
44717.0,0.1715,513.53,86.34,0.0131,0.0067,7.82,975.0,2.49,2.83,117.0,4,Trust Issue Product
28272.0,0.0697,400.37,68.76,0.0325,0.0047,3.78,742.0,3.61,1.45,40.0,0,Invisible Product
20232.0,0.2274875,450.95,78.94,0.0305,0.0048,7.88,836.0,7.13,2.12,223.0,4,Trust Issue Product
18299.0,0.168,448.3,69.88,0.1373,0.097,9.37,852.0,9.08,4.74,688.0,1,High Performer
36709.0,0.0637,504.64,93.32,0.0867,0.0567,9.01,953.0,2.67,3.87,157.0,2,Attract but Don't Convert
43065.0,0.0798,462.37,77.34,0.0705,0.0421,2.55,870.0,3.69,3.18,21.0,2,Attract but Don't Convert
8116.0,0.0931,499.8,93.11,0.1,0.0592,5.32,967.0,4.31,3.91,217.0,2,Attract but Don't Convert
39879.0,0.2274875,148.94,42.45,0.0346,0.0143,9.38,276.0,9.45,3.11,565.0,4,Trust Issue Product
37361.0,0.0011,119.55,27.77,0.0683,0.0408,1.93,187.0,2.27,3.25,44.0,3,Low Engagement Product
31981.0,0.0842,457.94,69.86,0.0965,0.0474,5.95,868.0,6.22,4.31,67.0,2,Attract but Don't Convert
17158.0,0.0359,327.17,48.34,0.0891,0.0519,2.5,552.0,1.0,4.14,253.0,2,Attract but Don't Convert
24572.0,0.2274875,319.26,61.46,0.0342,0.0198,4.46,617.0,9.54,3.26,66.0,4,Trust Issue Product
41446.0,0.0452,35.84,10.0,0.0674,0.0407,6.18,34.0,1.0,3.57,80.0,3,Low Engagement Product
35026.0,0.0454,68.19,22.9,0.0227,0.0028,3.12,69.0,2.11,1.44,48.0,0,Invisible Product
34932.0,0.1556,199.46,32.13,0.0988,0.0646,8.48,323.0,8.94,4.78,284.0,1,High Performer
36121.0,0.069,280.22,53.27,0.061,0.0366,3.53,506.0,5.3,3.36,269.0,2,Attract but Don't Convert
24187.0,0.0655,263.87,44.25,0.0937,0.0319,3.83,435.0,8.55,3.26,51.0,3,Low Engagement Product
12928.0,0.1362,189.91,36.1,0.0755,0.0319,5.56,324.0,7.12,3.16,367.0,3,Low Engagement Product
31228.0,0.1135,120.13,30.39,0.1122,0.0621,8.31,215.0,9.38,4.02,482.0,1,High Performer
1501.0,0.0994,476.72,65.98,0.1007,0.0659,7.35,895.0,9.15,4.27,436.0,2,Attract but Don't Convert
19743.0,0.0581,460.9,76.39,0.0494,0.0253,6.43,832.0,3.26,3.05,43.0,2,Attract but Don't Convert
15293.0,0.172,458.95,80.03,0.0232,0.0173,7.11,819.0,1.66,2.31,493.0,4,Trust Issue Product
26953.0,0.0449,252.39,36.68,0.0069,0.0042,1.44,407.0,3.81,1.57,28.0,0,Invisible Product
44964.0,0.1644,421.87,75.35,0.0874,0.0669,7.35,776.0,7.61,4.44,283.0,2,Attract but Don't Convert
20407.0,0.0449,525.25,87.25,0.101,0.0633,5.38,980.0,2.99,3.81,362.0,2,Attract but Don't Convert
37082.0,0.0855,483.8,77.45,0.1168,0.0753,4.31,884.0,4.17,4.11,202.0,2,Attract but Don't Convert
19711.0,0.079,234.43,46.68,0.0563,0.0217,1.94,474.0,3.39,2.33,0.0,0,Invisible Product
43891.0,0.0767,381.65,75.52,0.0981,0.0584,8.01,732.0,3.35,3.6,377.0,2,Attract but Don't Convert
12050.0,0.0684,397.97,68.77,0.0673,0.0473,5.46,724.0,3.93,3.58,418.0,2,Attract but Don't Convert
10804.0,0.0596,443.78,73.09,0.0572,0.0351,3.79,867.0,3.35,3.19,438.0,2,Attract but Don't Convert
43211.0,0.0499,391.53,65.62,0.0894,0.0443,2.55,677.0,5.31,3.45,151.0,2,Attract but Don't Convert
11967.0,0.0334,215.85,36.55,0.0945,0.0601,5.76,329.0,3.53,4.39,276.0,3,Low Engagement Product
2845.0,0.1539,92.16,27.33,0.0371,0.0167,8.56,146.0,7.27,2.1,971.0,4,Trust Issue Product
3966.0,0.1418,108.87,25.16,0.1038,0.0694,8.75,194.0,9.74,4.43,971.0,1,High Performer
32345.0,0.0145,115.1,27.54,0.0166,0.0023,1.47,153.0,1.96,1.13,20.0,0,Invisible Product
44824.0,0.1202,46.96,17.14,0.0888,0.0652,8.32,85.0,7.83,4.05,971.0,1,High Performer
5918.0,0.0763,238.8,44.95,0.0885,0.0408,4.5,412.0,6.51,3.74,130.0,3,Low Engagement Product
48961.0,0.1466,578.11,84.96,0.1097,0.0825,9.83,983.0,8.13,4.51,971.0,1,High Performer
30216.0,0.1099,201.83,43.56,0.0585,0.0305,9.84,384.0,7.21,3.31,445.0,3,Low Engagement Product
15593.0,0.0431,163.36,43.95,0.0818,0.0435,5.76,298.0,1.0,4.0,263.0,3,Low Engagement Product
28138.0,0.1277,406.15,80.77,0.0681,0.0416,8.97,777.0,7.67,4.29,275.0,2,Attract but Don't Convert
20547.0,0.0745,203.04,35.01,0.0843,0.0505,7.66,382.0,7.53,4.19,193.0,3,Low Engagement Product
30531.0,0.0819,397.05,62.9,0.0619,0.0452,6.69,768.0,4.88,3.61,262.0,2,Attract but Don't Convert
18008.0,0.0479,159.38,27.08,0.0287,0.0124,6.18,190.0,2.04,4.24,273.0,3,Low Engagement Product
29436.0,0.0489,66.25,14.38,0.1164,0.0541,2.3,70.0,2.6,3.36,30.0,3,Low Engagement Product
41092.0,0.1289,221.69,33.51,0.0909,0.0705,7.03,347.0,9.5,4.67,971.0,1,High Performer
4125.0,0.0554,498.99,91.77,0.0248,0.009,2.54,890.0,1.47,1.91,26.0,0,Invisible Product
20193.0,0.2274875,335.92,80.16,0.0272,0.0194,1.2,684.0,1.19,3.19,34.0,4,Trust Issue Product
6255.0,0.1097,320.11,49.8,0.0692,0.0377,7.77,611.0,8.5,4.08,67.0,2,Attract but Don't Convert
46707.0,0.0586,486.86,82.09,0.0021,0.002,3.58,950.0,3.71,1.26,7.0,0,Invisible Product
33587.0,0.1564,59.35,16.66,0.0743,0.0369,7.71,164.0,9.7,3.14,325.0,3,Low Engagement Product
47758.0,0.0693,185.02,29.31,0.0727,0.0363,8.47,293.0,3.73,3.78,307.0,3,Low Engagement Product
21063.0,0.0605,123.07,29.53,0.0773,0.0438,5.55,174.0,4.67,4.2,153.0,3,Low Engagement Product
21036.0,0.1492,521.45,85.68,0.0822,0.0494,6.39,930.0,10.0,4.28,260.0,2,Attract but Don't Convert
4526.0,0.1286,302.98,56.32,0.081,0.0423,6.56,527.0,4.44,3.59,176.0,2,Attract but Don't Convert
23403.0,0.1503,411.85,86.04,0.13,0.0735,8.11,868.0,7.38,4.11,110.0,2,Attract but Don't Convert
45380.0,0.0754,206.96,42.25,0.001,0.0001,3.5,382.0,1.99,1.08,39.0,0,Invisible Product
27706.0,0.1205,189.41,32.8,0.1178,0.0738,4.92,344.0,10.0,4.45,360.0,1,High Performer
47932.0,0.0649,473.73,81.95,0.1158,0.0657,6.88,867.0,1.42,3.93,51.0,2,Attract but Don't Convert
28251.0,0.0822,313.94,63.39,0.0391,0.0092,1.92,674.0,3.96,2.17,7.0,0,Invisible Product
13867.0,0.0307,199.38,34.52,0.0367,0.0188,3.04,317.0,1.91,1.3,5.0,0,Invisible Product
11408.0,0.012,302.26,46.9,0.0503,0.024,1.99,513.0,2.3,2.58,14.0,0,Invisible Product
44345.0,0.0549,307.5,60.0,0.0308,0.0186,2.87,565.0,3.69,2.99,20.0,0,Invisible Product
45771.0,0.0477,175.52,38.35,0.1135,0.0777,6.32,323.0,1.0,4.22,411.0,3,Low Engagement Product
24870.0,0.2274875,296.56,53.09,0.0345,0.0178,3.29,486.0,2.69,2.96,386.0,4,Trust Issue Product
28672.0,0.2274875,463.83,79.17,0.0164,0.0057,4.16,923.0,5.92,3.21,400.0,4,Trust Issue Product
41548.0,0.0164,181.91,35.91,0.001,0.0001,1.59,258.0,1.25,1.08,36.0,0,Invisible Product
2304.0,0.1233,382.67,65.27,0.1201,0.0872,8.22,669.0,7.74,4.87,781.0,1,High Performer
27333.0,0.0793,433.71,77.56,0.0992,0.0584,6.94,785.0,2.19,4.41,397.0,2,Attract but Don't Convert
21829.0,0.0984,334.34,48.96,0.12,0.0897,8.73,536.0,9.1,4.9,795.0,1,High Performer
31231.0,0.1154,481.84,83.04,0.104,0.0551,8.06,903.0,4.02,4.07,105.0,2,Attract but Don't Convert
33970.0,0.1418,139.92,31.37,0.0625,0.0361,7.3,195.0,5.47,3.23,488.0,3,Low Engagement Product
38111.0,0.1944,481.04,85.27,0.0163,0.0077,5.09,904.0,5.72,2.85,467.0,4,Trust Issue Product
39482.0,0.0556,238.08,43.75,0.0899,0.0689,7.93,429.0,9.06,4.33,971.0,1,High Performer
49167.0,0.0702,413.07,72.33,0.0878,0.0568,2.03,745.0,6.72,4.22,295.0,2,Attract but Don't Convert
41575.0,0.001,215.43,35.87,0.054,0.0163,2.03,383.0,2.9,2.53,5.0,0,Invisible Product
46781.0,0.0594,52.25,16.78,0.0971,0.0426,2.9,42.0,1.83,3.04,28.0,3,Low Engagement Product
21707.0,0.1505,199.86,41.52,0.0326,0.0065,8.91,337.0,8.14,2.64,796.0,4,Trust Issue Product
25068.0,0.0365,293.9,55.78,0.0595,0.0209,2.01,544.0,1.87,2.1,24.0,0,Invisible Product
33498.0,0.001,506.69,83.53,0.0756,0.0346,2.04,924.0,3.36,3.4,22.0,2,Attract but Don't Convert
12008.0,0.1261,380.57,73.52,0.0729,0.0425,7.74,772.0,9.05,4.4,411.0,2,Attract but Don't Convert
26523.0,0.0207,163.6,33.4,0.0018,0.0017,3.7,295.0,2.05,1.28,37.0,0,Invisible Product
43715.0,0.019,322.03,58.99,0.0611,0.0166,1.09,623.0,1.07,1.81,26.0,0,Invisible Product
9271.0,0.0679,355.64,64.96,0.057,0.0319,4.6,639.0,4.49,3.39,187.0,2,Attract but Don't Convert
12821.0,0.1315,511.25,95.67,0.1198,0.0814,7.42,972.0,7.33,4.96,370.0,2,Attract but Don't Convert
49529.0,0.0858,125.62,30.79,0.0744,0.0511,4.25,248.0,7.62,4.31,251.0,3,Low Engagement Product
16716.0,0.0719,380.9,61.97,0.0536,0.0175,3.24,683.0,1.88,1.58,41.0,0,Invisible Product
42612.0,0.0699,98.05,15.41,0.0778,0.0409,6.6,127.0,1.65,3.29,236.0,3,Low Engagement Product
38558.0,0.052,440.73,72.33,0.0866,0.0612,7.34,820.0,1.0,4.37,310.0,2,Attract but Don't Convert
46269.0,0.1064,513.11,95.72,0.1081,0.0732,7.24,935.0,7.18,4.21,296.0,2,Attract but Don't Convert
7759.0,0.0835,527.94,96.14,0.1,0.0557,2.18,975.0,5.51,4.32,488.0,2,Attract but Don't Convert
43469.0,0.1432,122.84,30.4,0.0669,0.0245,6.76,195.0,8.55,3.35,55.0,3,Low Engagement Product
11804.0,0.0362,207.82,43.5,0.0902,0.0654,6.88,339.0,5.07,4.32,447.0,3,Low Engagement Product
32893.0,0.2224,209.89,31.74,0.0294,0.0188,2.96,305.0,1.13,3.44,22.0,4,Trust Issue Product
48252.0,0.0144,474.43,86.83,0.0583,0.0255,1.89,895.0,1.7,1.74,18.0,0,Invisible Product
46573.0,0.1201,228.93,43.5,0.0871,0.0435,8.18,348.0,4.08,3.88,55.0,3,Low Engagement Product
31326.0,0.1126,515.9,81.24,0.1095,0.0573,5.63,896.0,6.03,3.13,234.0,2,Attract but Don't Convert
23952.0,0.0803,422.6,65.84,0.0811,0.0297,4.81,772.0,3.22,4.4,14.0,2,Attract but Don't Convert
32182.0,0.0482,347.89,56.85,0.0131,0.0029,1.83,676.0,1.57,1.97,27.0,0,Invisible Product
22894.0,0.1144,211.55,42.04,0.0491,0.0311,5.96,375.0,4.72,3.29,275.0,3,Low Engagement Product
41520.0,0.0918,49.76,10.22,0.0754,0.0378,6.17,33.0,4.58,3.32,119.0,3,Low Engagement Product
13479.0,0.0656,177.4,35.17,0.0692,0.0354,2.85,294.0,2.99,3.12,33.0,3,Low Engagement Product
7106.0,0.0437,77.58,15.83,0.0734,0.0335,1.45,90.0,3.22,3.32,6.0,3,Low Engagement Product
8782.0,0.1381,477.3,72.13,0.1002,0.0773,7.75,846.0,7.85,4.99,641.0,1,High Performer
33940.0,0.0515,120.0,35.97,0.1308,0.0801,5.95,214.0,2.2,4.06,252.0,3,Low Engagement Product
32530.0,0.0539,479.36,75.44,0.1131,0.0619,4.34,884.0,5.17,3.87,160.0,2,Attract but Don't Convert
23191.0,0.0407,463.93,73.16,0.0481,0.021,3.49,831.0,3.7,3.34,12.0,2,Attract but Don't Convert
33083.0,0.2274875,498.48,85.72,0.0303,0.0133,9.47,947.0,7.44,3.17,971.0,4,Trust Issue Product
24089.0,0.0567,458.48,82.55,0.0937,0.0352,4.38,898.0,1.0,4.35,16.0,2,Attract but Don't Convert
10015.0,0.1058,296.89,45.51,0.0935,0.0537,2.38,542.0,7.33,3.46,323.0,2,Attract but Don't Convert
42652.0,0.1305,71.67,24.1,0.0651,0.0335,10.0,125.0,9.02,4.12,122.0,3,Low Engagement Product
19090.0,0.2274875,410.37,76.45,0.0171,0.0051,6.31,789.0,8.52,2.62,312.0,4,Trust Issue Product
24834.0,0.0817,497.63,93.92,0.0736,0.0469,6.48,912.0,5.01,4.49,357.0,2,Attract but Don't Convert
14924.0,0.1023,142.79,28.65,0.1097,0.0656,5.9,215.0,7.7,3.47,286.0,3,Low Engagement Product
36181.0,0.0716,126.24,22.63,0.0589,0.0364,6.14,164.0,2.64,3.24,168.0,3,Low Engagement Product
11133.0,0.0642,537.68,85.06,0.1121,0.07,9.24,996.0,1.0,4.48,498.0,2,Attract but Don't Convert
42836.0,0.0469,401.38,63.72,0.0934,0.0619,4.46,751.0,3.12,3.84,164.0,2,Attract but Don't Convert
16341.0,0.0767,194.3,38.6,0.0685,0.0402,6.56,369.0,4.49,3.22,422.0,3,Low Engagement Product
6039.0,0.1145,257.97,38.86,0.1197,0.0878,8.53,443.0,9.86,4.58,898.0,1,High Performer
47564.0,0.1073,264.31,53.31,0.0712,0.0404,8.28,490.0,8.2,4.25,403.0,1,High Performer
47662.0,0.0474,379.71,64.26,0.0432,0.0146,3.45,705.0,3.08,2.4,3.0,0,Invisible Product
35163.0,0.1192,133.2,34.94,0.0559,0.0306,6.98,235.0,10.0,4.42,81.0,3,Low Engagement Product
34564.0,0.0296,104.08,20.42,0.0581,0.0135,3.52,112.0,2.16,2.66,10.0,0,Invisible Product
11285.0,0.0928,124.68,33.97,0.0799,0.0464,4.38,279.0,5.25,4.32,146.0,3,Low Engagement Product
27145.0,0.0897,516.8,81.35,0.1474,0.0942,9.05,953.0,7.57,4.73,149.0,2,Attract but Don't Convert
44869.0,0.0622,329.98,60.76,0.0449,0.0151,3.96,594.0,2.77,1.87,49.0,0,Invisible Product
47218.0,0.1355,327.74,56.98,0.1115,0.0736,9.44,560.0,8.22,4.08,971.0,1,High Performer
19267.0,0.0465,408.55,64.82,0.0681,0.0326,3.28,806.0,2.16,2.52,20.0,0,Invisible Product
36512.0,0.0799,468.08,86.64,0.0724,0.0384,6.8,878.0,7.13,3.3,148.0,2,Attract but Don't Convert
21725.0,0.1094,173.44,38.69,0.0924,0.0464,6.07,304.0,10.0,3.08,159.0,3,Low Engagement Product
39288.0,0.1436,278.34,46.28,0.1129,0.0763,8.77,503.0,9.33,4.89,305.0,1,High Performer
27176.0,0.0148,505.35,90.68,0.0461,0.0199,1.35,950.0,2.07,1.76,20.0,0,Invisible Product
44705.0,0.004,215.91,39.19,0.1049,0.0507,2.63,391.0,2.0,2.87,42.0,3,Low Engagement Product
19129.0,0.1129,72.34,13.89,0.1122,0.0905,7.93,89.0,7.84,4.85,971.0,1,High Performer
23073.0,0.0882,253.78,43.6,0.0694,0.0422,5.4,398.0,6.88,3.56,369.0,3,Low Engagement Product
39221.0,0.1438,207.94,38.78,0.0989,0.0799,7.68,298.0,9.55,4.93,912.0,1,High Performer
31533.0,0.0743,415.77,78.59,0.0411,0.0069,3.77,762.0,3.1,1.77,44.0,0,Invisible Product
43409.0,0.0277,219.83,44.46,0.0758,0.0489,2.32,321.0,1.0,3.53,355.0,3,Low Engagement Product
2032.0,0.1507,138.12,23.97,0.0884,0.0427,10.0,274.0,8.93,3.61,59.0,3,Low Engagement Product
44354.0,0.1445,397.6,57.49,0.0731,0.0394,7.09,703.0,9.36,4.51,211.0,2,Attract but Don't Convert
1857.0,0.0403,515.75,84.89,0.0227,0.0157,2.6,963.0,3.27,3.2,41.0,0,Invisible Product
30822.0,0.1608,378.08,62.37,0.022,0.0114,5.93,711.0,4.08,3.36,110.0,4,Trust Issue Product
37953.0,0.001,183.76,44.99,0.0284,0.0149,2.31,283.0,1.12,1.36,25.0,0,Invisible Product
38505.0,0.0291,390.13,68.52,0.0528,0.0204,3.05,714.0,2.33,2.43,30.0,0,Invisible Product
1216.0,0.1756,444.51,77.19,0.1131,0.0733,9.62,853.0,9.21,4.32,342.0,1,High Performer
43627.0,0.0718,411.99,66.17,0.0747,0.037,3.88,736.0,2.97,3.01,177.0,2,Attract but Don't Convert
11791.0,0.0969,250.6,46.43,0.0799,0.0424,3.98,443.0,6.7,4.01,75.0,3,Low Engagement Product
592.0,0.0822,405.71,61.81,0.0774,0.0483,6.0,780.0,7.32,4.48,456.0,2,Attract but Don't Convert
27982.0,0.0989,162.21,33.07,0.1104,0.0623,8.08,232.0,9.17,4.51,211.0,3,Low Engagement Product
8911.0,0.1782,340.91,72.2,0.0178,0.0034,2.49,690.0,1.6,3.49,48.0,4,Trust Issue Product
27908.0,0.0315,544.36,78.47,0.0145,0.006,2.26,963.0,1.67,1.66,3.0,0,Invisible Product
24372.0,0.1967,107.63,22.43,0.012,0.0013,1.01,119.0,1.74,2.46,2.0,4,Trust Issue Product
28499.0,0.0515,416.18,80.08,0.0517,0.0217,1.63,848.0,1.01,1.37,38.0,0,Invisible Product
6574.0,0.2274875,119.78,23.14,0.0161,0.0081,7.25,131.0,4.83,3.34,251.0,4,Trust Issue Product
27056.0,0.077,195.2,38.76,0.1015,0.0533,6.96,327.0,4.82,3.73,156.0,3,Low Engagement Product
47253.0,0.157,337.35,60.45,0.0953,0.0778,9.35,697.0,7.23,4.73,918.0,1,High Performer
42606.0,0.0626,239.77,48.83,0.1021,0.0569,6.14,494.0,6.45,3.94,251.0,3,Low Engagement Product
14079.0,0.2274875,324.95,59.71,0.0399,0.0209,8.35,567.0,8.25,2.07,971.0,4,Trust Issue Product
44623.0,0.0407,73.65,12.04,0.1135,0.0675,4.98,131.0,5.58,3.43,125.0,3,Low Engagement Product
42665.0,0.0339,65.5,19.04,0.0897,0.0472,1.54,106.0,3.9,3.42,47.0,3,Low Engagement Product
28428.0,0.1778,133.11,29.01,0.017,0.0083,2.81,202.0,3.44,2.32,20.0,4,Trust Issue Product
47475.0,0.0534,348.12,57.48,0.0656,0.0204,2.49,616.0,3.17,1.3,37.0,0,Invisible Product
12967.0,0.1612,434.25,76.37,0.093,0.0563,9.91,800.0,8.05,4.35,971.0,1,High Performer
25951.0,0.0488,103.87,24.92,0.0546,0.0074,2.51,184.0,2.54,1.94,17.0,0,Invisible Product
31379.0,0.1431,432.0,75.63,0.1406,0.0969,9.98,834.0,7.7,4.08,971.0,1,High Performer
30627.0,0.0262,63.29,16.58,0.1004,0.0691,5.59,109.0,2.25,4.08,281.0,3,Low Engagement Product
7966.0,0.1472,271.61,54.29,0.0838,0.0394,5.49,474.0,8.63,3.3,141.0,2,Attract but Don't Convert
15549.0,0.1087,162.1,29.97,0.0674,0.031,7.86,257.0,2.29,3.1,314.0,3,Low Engagement Product
10785.0,0.2274875,314.47,49.96,0.0148,0.0048,3.03,553.0,1.41,2.24,32.0,4,Trust Issue Product
23644.0,0.1497,382.68,59.51,0.0932,0.0486,9.45,698.0,6.42,4.2,47.0,2,Attract but Don't Convert
5551.0,0.0782,405.26,62.12,0.0567,0.0305,3.31,746.0,4.28,3.26,144.0,2,Attract but Don't Convert
21742.0,0.1522,86.37,10.0,0.0996,0.0788,9.78,77.0,8.77,4.45,971.0,1,High Performer
41416.0,0.0587,312.45,52.6,0.0476,0.015,3.58,561.0,3.69,2.2,41.0,0,Invisible Product
40054.0,0.1343,514.18,83.99,0.1152,0.0736,10.0,933.0,8.18,4.1,192.0,2,Attract but Don't Convert
38970.0,0.0777,340.65,59.41,0.0345,0.0164,2.67,637.0,3.05,1.75,34.0,0,Invisible Product
31130.0,0.0549,224.77,39.5,0.0797,0.0353,1.33,421.0,5.63,4.31,23.0,3,Low Engagement Product
30973.0,0.0886,484.52,76.16,0.088,0.0409,8.5,861.0,2.06,3.07,213.0,2,Attract but Don't Convert
719.0,0.0963,369.61,69.19,0.1048,0.0503,3.06,698.0,5.36,4.06,94.0,2,Attract but Don't Convert
33750.0,0.126,468.31,85.62,0.0871,0.0572,7.23,881.0,6.47,3.97,253.0,2,Attract but Don't Convert
25472.0,0.0943,355.95,73.29,0.1002,0.0581,8.36,685.0,7.51,3.94,299.0,2,Attract but Don't Convert
3742.0,0.0294,498.74,78.84,0.0633,0.0269,3.1,858.0,2.38,3.28,31.0,2,Attract but Don't Convert
28101.0,0.0125,268.39,59.64,0.0624,0.0264,2.3,538.0,1.56,3.27,10.0,0,Invisible Product
34164.0,0.1448,157.65,28.02,0.1334,0.0892,8.15,216.0,9.97,4.39,971.0,1,High Performer
29390.0,0.1186,418.78,85.35,0.1024,0.0735,7.81,852.0,9.29,4.66,272.0,2,Attract but Don't Convert
14222.0,0.0555,54.94,18.14,0.0663,0.0368,7.17,65.0,1.25,3.44,158.0,3,Low Engagement Product
24920.0,0.0222,319.31,54.14,0.0235,0.0098,1.18,549.0,2.4,1.05,38.0,0,Invisible Product
2995.0,0.2253,271.59,33.33,0.0309,0.0139,9.65,416.0,5.44,2.53,136.0,4,Trust Issue Product
5466.0,0.0218,367.22,63.98,0.0513,0.0146,1.18,684.0,2.43,2.63,30.0,0,Invisible Product
8811.0,0.0488,416.69,69.55,0.0337,0.0172,1.08,795.0,2.84,1.19,29.0,0,Invisible Product
19696.0,0.0986,80.57,15.61,0.1124,0.0733,7.42,93.0,8.63,3.15,429.0,3,Low Engagement Product
18893.0,0.0689,280.52,51.07,0.0769,0.0403,8.31,435.0,4.82,3.41,497.0,3,Low Engagement Product
8299.0,0.2121,371.4,66.2,0.0281,0.0076,2.76,676.0,3.39,2.84,37.0,4,Trust Issue Product
10817.0,0.0572,356.72,65.66,0.0848,0.0445,6.26,633.0,4.08,3.61,328.0,2,Attract but Don't Convert
36291.0,0.095,194.2,41.18,0.1424,0.0861,6.13,354.0,6.38,4.38,307.0,1,High Performer
10311.0,0.0805,481.18,74.46,0.1086,0.075,6.82,866.0,4.98,4.03,442.0,2,Attract but Don't Convert
45650.0,0.0947,324.67,71.81,0.0412,0.0145,8.2,652.0,7.89,3.04,80.0,2,Attract but Don't Convert
23460.0,0.0607,408.55,65.7,0.1182,0.0783,3.77,707.0,7.84,4.38,94.0,2,Attract but Don't Convert
21642.0,0.1017,353.58,62.72,0.0729,0.0508,7.29,594.0,5.79,4.08,147.0,2,Attract but Don't Convert
31412.0,0.0857,227.92,43.35,0.0703,0.0447,4.23,315.0,4.8,3.74,286.0,3,Low Engagement Product
45342.0,0.0348,108.04,11.44,0.0408,0.0218,2.75,103.0,3.78,3.17,45.0,3,Low Engagement Product
36535.0,0.0953,36.21,12.26,0.1199,0.0684,6.73,34.0,6.2,3.69,122.0,3,Low Engagement Product
28347.0,0.2274875,502.31,84.37,0.0324,0.0151,5.17,886.0,6.21,3.08,473.0,4,Trust Issue Product
22457.0,0.0808,129.1,20.84,0.1092,0.0506,6.86,153.0,4.32,3.83,72.0,3,Low Engagement Product
41145.0,0.0708,264.01,63.45,0.0803,0.0331,3.35,497.0,1.4,2.62,19.0,0,Invisible Product
27791.0,0.1156,360.17,63.5,0.1005,0.0462,5.68,652.0,3.06,3.75,98.0,2,Attract but Don't Convert
12524.0,0.1026,140.73,40.14,0.0926,0.0559,7.8,338.0,7.08,4.44,356.0,3,Low Engagement Product
18952.0,0.1939,207.91,52.06,0.0296,0.0187,3.95,411.0,3.27,3.35,86.0,4,Trust Issue Product
22701.0,0.1035,295.42,42.94,0.0778,0.0492,5.72,498.0,6.93,3.89,392.0,3,Low Engagement Product
18120.0,0.0536,392.2,60.52,0.0558,0.0359,2.62,659.0,4.21,3.37,128.0,2,Attract but Don't Convert
8255.0,0.1388,240.0,36.17,0.0811,0.0407,8.16,387.0,8.53,4.0,63.0,3,Low Engagement Product
3683.0,0.1355,224.11,43.04,0.1503,0.1134625,9.84,386.0,8.57,4.48,971.0,1,High Performer
15615.0,0.035,162.84,42.74,0.0393,0.0127,3.34,307.0,1.8,2.17,39.0,0,Invisible Product
36877.0,0.0767,458.89,71.33,0.1177,0.08,7.54,832.0,1.5,4.5,315.0,2,Attract but Don't Convert
19810.0,0.0415,190.17,34.71,0.1136,0.0515,1.46,397.0,3.43,3.39,25.0,3,Low Engagement Product
43278.0,0.0735,395.8,67.78,0.0914,0.0563,6.18,711.0,4.91,3.42,292.0,2,Attract but Don't Convert
24632.0,0.1123,252.97,55.36,0.076,0.0412,5.29,482.0,9.35,4.02,238.0,3,Low Engagement Product
18701.0,0.0427,351.61,55.1,0.0469,0.0228,1.74,613.0,3.61,2.87,10.0,0,Invisible Product
5067.0,0.2274875,62.08,10.0,0.0167,0.0111,7.51,32.0,9.55,2.24,971.0,4,Trust Issue Product
18853.0,0.0745,296.19,62.31,0.1273,0.0651,6.36,555.0,3.72,3.73,145.0,2,Attract but Don't Convert
20122.0,0.1542,142.18,23.99,0.1428,0.1134625,9.32,187.0,8.83,4.95,620.0,1,High Performer
43563.0,0.072,139.42,36.3,0.0816,0.0446,4.47,289.0,6.3,3.18,423.0,3,Low Engagement Product
9235.0,0.1167,522.13,96.11,0.0914,0.0678,9.55,990.0,7.99,4.19,971.0,1,High Performer
5822.0,0.0975,90.32,19.71,0.1058,0.0803,7.5,89.0,7.47,4.42,971.0,1,High Performer
27513.0,0.2274875,210.93,37.13,0.025,0.0021,1.81,337.0,2.34,2.87,1.0,4,Trust Issue Product
27336.0,0.0325,216.39,36.76,0.0957,0.0683,3.58,395.0,3.39,4.44,488.0,3,Low Engagement Product
15614.0,0.0415,101.64,15.98,0.026,0.0044,3.63,108.0,1.27,1.97,38.0,0,Invisible Product
43996.0,0.1109,408.38,69.35,0.0633,0.0313,8.87,720.0,5.49,3.5,132.0,2,Attract but Don't Convert
37312.0,0.0471,144.53,38.3,0.091,0.0546,4.62,276.0,5.22,3.99,208.0,3,Low Engagement Product
40486.0,0.1653,145.76,26.48,0.0903,0.0598,9.75,236.0,9.78,4.85,276.0,1,High Performer
20431.0,0.1325,268.4,44.57,0.0829,0.0446,4.91,469.0,9.42,4.11,39.0,3,Low Engagement Product
18160.0,0.087,490.11,85.46,0.0811,0.0256,6.3,913.0,4.63,3.59,27.0,2,Attract but Don't Convert
1296.0,0.1424,327.73,51.22,0.1017,0.0632,9.18,563.0,9.7,4.04,971.0,1,High Performer
12397.0,0.0342,101.74,25.0,0.0837,0.0377,3.31,160.0,2.58,2.9,16.0,3,Low Engagement Product
2887.0,0.08,152.72,20.12,0.0508,0.0224,4.34,180.0,7.56,3.39,32.0,3,Low Engagement Product
23916.0,0.1594,47.62,15.38,0.0153,0.0087,4.59,51.0,2.26,2.83,47.0,4,Trust Issue Product
40795.0,0.1002,428.82,75.84,0.1247,0.0797,6.3,843.0,5.08,4.43,246.0,2,Attract but Don't Convert
19802.0,0.0541,110.97,24.25,0.0599,0.0158,2.8,171.0,2.88,1.05,23.0,0,Invisible Product
25342.0,0.0728,474.08,84.27,0.0734,0.0378,7.38,878.0,7.58,4.35,194.0,2,Attract but Don't Convert
2276.0,0.0589,145.93,31.84,0.0664,0.0428,5.93,279.0,5.87,3.87,257.0,3,Low Engagement Product
20227.0,0.0585,397.35,71.78,0.0983,0.0573,8.42,747.0,1.59,4.07,370.0,2,Attract but Don't Convert
41660.0,0.1101,154.2,30.38,0.1038,0.0798,8.57,298.0,7.35,4.59,971.0,1,High Performer
27328.0,0.2274875,196.06,31.58,0.0176,0.0073,4.91,304.0,3.32,2.69,39.0,4,Trust Issue Product
20308.0,0.0386,340.95,54.84,0.0552,0.023,4.0,629.0,2.59,3.35,128.0,0,Invisible Product
28582.0,0.1465,450.28,84.57,0.1159,0.0819,9.89,936.0,8.52,4.34,971.0,1,High Performer
9271.0,0.149,331.26,56.34,0.0999,0.0741,8.14,561.0,7.47,4.49,706.0,1,High Performer
35319.0,0.0195,317.09,61.61,0.0197,0.0082,2.25,621.0,1.91,1.16,29.0,0,Invisible Product
33496.0,0.1104,166.84,31.84,0.0872,0.063,7.26,167.0,9.9,4.94,835.0,1,High Performer
42689.0,0.0866,353.83,66.38,0.1144,0.0751,8.43,675.0,6.13,4.49,295.0,2,Attract but Don't Convert
40646.0,0.1058,61.43,14.72,0.0838,0.066,7.79,86.0,9.07,4.02,971.0,1,High Performer
3796.0,0.1387,515.21,98.75,0.0945,0.063,7.27,964.0,9.74,4.08,872.0,1,High Performer
20158.0,0.0847,425.71,77.11,0.1213,0.091,5.54,888.0,3.74,4.45,465.0,2,Attract but Don't Convert
20413.0,0.0748,333.31,58.12,0.0723,0.0488,3.58,589.0,4.72,4.29,469.0,2,Attract but Don't Convert
19249.0,0.0615,523.52,92.28,0.0919,0.0499,5.34,959.0,5.66,4.37,83.0,2,Attract but Don't Convert
45840.0,0.1254,454.13,77.75,0.0653,0.0445,8.77,812.0,8.97,4.2,532.0,2,Attract but Don't Convert
41175.0,0.0386,184.61,23.4,0.0564,0.0371,3.35,298.0,2.82,3.15,36.0,3,Low Engagement Product
5056.0,0.1167,415.32,74.75,0.1147,0.0673,5.72,767.0,5.26,3.86,80.0,2,Attract but Don't Convert
10295.0,0.1222,230.65,44.21,0.0691,0.0435,7.21,462.0,8.29,4.38,971.0,1,High Performer
17176.0,0.0618,497.86,79.47,0.0819,0.0407,4.43,916.0,3.52,3.55,432.0,2,Attract but Don't Convert
1205.0,0.1274,471.16,72.32,0.1342,0.0984,7.79,884.0,8.46,4.47,971.0,1,High Performer
15517.0,0.1183,230.46,44.21,0.0931,0.0637,7.08,418.0,9.84,3.51,282.0,1,High Performer
24829.0,0.1748,82.84,19.5,0.0396,0.0229,3.07,147.0,6.32,3.04,489.0,3,Low Engagement Product
47056.0,0.1231,217.6,40.19,0.0708,0.0462,8.21,356.0,9.48,4.04,971.0,1,High Performer
30199.0,0.1436,274.05,45.69,0.0734,0.0617,7.74,501.0,7.6,4.88,482.0,1,High Performer
32698.0,0.0835,362.36,87.07,0.1284,0.0874,6.15,740.0,7.31,4.44,334.0,2,Attract but Don't Convert
30061.0,0.0617,509.04,85.32,0.0199,0.0052,3.87,967.0,3.85,1.11,5.0,0,Invisible Product
12702.0,0.1535,117.09,32.2,0.0745,0.0461,9.98,205.0,8.71,4.76,291.0,3,Low Engagement Product
9356.0,0.1257,141.52,30.75,0.0775,0.0584,7.34,188.0,9.64,4.27,968.0,1,High Performer
20684.0,0.0556,378.18,71.11,0.0572,0.0289,5.81,703.0,1.26,3.66,371.0,2,Attract but Don't Convert
47080.0,0.0804,164.25,28.03,0.0764,0.0418,6.34,279.0,4.92,3.91,222.0,3,Low Engagement Product
34781.0,0.0935,404.17,78.48,0.1423,0.0954,7.44,736.0,7.47,4.26,665.0,1,High Performer
25892.0,0.0904,555.0,90.04,0.1117,0.0695,4.34,983.0,3.09,4.21,488.0,2,Attract but Don't Convert
22004.0,0.066,371.12,65.27,0.0974,0.0566,7.93,666.0,1.82,4.05,445.0,2,Attract but Don't Convert
43461.0,0.0979,302.71,55.76,0.1143,0.0713,7.58,577.0,8.96,4.03,326.0,1,High Performer
34640.0,0.0497,261.86,52.11,0.1277,0.0816,2.98,526.0,5.58,4.3,344.0,2,Attract but Don't Convert
26636.0,0.1515,326.6,53.45,0.1137,0.0846,7.32,540.0,9.33,4.4,971.0,1,High Performer
19264.0,0.1148,225.96,41.51,0.1186,0.0564,4.14,490.0,5.1,3.91,150.0,3,Low Engagement Product
13096.0,0.0262,119.57,25.69,0.0437,0.0249,1.17,180.0,1.33,2.7,48.0,0,Invisible Product
2971.0,0.126,230.99,38.64,0.0728,0.0329,6.4,308.0,8.3,3.87,247.0,3,Low Engagement Product
46102.0,0.1121,173.95,35.86,0.0618,0.0284,6.21,359.0,3.81,3.56,16.0,3,Low Engagement Product
49912.0,0.0947,467.16,83.0,0.0776,0.052,5.19,919.0,10.0,3.11,225.0,2,Attract but Don't Convert
22726.0,0.0838,459.98,69.65,0.0174,0.013,4.99,852.0,5.13,3.08,77.0,2,Attract but Don't Convert
10621.0,0.0698,274.38,57.23,0.0694,0.0246,2.3,521.0,2.14,1.8,22.0,0,Invisible Product
43510.0,0.0814,90.19,27.8,0.0628,0.0318,4.44,125.0,4.17,3.23,325.0,3,Low Engagement Product
1232.0,0.0725,449.0,76.77,0.0855,0.0417,8.18,821.0,2.22,3.09,114.0,2,Attract but Don't Convert
33567.0,0.0631,288.39,51.28,0.0545,0.039,2.86,494.0,4.58,3.8,476.0,3,Low Engagement Product
14634.0,0.1249,488.16,81.23,0.1068,0.066,5.52,872.0,6.17,3.61,439.0,2,Attract but Don't Convert
23954.0,0.0687,307.87,63.26,0.0953,0.0433,3.08,619.0,5.67,3.04,44.0,2,Attract but Don't Convert
43098.0,0.1305,296.33,49.82,0.1002,0.0753,9.97,482.0,9.9,4.25,971.0,1,High Performer
39165.0,0.0676,307.93,55.28,0.078,0.0284,5.52,502.0,1.86,3.03,38.0,0,Invisible Product
45707.0,0.204,408.41,71.28,0.0319,0.0135,3.89,723.0,6.05,2.77,365.0,4,Trust Issue Product
7912.0,0.0902,93.37,27.61,0.0864,0.0446,7.37,172.0,6.61,3.82,128.0,3,Low Engagement Product
4657.0,0.0313,427.34,79.28,0.0839,0.0438,1.57,842.0,3.84,3.06,46.0,2,Attract but Don't Convert
2279.0,0.0563,369.93,67.03,0.0607,0.0288,6.56,668.0,1.0,3.06,43.0,2,Attract but Don't Convert
43898.0,0.1129,444.88,70.5,0.1342,0.1065,9.08,804.0,8.23,4.62,735.0,1,High Performer
9165.0,0.0601,137.51,13.87,0.0327,0.0188,3.22,168.0,3.7,3.12,34.0,3,Low Engagement Product
8375.0,0.0165,123.88,26.16,0.0627,0.0263,1.54,207.0,1.59,3.38,49.0,3,Low Engagement Product
47957.0,0.0737,378.53,73.06,0.049,0.0351,3.52,672.0,4.13,4.0,401.0,2,Attract but Don't Convert
36048.0,0.1188,116.44,25.31,0.1092,0.0621,8.23,150.0,7.51,4.55,149.0,3,Low Engagement Product
20800.0,0.0876,252.41,51.36,0.0683,0.036,7.85,471.0,4.23,3.19,459.0,3,Low Engagement Product
39564.0,0.1253,288.69,47.76,0.1082,0.0768,8.08,535.0,8.94,4.96,571.0,1,High Performer
42451.0,0.0693,253.07,53.04,0.0465,0.0185,3.44,510.0,1.91,1.24,46.0,0,Invisible Product
27894.0,0.2206,256.22,44.13,0.0335,0.0152,1.85,495.0,3.34,2.83,25.0,4,Trust Issue Product
28883.0,0.0841,158.4,32.48,0.1394,0.0813,7.06,282.0,7.96,3.74,269.0,3,Low Engagement Product
17098.0,0.032,318.94,53.25,0.0681,0.0226,2.14,557.0,3.46,2.43,24.0,0,Invisible Product
13969.0,0.0613,314.25,50.57,0.0715,0.0391,5.61,478.0,2.3,3.24,331.0,2,Attract but Don't Convert
44625.0,0.0159,317.2,54.56,0.0539,0.0261,3.98,555.0,3.94,3.29,35.0,0,Invisible Product
28252.0,0.0469,403.61,78.23,0.0198,0.0116,2.99,797.0,2.13,1.67,20.0,0,Invisible Product
21054.0,0.1561,400.45,75.95,0.0109,0.0043,7.2,760.0,9.21,3.35,971.0,4,Trust Issue Product
31655.0,0.1138,451.0,80.14,0.0825,0.0421,9.93,800.0,7.2,4.08,971.0,1,High Performer
16754.0,0.0682,341.94,77.59,0.0878,0.0527,6.36,656.0,4.6,3.06,359.0,2,Attract but Don't Convert
45126.0,0.059,411.48,62.46,0.0278,0.0128,1.02,703.0,3.5,1.18,41.0,0,Invisible Product
35336.0,0.0313,426.19,69.17,0.0316,0.0052,1.31,765.0,1.24,1.5,42.0,0,Invisible Product
47076.0,0.1103,181.97,33.21,0.0797,0.0366,6.25,314.0,9.66,3.32,322.0,3,Low Engagement Product
15142.0,0.116,458.74,75.03,0.1026,0.0791,9.73,934.0,7.24,4.7,971.0,1,High Performer
26066.0,0.1237,277.15,47.73,0.1001,0.0639,7.34,454.0,8.71,4.11,696.0,1,High Performer
48507.0,0.0729,189.87,33.04,0.0935,0.0296,3.27,294.0,2.2,2.24,22.0,0,Invisible Product
44414.0,0.0989,342.95,64.33,0.0946,0.0501,5.78,607.0,8.09,3.7,358.0,2,Attract but Don't Convert
45195.0,0.0414,247.0,40.73,0.0949,0.0532,4.1,327.0,6.39,4.12,141.0,3,Low Engagement Product
14370.0,0.0776,383.78,71.83,0.0915,0.0476,7.27,745.0,2.63,3.4,350.0,2,Attract but Don't Convert
31008.0,0.0442,541.43,88.32,0.0563,0.0144,2.26,962.0,2.9,2.7,0.0,0,Invisible Product
15623.0,0.2274875,223.77,38.8,0.0215,0.009,2.52,395.0,1.06,3.29,9.0,4,Trust Issue Product
47168.0,0.1068,123.6,25.15,0.0308,0.0232,7.02,177.0,7.32,4.03,210.0,3,Low Engagement Product
20091.0,0.2274875,452.74,78.55,0.0267,0.017,7.56,833.0,5.54,2.87,459.0,4,Trust Issue Product
10875.0,0.0711,158.19,27.71,0.0902,0.0525,7.05,223.0,5.05,3.4,413.0,3,Low Engagement Product
12365.0,0.2274875,355.71,64.3,0.0145,0.0128,1.34,680.0,2.74,2.23,24.0,4,Trust Issue Product
19559.0,0.066,124.88,18.23,0.0793,0.0381,3.2,94.0,7.0,3.78,122.0,3,Low Engagement Product
16773.0,0.0895,207.39,42.97,0.1285,0.0668,8.02,399.0,4.61,3.61,106.0,3,Low Engagement Product
27156.0,0.0815,402.86,75.3,0.0683,0.0332,8.82,760.0,1.0,3.04,320.0,2,Attract but Don't Convert
6714.0,0.0427,228.37,22.76,0.0288,0.0117,4.12,323.0,1.0,3.59,15.0,0,Invisible Product
36120.0,0.1716,94.1,17.88,0.1186,0.084,9.38,81.0,9.29,4.32,971.0,1,High Performer
7515.0,0.1058,317.37,58.43,0.1051,0.0464,3.66,589.0,6.96,3.57,38.0,2,Attract but Don't Convert
23255.0,0.0918,446.11,78.65,0.1022,0.0597,6.41,805.0,7.15,3.93,345.0,2,Attract but Don't Convert
49530.0,0.1989,71.95,19.65,0.0355,0.0235,6.82,127.0,5.81,3.44,365.0,4,Trust Issue Product
43984.0,0.158,116.79,16.0,0.0717,0.0535,9.22,206.0,9.31,4.56,971.0,1,High Performer
17064.0,0.1287,146.72,20.75,0.1047,0.0457,7.13,248.0,9.69,4.5,104.0,3,Low Engagement Product
37826.0,0.0884,92.03,10.0,0.0724,0.0481,7.7,67.0,5.86,4.01,398.0,3,Low Engagement Product
37144.0,0.0915,412.88,83.07,0.0903,0.0515,5.78,850.0,6.6,3.53,174.0,2,Attract but Don't Convert
37644.0,0.0338,191.11,25.77,0.1073,0.0569,4.65,287.0,4.97,3.67,402.0,3,Low Engagement Product
32352.0,0.0578,395.09,76.28,0.0565,0.0312,3.67,746.0,2.6,2.9,21.0,0,Invisible Product
3932.0,0.0975,452.92,73.82,0.1167,0.082,7.75,821.0,8.78,4.69,805.0,1,High Performer
25375.0,0.1121,178.18,30.77,0.0803,0.0575,3.65,273.0,10.0,4.33,489.0,3,Low Engagement Product
15001.0,0.0469,517.46,96.8,0.0835,0.042,5.25,976.0,2.28,3.96,46.0,2,Attract but Don't Convert
38313.0,0.0351,459.39,82.53,0.0462,0.0176,2.67,889.0,1.67,2.65,46.0,0,Invisible Product
34248.0,0.0538,69.66,11.66,0.1131,0.0689,7.61,106.0,1.21,3.58,491.0,3,Low Engagement Product
42733.0,0.0577,123.73,26.61,0.0622,0.0354,6.15,200.0,3.47,3.9,432.0,3,Low Engagement Product
23018.0,0.1417,19.48,18.32,0.0953,0.0246,10.0,44.0,6.93,3.97,72.0,3,Low Engagement Product
46794.0,0.0098,520.29,85.49,0.1028,0.0508,1.97,977.0,1.0,3.72,248.0,2,Attract but Don't Convert
19640.0,0.2274875,219.38,51.68,0.0142,0.0039,2.81,407.0,3.39,2.93,7.0,4,Trust Issue Product
11680.0,0.0922,141.24,23.04,0.1038,0.0576,5.1,241.0,10.0,4.3,259.0,3,Low Engagement Product
38502.0,0.0516,233.88,32.74,0.0559,0.0234,3.42,416.0,1.18,2.43,40.0,0,Invisible Product
38678.0,0.0833,523.51,95.28,0.0791,0.0494,5.94,957.0,8.15,4.22,194.0,2,Attract but Don't Convert
25017.0,0.0346,319.76,48.15,0.0862,0.0377,1.59,530.0,3.0,2.92,32.0,0,Invisible Product
22418.0,0.1563,347.46,51.53,0.1257,0.0771,8.16,580.0,6.78,3.79,256.0,1,High Performer
10279.0,0.0323,470.71,76.69,0.0495,0.0274,3.58,865.0,2.56,1.66,11.0,0,Invisible Product
12351.0,0.2274875,251.71,41.85,0.0291,0.013,4.61,459.0,3.72,3.21,49.0,4,Trust Issue Product
45999.0,0.098,100.84,30.02,0.0695,0.0463,6.67,194.0,3.5,4.43,486.0,3,Low Engagement Product
19593.0,0.1879,540.32,81.52,0.0266,0.0078,5.54,923.0,7.95,2.08,73.0,4,Trust Issue Product
20566.0,0.0531,230.62,30.45,0.0692,0.0231,3.12,330.0,1.06,3.35,47.0,0,Invisible Product
30306.0,0.0685,194.34,32.07,0.0716,0.0393,5.5,293.0,4.65,3.33,232.0,3,Low Engagement Product
45575.0,0.101,70.16,10.0,0.0633,0.0352,6.46,54.0,4.59,3.16,131.0,3,Low Engagement Product
19724.0,0.1491,140.92,28.68,0.0994,0.0704,8.83,236.0,9.89,4.81,626.0,1,High Performer
26664.0,0.0621,402.61,64.43,0.0337,0.0082,2.98,740.0,3.77,1.34,38.0,0,Invisible Product
22512.0,0.0623,393.91,64.31,0.0602,0.0286,4.95,691.0,4.54,3.93,140.0,2,Attract but Don't Convert
28090.0,0.0852,205.68,43.31,0.1111,0.0613,6.64,427.0,5.78,4.09,308.0,3,Low Engagement Product
35617.0,0.0363,286.76,62.36,0.0535,0.0212,2.7,538.0,3.53,3.26,11.0,0,Invisible Product
13256.0,0.0472,174.21,38.93,0.064,0.0202,1.37,288.0,1.37,2.85,11.0,0,Invisible Product
23164.0,0.0663,320.04,63.42,0.0694,0.0421,6.06,657.0,2.76,3.46,134.0,2,Attract but Don't Convert
25811.0,0.0677,247.25,47.99,0.0728,0.0317,1.36,494.0,2.47,2.65,10.0,0,Invisible Product
30206.0,0.1413,466.34,80.33,0.1022,0.0541,8.22,899.0,10.0,3.81,34.0,2,Attract but Don't Convert
16689.0,0.1249,203.72,38.16,0.1192,0.0952,7.99,344.0,9.16,4.83,971.0,1,High Performer
23836.0,0.0449,247.71,35.8,0.0053,0.0001,3.71,375.0,2.86,1.21,47.0,0,Invisible Product
21075.0,0.0268,75.56,16.84,0.0648,0.0294,1.64,109.0,3.79,3.3,7.0,3,Low Engagement Product
36318.0,0.1201,98.12,13.63,0.1235,0.073,9.23,61.0,6.19,3.97,320.0,3,Low Engagement Product
7314.0,0.1313,207.45,40.62,0.0875,0.0564,8.58,384.0,9.16,4.06,824.0,1,High Performer
30681.0,0.0377,372.48,65.99,0.0987,0.057,5.67,690.0,1.0,3.7,371.0,2,Attract but Don't Convert
20295.0,0.0561,110.88,31.32,0.0402,0.0099,3.67,221.0,3.97,1.74,7.0,0,Invisible Product
44682.0,0.0346,213.78,45.41,0.0545,0.0231,2.52,385.0,3.42,2.86,36.0,0,Invisible Product
27227.0,0.0732,398.44,77.75,0.0873,0.0423,5.13,813.0,3.86,3.81,45.0,2,Attract but Don't Convert
5241.0,0.053,529.22,87.76,0.0529,0.0279,2.7,863.0,2.46,3.21,48.0,2,Attract but Don't Convert
28984.0,0.0734,162.6,37.85,0.0876,0.0423,5.17,307.0,6.29,3.11,117.0,3,Low Engagement Product
24985.0,0.2274875,348.18,59.48,0.0355,0.0162,8.63,622.0,5.25,3.35,195.0,4,Trust Issue Product
2808.0,0.1099,270.46,49.59,0.1149,0.0886,8.61,500.0,8.45,4.64,971.0,1,High Performer
18475.0,0.1317,353.3,67.03,0.1061,0.058,7.96,656.0,6.58,3.57,470.0,1,High Performer
15188.0,0.0753,288.47,50.37,0.0822,0.0409,4.83,520.0,9.95,3.31,112.0,2,Attract but Don't Convert
44702.0,0.0276,377.49,64.59,0.0236,0.0118,2.26,657.0,3.17,1.61,15.0,0,Invisible Product
45146.0,0.205,75.66,18.21,0.0194,0.0125,4.6,71.0,3.36,3.04,28.0,4,Trust Issue Product
10114.0,0.2067,502.34,72.44,0.0185,0.016,2.58,935.0,4.66,3.03,196.0,4,Trust Issue Product
3373.0,0.0211,102.59,12.3,0.0636,0.0309,1.75,122.0,2.85,3.29,35.0,3,Low Engagement Product
47235.0,0.1045,227.42,44.76,0.0717,0.0425,3.67,380.0,8.47,3.59,409.0,3,Low Engagement Product
37406.0,0.0185,225.98,47.67,0.0635,0.0447,5.28,443.0,3.24,3.84,243.0,3,Low Engagement Product
30981.0,0.0858,384.04,53.64,0.0895,0.0414,7.52,718.0,3.84,3.42,103.0,2,Attract but Don't Convert
31586.0,0.0401,155.68,14.37,0.0743,0.0334,3.14,224.0,3.68,2.53,17.0,3,Low Engagement Product
12641.0,0.048,34.6,19.9,0.1059,0.063,3.14,33.0,4.67,4.0,240.0,3,Low Engagement Product
8812.0,0.1532,516.64,89.96,0.1194,0.0779,8.0,959.0,9.58,4.96,885.0,1,High Performer
9268.0,0.1041,369.55,67.7,0.1127,0.0737,8.28,635.0,5.66,3.65,364.0,2,Attract but Don't Convert
3651.0,0.0278,340.12,57.01,0.0422,0.0142,3.84,648.0,2.95,2.65,43.0,0,Invisible Product
12397.0,0.1019,294.86,46.06,0.131,0.1028,9.31,489.0,8.22,4.76,408.0,1,High Performer
43833.0,0.0524,270.38,57.9,0.086,0.0477,3.71,485.0,3.43,3.13,395.0,2,Attract but Don't Convert
27228.0,0.0307,192.96,37.9,0.0905,0.0478,6.77,323.0,1.0,4.33,137.0,3,Low Engagement Product
2932.0,0.1656,358.93,60.34,0.1114,0.0872,9.86,624.0,9.01,4.52,971.0,1,High Performer
28583.0,0.0728,264.87,44.88,0.1023,0.0594,7.32,446.0,5.33,3.72,458.0,3,Low Engagement Product
22163.0,0.0308,313.12,55.36,0.082,0.0357,1.93,675.0,2.21,3.29,20.0,0,Invisible Product
23063.0,0.0853,57.8,25.97,0.1137,0.0763,8.85,129.0,7.7,5.0,192.0,3,Low Engagement Product
13522.0,0.1641,387.63,55.64,0.0354,0.0126,3.26,694.0,1.67,2.17,3.0,4,Trust Issue Product
33020.0,0.0398,319.18,60.0,0.0275,0.0113,2.78,584.0,3.09,2.1,49.0,0,Invisible Product
11256.0,0.1251,472.44,86.34,0.1024,0.0624,1.63,949.0,6.52,4.38,324.0,2,Attract but Don't Convert
11208.0,0.1115,283.81,54.2,0.0597,0.0233,7.93,534.0,8.43,3.57,313.0,2,Attract but Don't Convert
31945.0,0.0647,39.58,14.01,0.0728,0.0286,3.58,87.0,3.2,2.58,6.0,3,Low Engagement Product
2900.0,0.0436,160.39,38.5,0.0166,0.0096,3.4,265.0,3.74,2.39,33.0,0,Invisible Product
38178.0,0.1578,259.17,39.75,0.1028,0.0766,8.79,408.0,9.54,4.04,659.0,1,High Performer
42812.0,0.0656,350.2,63.41,0.0773,0.0505,7.04,669.0,1.96,3.81,391.0,2,Attract but Don't Convert
2710.0,0.0469,198.41,36.23,0.0821,0.0456,4.23,327.0,5.35,4.31,268.0,3,Low Engagement Product
12167.0,0.0813,499.91,83.86,0.0765,0.0351,8.73,944.0,2.77,3.69,419.0,2,Attract but Don't Convert
33972.0,0.0626,247.52,41.71,0.0276,0.0051,8.12,371.0,4.98,3.95,357.0,3,Low Engagement Product
10828.0,0.0208,464.36,79.05,0.0163,0.006,1.7,818.0,3.44,1.15,33.0,0,Invisible Product
29666.0,0.0889,40.72,16.25,0.059,0.037,4.51,85.0,6.33,3.37,484.0,3,Low Engagement Product
29883.0,0.0279,265.67,51.46,0.0147,0.0076,1.67,479.0,3.8,1.45,44.0,0,Invisible Product
20683.0,0.211,195.28,42.49,0.0166,0.0107,7.46,366.0,2.68,3.07,407.0,4,Trust Issue Product
20338.0,0.1351,189.98,39.51,0.0675,0.0525,7.99,344.0,7.52,4.09,971.0,1,High Performer
7363.0,0.0125,521.71,93.7,0.0299,0.0124,1.44,952.0,1.56,1.03,35.0,0,Invisible Product
2014.0,0.093,376.86,72.97,0.0697,0.0355,8.92,686.0,2.12,3.81,251.0,2,Attract but Don't Convert
23849.0,0.1741,354.43,57.45,0.0324,0.0113,4.17,618.0,9.36,2.11,124.0,4,Trust Issue Product
19556.0,0.0901,10.18,12.66,0.0617,0.0186,7.0,52.0,2.57,3.98,161.0,3,Low Engagement Product
25682.0,0.1952,92.11,20.43,0.0157,0.0084,7.78,87.0,9.07,2.08,428.0,4,Trust Issue Product
506.0,0.001,141.56,26.16,0.1119,0.0646,1.0,206.0,2.61,4.38,125.0,3,Low Engagement Product
13789.0,0.0171,167.64,28.43,0.0147,0.003,2.34,211.0,2.57,1.27,36.0,0,Invisible Product
33034.0,0.0394,133.78,22.7,0.0787,0.029,3.74,232.0,2.14,2.82,29.0,3,Low Engagement Product
33376.0,0.0596,361.02,58.16,0.0524,0.0385,8.19,619.0,1.58,3.36,491.0,2,Attract but Don't Convert
36532.0,0.0538,259.34,46.17,0.0176,0.0014,1.65,447.0,3.23,1.01,25.0,0,Invisible Product
19973.0,0.1325,217.66,35.03,0.1222,0.0798,7.4,370.0,9.68,4.77,406.0,1,High Performer
13150.0,0.1091,83.74,11.9,0.0819,0.0569,8.23,127.0,8.84,4.55,692.0,3,Low Engagement Product
780.0,0.1408,157.61,37.1,0.0818,0.0595,7.56,259.0,7.44,4.12,971.0,1,High Performer
19008.0,0.0884,127.91,21.09,0.0879,0.0557,4.81,235.0,3.25,3.93,481.0,3,Low Engagement Product
18604.0,0.106,120.05,33.49,0.0989,0.057,9.4,196.0,8.29,4.38,501.0,1,High Performer
21744.0,0.0869,310.18,62.37,0.0604,0.0363,7.66,584.0,5.53,3.66,271.0,2,Attract but Don't Convert
37225.0,0.0917,198.78,39.46,0.1165,0.0673,6.9,349.0,3.11,3.13,258.0,3,Low Engagement Product
1463.0,0.1254,316.37,58.66,0.0693,0.0399,8.7,580.0,5.54,3.68,199.0,2,Attract but Don't Convert
42391.0,0.0771,476.87,85.73,0.062,0.0325,3.96,900.0,2.57,1.76,11.0,0,Invisible Product
35160.0,0.1055,352.34,59.52,0.0649,0.031,3.54,645.0,3.94,2.12,10.0,0,Invisible Product
1638.0,0.0982,264.15,45.66,0.0774,0.048,5.34,469.0,6.64,4.19,488.0,3,Low Engagement Product
36276.0,0.1094,345.16,59.11,0.0826,0.0406,6.63,626.0,4.55,3.12,230.0,2,Attract but Don't Convert
41620.0,0.0928,262.4,49.01,0.0594,0.0216,1.84,466.0,3.4,3.34,28.0,0,Invisible Product
25775.0,0.0305,302.59,51.14,0.0408,0.0136,1.07,556.0,3.04,1.82,2.0,0,Invisible Product
18387.0,0.0268,370.11,60.5,0.0783,0.0326,3.24,663.0,2.43,2.96,10.0,0,Invisible Product
274.0,0.1995,153.25,35.85,0.0363,0.0223,7.49,198.0,8.85,2.49,96.0,4,Trust Issue Product
26832.0,0.1435,230.29,44.67,0.1008,0.0591,6.49,414.0,8.38,3.91,265.0,1,High Performer
35098.0,0.1327,101.3,17.31,0.0741,0.0386,6.3,164.0,6.57,3.62,301.0,3,Low Engagement Product
37155.0,0.0887,485.03,85.88,0.092,0.0607,5.55,895.0,5.89,3.98,294.0,2,Attract but Don't Convert
12212.0,0.0955,522.66,87.07,0.0963,0.05,8.81,981.0,4.36,4.23,150.0,2,Attract but Don't Convert
39974.0,0.0307,119.16,24.34,0.0362,0.0153,3.69,217.0,3.79,2.02,8.0,0,Invisible Product
9789.0,0.2146,508.97,100.0,0.0352,0.0147,3.24,988.0,1.79,2.03,25.0,4,Trust Issue Product
44914.0,0.121,446.11,78.85,0.1182,0.0832,9.61,856.0,9.67,4.53,802.0,1,High Performer
19655.0,0.0401,60.76,14.23,0.1201,0.0708,5.48,103.0,2.46,3.81,401.0,3,Low Engagement Product
34019.0,0.0752,382.77,62.13,0.0794,0.0481,6.4,688.0,2.99,3.46,152.0,2,Attract but Don't Convert
7719.0,0.0918,97.29,19.06,0.079,0.0518,8.1,104.0,7.55,4.1,476.0,3,Low Engagement Product
6133.0,0.2274875,251.77,48.79,0.0336,0.0191,9.62,476.0,9.66,2.24,917.0,4,Trust Issue Product
41428.0,0.058,250.29,51.93,0.0537,0.0215,1.3,495.0,3.9,1.25,7.0,0,Invisible Product
5046.0,0.0783,169.45,23.21,0.0961,0.0445,8.17,272.0,5.09,3.14,298.0,3,Low Engagement Product
24718.0,0.2274875,483.62,76.9,0.0247,0.0053,2.6,906.0,3.98,3.09,20.0,4,Trust Issue Product
34775.0,0.0081,121.54,16.34,0.0326,0.007,2.34,91.0,2.6,1.14,7.0,0,Invisible Product
36358.0,0.0531,164.35,26.7,0.0674,0.0287,1.8,242.0,3.7,2.43,41.0,0,Invisible Product
19019.0,0.1036,154.95,28.21,0.0992,0.0673,8.33,295.0,9.44,4.32,971.0,1,High Performer
4273.0,0.1385,417.97,76.97,0.0794,0.0503,7.24,814.0,9.36,4.23,949.0,1,High Performer
43933.0,0.0637,433.81,75.88,0.0675,0.0362,6.1,795.0,1.63,3.43,260.0,2,Attract but Don't Convert
26500.0,0.2274875,161.4,39.8,0.011,0.0105,8.47,265.0,7.02,3.25,971.0,4,Trust Issue Product
4869.0,0.1093,207.79,42.32,0.0877,0.0552,6.92,360.0,3.2,3.55,354.0,3,Low Engagement Product
37664.0,0.001,327.34,59.76,0.0095,0.0066,1.68,592.0,1.58,2.23,5.0,0,Invisible Product
45914.0,0.0792,517.01,84.57,0.0733,0.0326,3.26,943.0,2.43,2.76,17.0,2,Attract but Don't Convert
14311.0,0.0137,312.08,62.77,0.001,0.0004,1.48,490.0,1.77,1.46,5.0,0,Invisible Product
23355.0,0.0201,293.09,46.17,0.0895,0.0517,3.83,473.0,1.0,3.96,153.0,3,Low Engagement Product
28062.0,0.0662,404.71,71.48,0.1017,0.0525,2.37,790.0,7.8,3.58,94.0,2,Attract but Don't Convert
19456.0,0.0659,511.31,93.56,0.0966,0.0536,2.71,984.0,6.84,3.6,189.0,2,Attract but Don't Convert
20406.0,0.1427,476.93,81.03,0.0651,0.0346,5.74,988.0,7.53,3.44,110.0,2,Attract but Don't Convert
5097.0,0.2274875,47.22,11.68,0.014,0.004,2.51,26.0,1.06,2.27,20.0,4,Trust Issue Product
17476.0,0.2274875,123.0,27.07,0.0237,0.0042,8.27,207.0,9.03,3.23,900.0,4,Trust Issue Product
40980.0,0.0976,41.11,10.0,0.1148,0.0675,7.4,23.0,3.4,3.54,246.0,3,Low Engagement Product
38155.0,0.0435,394.54,76.21,0.0404,0.0156,2.55,762.0,2.79,1.44,43.0,0,Invisible Product
10678.0,0.1045,345.33,65.59,0.1236,0.0804,7.98,664.0,7.55,4.63,915.0,1,High Performer
18724.0,0.0517,462.19,85.56,0.0525,0.0269,3.43,926.0,3.72,2.81,47.0,2,Attract but Don't Convert
39294.0,0.1404,95.62,21.86,0.0906,0.067,8.53,144.0,7.92,4.68,897.0,1,High Performer
44467.0,0.0655,58.38,10.93,0.0592,0.0155,2.53,34.0,3.64,1.77,47.0,3,Low Engagement Product
489.0,0.0779,506.02,77.94,0.0933,0.0612,6.53,979.0,6.08,3.4,346.0,2,Attract but Don't Convert
33867.0,0.1553,315.03,56.23,0.0854,0.056,9.07,544.0,9.58,4.13,741.0,1,High Performer
45680.0,0.1166,340.67,66.72,0.0772,0.0661,7.99,649.0,9.14,4.49,971.0,1,High Performer
48467.0,0.039,159.51,30.69,0.0571,0.0289,2.96,259.0,2.71,2.54,22.0,0,Invisible Product
1955.0,0.0655,454.11,66.04,0.0716,0.0403,2.58,794.0,2.65,3.21,35.0,2,Attract but Don't Convert
40993.0,0.1146,209.74,37.85,0.0982,0.0618,6.85,379.0,6.32,4.1,427.0,3,Low Engagement Product
13894.0,0.0224,303.0,50.58,0.0644,0.0258,3.55,537.0,3.75,2.22,17.0,0,Invisible Product
35631.0,0.033,520.69,85.39,0.0535,0.0228,1.34,971.0,2.71,1.48,26.0,0,Invisible Product
5086.0,0.1371,204.96,39.62,0.1116,0.0803,9.76,339.0,7.4,4.89,537.0,1,High Performer
32398.0,0.07,165.6,23.45,0.0766,0.0506,7.94,250.0,1.0,4.47,214.0,3,Low Engagement Product
1581.0,0.0109,517.43,86.23,0.0686,0.0414,5.27,965.0,2.9,4.1,299.0,2,Attract but Don't Convert
3831.0,0.0538,33.96,13.12,0.0557,0.0193,6.22,49.0,4.57,3.11,136.0,3,Low Engagement Product
16935.0,0.0808,298.23,61.8,0.0886,0.0602,8.24,553.0,7.27,4.15,971.0,1,High Performer
27898.0,0.083,511.51,87.18,0.077,0.0497,6.61,940.0,6.14,3.95,436.0,2,Attract but Don't Convert
26213.0,0.0589,131.59,21.8,0.0821,0.0533,4.5,175.0,2.99,4.05,454.0,3,Low Engagement Product
19577.0,0.0655,339.64,68.87,0.0914,0.0683,7.02,649.0,3.1,4.17,472.0,2,Attract but Don't Convert
17366.0,0.0519,484.95,73.65,0.0752,0.0451,7.58,871.0,1.0,4.14,370.0,2,Attract but Don't Convert
20892.0,0.2274875,497.46,82.96,0.0113,0.0069,1.34,954.0,3.71,2.72,44.0,4,Trust Issue Product
20552.0,0.1056,527.65,79.47,0.1464,0.1134625,8.34,982.0,9.07,4.97,971.0,1,High Performer
43626.0,0.001,493.9,91.51,0.0347,0.0138,1.42,920.0,1.07,1.9,2.0,0,Invisible Product
49179.0,0.1162,373.74,68.99,0.0732,0.0386,6.74,724.0,6.41,3.76,287.0,2,Attract but Don't Convert
41434.0,0.1466,233.51,42.39,0.1012,0.0678,9.67,418.0,8.72,4.02,721.0,1,High Performer
11989.0,0.0535,171.62,45.4,0.046,0.0131,1.06,365.0,3.98,2.83,11.0,0,Invisible Product
24435.0,0.2274875,129.13,24.22,0.0119,0.0045,5.24,214.0,1.98,3.44,316.0,4,Trust Issue Product
11354.0,0.1225,148.17,22.73,0.0623,0.0325,9.2,187.0,4.95,3.18,269.0,3,Low Engagement Product
21174.0,0.0995,189.9,47.15,0.0705,0.0458,8.48,396.0,8.43,4.1,819.0,1,High Performer
11542.0,0.1253,266.62,47.76,0.0552,0.0211,8.81,508.0,4.33,3.01,262.0,4,Trust Issue Product
46389.0,0.137,405.77,69.17,0.0605,0.0305,6.69,770.0,8.78,3.0,186.0,2,Attract but Don't Convert
37427.0,0.0511,177.8,40.81,0.0724,0.0455,6.81,381.0,1.0,4.4,248.0,3,Low Engagement Product
16299.0,0.1385,240.32,51.78,0.123,0.0811,8.86,501.0,7.02,4.18,578.0,1,High Performer
7391.0,0.0663,202.7,34.72,0.0513,0.0177,2.71,263.0,2.89,1.8,19.0,0,Invisible Product
41028.0,0.037,341.74,56.94,0.0574,0.031,1.89,600.0,3.18,1.75,18.0,0,Invisible Product
212.0,0.1172,362.99,51.7,0.0628,0.0365,6.53,626.0,7.67,3.91,176.0,2,Attract but Don't Convert
21615.0,0.2274875,341.01,60.41,0.0138,0.0042,5.74,608.0,6.08,2.21,224.0,4,Trust Issue Product
19681.0,0.156,136.59,26.22,0.1134,0.0837,8.13,190.0,9.15,4.47,971.0,1,High Performer
48792.0,0.0298,289.63,53.44,0.0881,0.0327,1.43,532.0,3.74,2.61,22.0,0,Invisible Product
26600.0,0.1345,263.36,40.22,0.0844,0.0559,9.64,425.0,7.45,4.3,221.0,1,High Performer
32126.0,0.1378,355.18,48.05,0.0764,0.0576,9.82,593.0,8.67,4.42,971.0,1,High Performer
16623.0,0.0702,129.47,27.92,0.0821,0.0534,6.16,226.0,4.75,3.56,214.0,3,Low Engagement Product
1524.0,0.0156,111.54,19.1,0.0159,0.0102,3.1,173.0,3.52,1.39,4.0,0,Invisible Product
19652.0,0.1063,420.89,77.19,0.1287,0.0841,5.52,805.0,6.29,4.2,209.0,2,Attract but Don't Convert
10908.0,0.11,61.79,19.1,0.1207,0.0826,7.25,67.0,7.51,4.94,971.0,1,High Performer
38911.0,0.1215,378.82,55.74,0.073,0.0245,5.6,668.0,5.71,3.33,10.0,2,Attract but Don't Convert
7089.0,0.0968,36.42,10.0,0.0862,0.0535,5.39,20.0,4.27,4.11,178.0,3,Low Engagement Product
23720.0,0.2127,378.06,79.8,0.0178,0.0054,8.72,766.0,2.41,2.08,443.0,4,Trust Issue Product
39129.0,0.1086,511.39,81.7,0.0556,0.0427,2.52,924.0,10.0,4.06,474.0,2,Attract but Don't Convert
987.0,0.0474,408.22,73.95,0.0689,0.0279,1.87,787.0,2.43,3.17,18.0,0,Invisible Product
31902.0,0.1371,251.12,48.47,0.0852,0.0569,7.86,426.0,10.0,4.06,282.0,1,High Performer
19588.0,0.1164,103.07,21.19,0.0938,0.0546,7.25,126.0,6.06,3.47,273.0,3,Low Engagement Product
30113.0,0.1001,117.45,30.81,0.0801,0.0437,8.04,192.0,6.5,4.4,76.0,3,Low Engagement Product
49301.0,0.2274875,274.19,56.68,0.0325,0.0145,10.0,525.0,4.23,3.27,358.0,4,Trust Issue Product
16502.0,0.111,94.94,28.57,0.0897,0.0479,9.4,149.0,3.52,3.39,127.0,3,Low Engagement Product
21305.0,0.1388,270.43,44.23,0.1039,0.0684,8.04,417.0,8.52,4.34,615.0,1,High Performer
26149.0,0.1791,167.53,33.03,0.0114,0.0012,2.78,313.0,2.92,2.54,95.0,4,Trust Issue Product
12353.0,0.2274875,293.48,49.1,0.0395,0.0124,6.65,571.0,2.69,2.69,244.0,4,Trust Issue Product
19090.0,0.0445,266.81,49.38,0.0527,0.0197,1.56,466.0,3.05,1.97,11.0,0,Invisible Product
7946.0,0.136,460.24,85.75,0.1097,0.0823,7.17,869.0,8.08,4.85,574.0,1,High Performer
25127.0,0.0333,39.3,10.0,0.0228,0.0094,1.54,35.0,3.19,1.05,27.0,0,Invisible Product
39300.0,0.0817,340.95,59.49,0.0771,0.0528,7.13,658.0,7.81,4.43,331.0,2,Attract but Don't Convert
46320.0,0.0872,481.58,80.52,0.0425,0.0219,9.42,904.0,3.5,3.11,267.0,2,Attract but Don't Convert
46263.0,0.1169,210.77,34.93,0.111,0.0739,9.65,368.0,7.24,4.07,971.0,1,High Performer
3865.0,0.1003,167.74,28.51,0.102,0.0512,9.84,222.0,3.85,3.81,26.0,3,Low Engagement Product
16050.0,0.0553,88.78,19.72,0.0768,0.0283,3.36,153.0,3.69,1.76,36.0,3,Low Engagement Product
45370.0,0.0452,415.27,67.25,0.103,0.0453,3.92,790.0,2.74,2.96,33.0,2,Attract but Don't Convert
9841.0,0.1017,328.19,49.45,0.0539,0.0316,7.64,545.0,4.86,3.74,82.0,2,Attract but Don't Convert
22842.0,0.1181,283.15,59.37,0.078,0.0455,8.67,527.0,10.0,3.47,170.0,2,Attract but Don't Convert
24803.0,0.0368,58.07,17.36,0.0717,0.0302,1.98,85.0,1.97,3.15,15.0,3,Low Engagement Product
38809.0,0.0221,288.43,57.17,0.0698,0.0284,2.14,499.0,2.84,2.42,3.0,0,Invisible Product
37723.0,0.0367,474.17,77.85,0.0669,0.0286,2.47,882.0,2.96,1.74,46.0,0,Invisible Product
23031.0,0.0617,262.82,41.0,0.0686,0.0466,7.09,478.0,6.02,4.15,486.0,3,Low Engagement Product
23680.0,0.0371,212.01,37.51,0.0393,0.023,1.12,361.0,1.32,2.32,41.0,0,Invisible Product
15266.0,0.1432,402.49,76.3,0.138,0.1048,9.93,726.0,9.99,4.81,971.0,1,High Performer
29340.0,0.0903,355.72,49.98,0.0414,0.0313,7.68,645.0,3.45,3.29,230.0,2,Attract but Don't Convert
26091.0,0.1111,130.54,15.53,0.0876,0.0605,9.24,178.0,7.77,4.9,971.0,1,High Performer
38656.0,0.1148,116.24,22.92,0.0901,0.0442,9.71,180.0,7.09,3.49,191.0,3,Low Engagement Product
33069.0,0.0339,145.9,37.12,0.1275,0.0771,4.53,273.0,2.56,4.15,373.0,3,Low Engagement Product
10661.0,0.1344,499.33,78.07,0.0656,0.0391,9.86,916.0,7.64,4.28,807.0,1,High Performer
17001.0,0.2271,504.08,87.58,0.0182,0.0173,6.94,959.0,6.23,2.77,258.0,4,Trust Issue Product
40605.0,0.0835,297.06,53.39,0.0835,0.0546,7.1,546.0,6.71,3.2,463.0,2,Attract but Don't Convert
30120.0,0.1275,328.92,61.42,0.129,0.0775,6.97,568.0,9.66,4.34,116.0,1,High Performer
26017.0,0.1192,150.2,35.49,0.1118,0.0769,9.19,174.0,7.35,4.55,499.0,1,High Performer
2088.0,0.0862,248.9,46.46,0.0537,0.0283,6.97,505.0,4.0,4.1,399.0,3,Low Engagement Product
48309.0,0.0287,249.19,44.3,0.039,0.0169,2.95,451.0,3.28,3.09,5.0,0,Invisible Product
44605.0,0.097,51.46,13.34,0.114,0.0701,8.14,46.0,3.55,3.84,445.0,3,Low Engagement Product
14356.0,0.0455,47.69,10.0,0.0916,0.054,3.4,31.0,3.41,3.91,110.0,3,Low Engagement Product
22292.0,0.0481,69.36,25.74,0.0181,0.0041,3.58,86.0,3.2,1.79,6.0,0,Invisible Product
28330.0,0.1843,308.73,49.3,0.112,0.078,9.77,561.0,8.56,4.19,832.0,1,High Performer
40030.0,0.0033,94.84,25.48,0.0457,0.023,3.03,115.0,2.11,1.96,33.0,0,Invisible Product
45933.0,0.0825,143.1,26.58,0.0371,0.0268,2.9,234.0,6.66,3.94,310.0,3,Low Engagement Product
22725.0,0.041,125.85,26.73,0.0091,0.0039,1.03,213.0,3.27,2.35,3.0,0,Invisible Product
32188.0,0.0726,351.76,63.89,0.0885,0.0577,4.67,666.0,3.33,3.75,266.0,2,Attract but Don't Convert
14214.0,0.0502,211.06,32.31,0.1101,0.0413,3.61,309.0,1.52,3.22,14.0,3,Low Engagement Product
41267.0,0.2274875,351.17,58.93,0.0196,0.0135,7.09,563.0,7.49,3.24,971.0,4,Trust Issue Product
38501.0,0.05,475.24,84.46,0.0051,0.0048,3.69,904.0,1.89,2.46,12.0,0,Invisible Product
5855.0,0.1398,52.66,22.3,0.0641,0.0395,6.97,58.0,4.51,4.12,345.0,3,Low Engagement Product
10925.0,0.0727,479.34,83.83,0.1012,0.0654,5.21,883.0,4.94,4.07,316.0,2,Attract but Don't Convert
22793.0,0.1069,511.67,80.65,0.1208,0.0772,7.7,958.0,7.04,4.77,111.0,2,Attract but Don't Convert
4217.0,0.0164,506.05,85.88,0.0281,0.0007,1.89,958.0,3.15,1.52,8.0,0,Invisible Product
24829.0,0.0495,117.5,35.91,0.0554,0.0375,5.88,225.0,2.92,3.0,404.0,3,Low Engagement Product
32282.0,0.1381,472.69,80.59,0.1223,0.0874,9.88,918.0,7.94,4.63,971.0,1,High Performer
28990.0,0.2274875,524.34,94.31,0.0174,0.0143,7.72,961.0,9.66,2.11,713.0,4,Trust Issue Product
29440.0,0.0906,497.92,89.37,0.0863,0.0429,8.03,947.0,4.36,3.17,287.0,2,Attract but Don't Convert
1618.0,0.1045,356.33,59.94,0.0521,0.0289,10.0,574.0,2.2,3.04,171.0,2,Attract but Don't Convert
31049.0,0.0799,319.97,39.55,0.091,0.0532,7.35,503.0,4.38,3.25,394.0,3,Low Engagement Product
22647.0,0.0913,189.65,40.58,0.0265,0.0087,3.56,356.0,1.98,1.22,36.0,0,Invisible Product
16446.0,0.0681,313.93,61.6,0.057,0.0285,5.09,515.0,3.59,3.11,342.0,2,Attract but Don't Convert
2700.0,0.1699,422.33,68.85,0.0281,0.0259,1.21,790.0,3.98,2.83,16.0,4,Trust Issue Product
46105.0,0.114,166.9,39.39,0.0776,0.0345,7.08,268.0,7.69,3.29,58.0,3,Low Engagement Product
29367.0,0.0391,90.56,18.36,0.0828,0.0458,3.04,93.0,3.78,3.38,37.0,3,Low Engagement Product
36422.0,0.0646,246.05,37.34,0.0422,0.0396,6.46,392.0,3.51,3.81,375.0,3,Low Engagement Product
27090.0,0.0293,440.58,76.57,0.0684,0.0396,5.96,850.0,1.0,4.0,314.0,2,Attract but Don't Convert
16293.0,0.0169,522.79,73.3,0.08,0.0401,4.54,898.0,2.31,4.38,179.0,2,Attract but Don't Convert
30209.0,0.0644,449.09,76.36,0.1093,0.0602,3.9,827.0,2.15,4.11,101.0,2,Attract but Don't Convert
19333.0,0.0251,392.97,76.46,0.0463,0.0165,2.03,805.0,2.94,3.06,13.0,0,Invisible Product
48121.0,0.0596,451.76,90.14,0.0603,0.0363,3.21,854.0,4.91,3.05,442.0,2,Attract but Don't Convert
16294.0,0.0805,517.31,83.13,0.0825,0.034,3.02,890.0,3.62,2.91,36.0,2,Attract but Don't Convert
34610.0,0.1582,378.67,74.83,0.0907,0.0512,8.45,721.0,9.54,3.7,278.0,2,Attract but Don't Convert
1406.0,0.0947,154.29,17.57,0.1204,0.0708,7.06,157.0,5.17,4.01,239.0,3,Low Engagement Product
3949.0,0.0412,515.98,86.45,0.0706,0.0342,5.05,967.0,1.0,3.47,359.0,2,Attract but Don't Convert
12460.0,0.0475,267.92,49.67,0.1135,0.0626,3.62,476.0,3.13,3.55,259.0,3,Low Engagement Product
45636.0,0.1738,425.52,72.33,0.1474,0.1045,9.98,833.0,7.33,4.44,971.0,1,High Performer
29331.0,0.2274875,463.34,76.27,0.0106,0.001,2.89,842.0,2.01,2.65,30.0,4,Trust Issue Product
45900.0,0.1101,503.95,91.74,0.073,0.0255,3.43,961.0,3.26,2.68,1.0,2,Attract but Don't Convert
37063.0,0.0474,460.6,91.12,0.1,0.066,6.07,862.0,3.72,4.2,237.0,2,Attract but Don't Convert
18789.0,0.0438,257.27,51.15,0.0471,0.0161,3.68,463.0,2.03,1.32,45.0,0,Invisible Product
29184.0,0.0933,232.84,36.22,0.0732,0.0377,3.71,372.0,5.62,3.07,205.0,3,Low Engagement Product
40487.0,0.1043,432.41,74.86,0.11,0.0595,5.35,813.0,5.68,3.81,151.0,2,Attract but Don't Convert
9380.0,0.1045,194.82,39.16,0.1046,0.0755,6.87,430.0,5.37,4.21,429.0,1,High Performer
2742.0,0.0974,361.56,67.05,0.1225,0.0849,7.55,697.0,7.07,4.25,971.0,1,High Performer
42237.0,0.0927,408.12,82.16,0.0688,0.0426,7.77,809.0,8.1,4.43,546.0,2,Attract but Don't Convert
14396.0,0.0747,338.15,56.07,0.0957,0.0539,4.7,557.0,5.73,4.2,193.0,2,Attract but Don't Convert
15538.0,0.1582,277.95,47.71,0.1174,0.0843,9.84,472.0,8.47,4.06,888.0,1,High Performer
48542.0,0.1713,249.96,44.7,0.08,0.0559,8.67,438.0,9.64,4.28,257.0,1,High Performer
37625.0,0.139,260.59,48.49,0.1085,0.0734,9.66,469.0,8.58,4.3,971.0,1,High Performer
3094.0,0.1117,303.7,66.65,0.1176,0.093,7.34,604.0,7.81,4.71,971.0,1,High Performer
48094.0,0.1364,92.49,24.57,0.1293,0.0798,8.37,134.0,9.25,4.05,505.0,1,High Performer
34139.0,0.0899,84.06,10.44,0.0658,0.0279,5.39,70.0,6.02,3.18,224.0,3,Low Engagement Product
1913.0,0.0692,240.37,38.07,0.0622,0.018,3.14,388.0,2.93,2.55,18.0,0,Invisible Product
27591.0,0.1355,505.07,90.76,0.0873,0.0601,9.64,933.0,9.41,4.25,971.0,1,High Performer
18945.0,0.1447,353.17,68.2,0.0972,0.0677,9.95,702.0,9.67,4.28,522.0,1,High Performer
41343.0,0.0299,414.85,64.77,0.0959,0.0402,1.59,799.0,1.17,3.03,18.0,2,Attract but Don't Convert
37264.0,0.1156,304.44,58.0,0.102,0.0716,8.24,534.0,8.85,4.55,718.0,1,High Performer
42151.0,0.0171,121.54,26.21,0.0106,0.0001,2.93,229.0,1.8,1.16,12.0,0,Invisible Product
13418.0,0.1598,497.94,79.04,0.0972,0.0667,9.58,907.0,7.99,4.24,971.0,1,High Performer
17300.0,0.0432,464.37,88.98,0.0793,0.0421,1.0,922.0,4.82,4.27,78.0,2,Attract but Don't Convert
182.0,0.1541,468.45,88.59,0.0892,0.0475,9.76,921.0,8.41,4.13,103.0,2,Attract but Don't Convert
2020.0,0.1194,438.01,78.98,0.0635,0.0246,8.22,869.0,5.86,3.12,55.0,2,Attract but Don't Convert
40685.0,0.001,436.11,78.75,0.0249,0.019,1.03,832.0,1.49,1.74,20.0,0,Invisible Product
11783.0,0.2274875,456.58,80.09,0.0128,0.0101,7.31,914.0,7.13,2.51,971.0,4,Trust Issue Product
11436.0,0.0367,456.78,76.14,0.0306,0.0153,3.14,873.0,1.58,1.28,30.0,0,Invisible Product
15696.0,0.0658,334.78,59.9,0.0747,0.037,5.27,646.0,4.15,4.39,24.0,2,Attract but Don't Convert
2193.0,0.0447,365.3,64.09,0.0603,0.0299,3.52,698.0,1.79,1.65,43.0,0,Invisible Product
13005.0,0.1279,270.38,43.33,0.095,0.0643,7.1,454.0,9.46,4.42,971.0,1,High Performer
24451.0,0.1447,427.79,78.08,0.1132,0.0845,8.4,796.0,8.8,4.53,938.0,1,High Performer
31081.0,0.112,166.37,30.2,0.0859,0.0421,8.32,246.0,6.72,3.32,352.0,3,Low Engagement Product
8467.0,0.115,415.39,59.76,0.0555,0.0336,8.01,682.0,7.14,4.04,264.0,2,Attract but Don't Convert
5385.0,0.0062,139.74,29.81,0.0539,0.0234,2.11,287.0,2.55,2.93,27.0,0,Invisible Product
43764.0,0.0743,86.6,14.7,0.1053,0.0542,3.72,135.0,7.78,3.17,145.0,3,Low Engagement Product
37805.0,0.0982,318.92,59.14,0.0565,0.0285,6.09,619.0,8.48,3.11,131.0,2,Attract but Don't Convert
16853.0,0.1093,440.59,85.16,0.1426,0.0653,7.04,849.0,8.72,4.31,60.0,2,Attract but Don't Convert
18585.0,0.0218,424.03,73.32,0.0834,0.0435,2.9,773.0,1.0,3.52,193.0,2,Attract but Don't Convert
13077.0,0.1192,254.9,40.83,0.0927,0.0518,4.8,379.0,9.49,3.52,276.0,3,Low Engagement Product
19974.0,0.0754,216.89,30.45,0.0489,0.0124,3.68,348.0,1.65,1.83,0.0,0,Invisible Product
7774.0,0.0444,471.7,85.96,0.1011,0.0497,8.52,864.0,1.0,3.79,208.0,2,Attract but Don't Convert
29138.0,0.034,80.31,14.95,0.0799,0.0326,3.78,59.0,1.29,2.72,34.0,3,Low Engagement Product
29415.0,0.2274875,160.34,26.6,0.013,0.0082,3.48,201.0,3.52,2.52,9.0,4,Trust Issue Product
3776.0,0.0156,320.44,44.98,0.0538,0.0283,1.77,509.0,3.87,3.04,7.0,0,Invisible Product
2526.0,0.0613,153.74,27.64,0.0596,0.0368,5.42,228.0,4.17,4.1,416.0,3,Low Engagement Product
24573.0,0.0707,471.75,79.18,0.0986,0.054,6.77,922.0,5.46,3.76,182.0,2,Attract but Don't Convert
3062.0,0.1222,169.21,29.97,0.1088,0.0714,8.25,292.0,7.42,4.76,503.0,1,High Performer
30043.0,0.0475,58.0,12.53,0.0515,0.0289,2.78,138.0,3.99,3.18,12.0,3,Low Engagement Product
959.0,0.2274875,245.83,32.36,0.0299,0.0094,3.7,401.0,1.84,3.4,18.0,4,Trust Issue Product
44916.0,0.1573,495.47,97.99,0.0199,0.0083,8.73,965.0,7.35,2.4,460.0,4,Trust Issue Product
4238.0,0.0238,293.17,55.4,0.0721,0.0443,5.29,555.0,1.7,4.47,119.0,2,Attract but Don't Convert
35292.0,0.0169,175.57,37.89,0.0367,0.0168,2.39,277.0,2.57,1.7,2.0,0,Invisible Product
25740.0,0.1301,242.04,48.72,0.0697,0.0457,7.95,502.0,8.45,4.46,780.0,1,High Performer
10509.0,0.1879,314.64,51.35,0.0231,0.0122,9.76,528.0,8.5,2.68,971.0,4,Trust Issue Product
4117.0,0.1722,96.61,13.59,0.0385,0.012,3.49,111.0,1.95,2.74,2.0,4,Trust Issue Product
10551.0,0.071,520.34,92.89,0.0563,0.0157,3.91,998.0,1.28,2.26,26.0,2,Attract but Don't Convert
28427.0,0.0528,119.02,28.13,0.0109,0.006,2.76,180.0,3.37,1.26,17.0,0,Invisible Product
10378.0,0.1481,100.58,26.06,0.091,0.064,9.44,168.0,7.59,4.37,971.0,1,High Performer
25044.0,0.0515,150.09,20.89,0.1167,0.057,3.87,136.0,4.93,3.32,114.0,3,Low Engagement Product
43864.0,0.053,250.16,49.65,0.0889,0.0518,4.62,477.0,6.14,3.32,420.0,3,Low Engagement Product
1234.0,0.0861,328.46,54.55,0.1018,0.0619,8.25,584.0,2.46,4.06,296.0,2,Attract but Don't Convert
30231.0,0.1086,441.24,81.83,0.1062,0.0661,7.55,833.0,9.87,3.47,184.0,2,Attract but Don't Convert
37987.0,0.0585,63.08,10.0,0.0816,0.0459,2.2,64.0,2.87,3.28,34.0,3,Low Engagement Product
38562.0,0.0417,438.25,69.7,0.0182,0.0147,1.95,796.0,2.97,2.11,43.0,0,Invisible Product
22620.0,0.085,437.53,72.32,0.0473,0.0363,8.62,793.0,2.19,3.26,369.0,2,Attract but Don't Convert
21969.0,0.1255,441.86,70.73,0.0452,0.0409,8.14,838.0,8.05,4.34,971.0,1,High Performer
37032.0,0.149,133.26,22.57,0.107,0.0638,7.32,253.0,7.12,4.4,633.0,1,High Performer
5139.0,0.1316,212.36,40.42,0.0757,0.0497,8.02,394.0,7.78,4.19,331.0,3,Low Engagement Product
21381.0,0.1308,303.79,53.1,0.0991,0.0635,9.51,566.0,8.47,4.87,158.0,1,High Performer
47499.0,0.0935,452.57,78.72,0.0697,0.0404,10.0,869.0,2.1,3.34,373.0,2,Attract but Don't Convert
10542.0,0.0854,493.16,87.51,0.0788,0.0466,8.45,968.0,5.25,4.12,377.0,2,Attract but Don't Convert
8352.0,0.0256,505.96,87.75,0.0655,0.0206,2.69,934.0,2.12,3.18,33.0,2,Attract but Don't Convert
27686.0,0.127,110.89,27.78,0.0732,0.039,5.93,216.0,7.67,3.31,488.0,3,Low Engagement Product
17668.0,0.102,50.97,22.24,0.0907,0.0463,6.99,44.0,6.5,4.41,70.0,3,Low Engagement Product
20910.0,0.0434,204.36,44.1,0.0288,0.0157,1.41,414.0,2.35,2.77,29.0,0,Invisible Product
1651.0,0.0855,418.32,76.37,0.0822,0.0442,10.0,733.0,3.77,3.44,273.0,2,Attract but Don't Convert
12725.0,0.0559,419.7,79.57,0.112,0.0494,1.69,804.0,3.51,3.14,7.0,2,Attract but Don't Convert
34497.0,0.0798,42.95,20.13,0.096,0.0679,8.93,55.0,2.24,4.12,330.0,3,Low Engagement Product
26349.0,0.2274875,258.59,41.69,0.016,0.0027,3.96,493.0,3.67,3.08,20.0,4,Trust Issue Product
1461.0,0.0741,185.1,30.33,0.0813,0.0466,5.28,242.0,4.44,4.26,418.0,3,Low Engagement Product
26249.0,0.0513,498.05,82.53,0.0638,0.0367,4.65,883.0,1.7,3.18,282.0,2,Attract but Don't Convert
4470.0,0.084,435.09,73.19,0.07,0.0387,7.63,808.0,3.86,3.1,167.0,2,Attract but Don't Convert
5383.0,0.0667,294.46,54.71,0.0259,0.0098,2.58,549.0,2.88,1.13,45.0,0,Invisible Product
7710.0,0.0763,175.01,21.48,0.1089,0.0606,5.63,207.0,8.57,3.9,417.0,3,Low Engagement Product
43426.0,0.1491,250.45,50.86,0.0605,0.0353,9.84,421.0,8.62,4.47,76.0,3,Low Engagement Product
15024.0,0.0415,162.9,32.14,0.0737,0.0418,4.68,276.0,2.63,3.93,232.0,3,Low Engagement Product
47707.0,0.0917,355.28,65.88,0.1211,0.0701,8.09,673.0,6.69,3.93,124.0,2,Attract but Don't Convert
44817.0,0.1132,123.86,18.44,0.0751,0.0417,5.96,155.0,3.43,3.68,263.0,3,Low Engagement Product
10726.0,0.0245,516.09,96.34,0.0773,0.0358,2.92,981.0,2.89,2.81,18.0,2,Attract but Don't Convert
34861.0,0.009,422.22,81.17,0.0443,0.0209,3.12,838.0,2.92,1.57,42.0,0,Invisible Product
969.0,0.1152,338.44,64.03,0.0981,0.0593,8.62,610.0,4.19,4.4,317.0,2,Attract but Don't Convert
31652.0,0.1266,266.27,57.17,0.1124,0.0879,9.01,463.0,9.18,4.67,971.0,1,High Performer
1114.0,0.2274875,249.39,43.9,0.0121,0.0082,7.79,437.0,4.96,2.78,72.0,4,Trust Issue Product
10203.0,0.0417,195.6,37.86,0.0239,0.0105,6.24,311.0,5.32,3.11,70.0,0,Invisible Product
17086.0,0.1276,320.03,60.05,0.1055,0.07,5.66,593.0,6.41,4.18,265.0,2,Attract but Don't Convert
44881.0,0.2274875,104.14,19.05,0.0232,0.0041,3.43,148.0,2.21,2.93,47.0,4,Trust Issue Product
30571.0,0.0439,209.8,40.73,0.0451,0.0204,3.43,360.0,2.97,3.41,86.0,0,Invisible Product
33558.0,0.0894,417.72,72.35,0.1128,0.0824,9.24,829.0,7.3,4.81,398.0,1,High Performer
25169.0,0.0146,182.06,31.95,0.0668,0.0309,3.63,276.0,1.87,2.95,45.0,0,Invisible Product
16973.0,0.1183,412.5,61.36,0.1201,0.0841,8.21,743.0,9.41,4.43,971.0,1,High Performer
23348.0,0.1405,342.28,52.87,0.1056,0.0789,8.91,585.0,7.93,4.84,971.0,1,High Performer
23724.0,0.0244,362.82,57.33,0.0398,0.0099,1.68,706.0,3.87,1.01,39.0,0,Invisible Product
43616.0,0.0541,81.05,27.1,0.0875,0.0619,5.33,119.0,7.36,4.08,451.0,3,Low Engagement Product
29161.0,0.071,81.18,17.97,0.0758,0.042,6.72,58.0,2.14,3.09,384.0,3,Low Engagement Product
24270.0,0.0971,490.98,83.26,0.1013,0.0646,5.45,945.0,4.84,4.15,472.0,2,Attract but Don't Convert
8124.0,0.2274875,206.93,28.8,0.0149,0.0132,7.26,282.0,7.01,2.6,566.0,4,Trust Issue Product
16778.0,0.105,83.31,29.28,0.0943,0.0557,7.55,169.0,9.19,3.81,99.0,3,Low Engagement Product
38356.0,0.0505,344.69,71.05,0.0888,0.0549,5.53,652.0,3.66,4.08,297.0,2,Attract but Don't Convert
20511.0,0.0087,375.2,70.66,0.0703,0.0539,3.75,709.0,5.4,3.74,374.0,2,Attract but Don't Convert
43903.0,0.0533,461.27,83.2,0.0917,0.0495,6.19,832.0,5.05,4.2,300.0,2,Attract but Don't Convert
19396.0,0.0226,237.81,37.87,0.1196,0.0619,3.02,349.0,2.84,3.32,29.0,3,Low Engagement Product
26393.0,0.0468,105.58,10.73,0.0547,0.0368,4.35,139.0,4.28,4.42,281.0,3,Low Engagement Product
27272.0,0.0374,279.08,57.71,0.0357,0.0172,3.21,603.0,3.19,1.73,26.0,0,Invisible Product
21228.0,0.067,147.38,29.68,0.0638,0.0181,3.59,238.0,3.77,2.04,19.0,0,Invisible Product
18357.0,0.0479,494.96,89.32,0.0305,0.0069,3.33,925.0,1.7,2.53,13.0,0,Invisible Product
12955.0,0.0949,502.36,82.4,0.0992,0.056,8.6,929.0,5.42,4.11,146.0,2,Attract but Don't Convert
19742.0,0.0874,444.93,70.87,0.0971,0.0605,7.38,833.0,4.23,4.12,284.0,2,Attract but Don't Convert
35685.0,0.0545,127.13,12.44,0.0402,0.0243,6.7,142.0,4.19,3.33,433.0,3,Low Engagement Product
20125.0,0.1792,143.73,34.34,0.0143,0.005,2.39,263.0,2.93,3.08,11.0,4,Trust Issue Product
4558.0,0.0497,461.88,80.91,0.1113,0.0505,4.89,905.0,5.18,3.53,49.0,2,Attract but Don't Convert
5407.0,0.0159,320.75,52.94,0.0361,0.0177,2.62,606.0,1.48,3.32,48.0,0,Invisible Product
41801.0,0.1062,350.54,56.07,0.0656,0.025,3.1,537.0,6.12,3.19,183.0,2,Attract but Don't Convert
18525.0,0.1411,46.4,17.17,0.1009,0.085,8.77,40.0,9.66,4.5,971.0,1,High Performer
49931.0,0.2274875,157.48,25.72,0.0223,0.0097,7.53,209.0,2.83,2.7,118.0,4,Trust Issue Product
43527.0,0.139,174.6,34.55,0.0937,0.0632,8.26,244.0,9.01,4.4,971.0,1,High Performer
28373.0,0.1194,462.62,87.98,0.1097,0.0776,8.85,934.0,8.13,4.81,971.0,1,High Performer
38606.0,0.2274875,345.87,60.01,0.0301,0.0063,2.7,634.0,1.63,2.33,22.0,4,Trust Issue Product
5768.0,0.0878,489.9,78.92,0.0964,0.0571,6.67,875.0,4.09,3.67,140.0,2,Attract but Don't Convert
26034.0,0.0241,329.73,47.12,0.0881,0.0494,4.89,485.0,1.42,3.44,163.0,2,Attract but Don't Convert
47295.0,0.1295,110.57,19.44,0.0838,0.0447,7.76,118.0,5.99,3.1,366.0,3,Low Engagement Product
7797.0,0.0979,447.65,85.41,0.1025,0.0561,6.24,849.0,5.16,4.4,81.0,2,Attract but Don't Convert
24517.0,0.1446,250.2,46.49,0.0762,0.0556,8.64,382.0,9.4,4.65,971.0,1,High Performer
16546.0,0.0567,72.38,20.74,0.0438,0.0056,3.28,102.0,2.07,1.79,11.0,0,Invisible Product
40697.0,0.0501,363.37,76.06,0.0612,0.0275,1.34,712.0,3.4,1.7,43.0,0,Invisible Product
10851.0,0.0324,385.5,70.35,0.0092,0.0037,1.8,683.0,1.16,1.91,43.0,0,Invisible Product
46318.0,0.1284,38.46,15.24,0.0788,0.0535,8.34,75.0,9.22,4.61,274.0,3,Low Engagement Product
7452.0,0.1069,378.59,70.54,0.1187,0.0756,6.24,721.0,5.6,3.91,335.0,2,Attract but Don't Convert
13616.0,0.0518,534.23,92.72,0.0043,0.004,3.43,949.0,3.95,1.45,38.0,0,Invisible Product
23399.0,0.1424,64.75,13.72,0.1099,0.0761,7.57,41.0,7.88,4.89,399.0,3,Low Engagement Product
32057.0,0.1469,312.22,56.88,0.0966,0.0745,8.83,599.0,9.43,4.65,971.0,1,High Performer
29027.0,0.2011,134.81,35.44,0.0173,0.0135,1.7,204.0,2.23,3.23,41.0,4,Trust Issue Product
41194.0,0.0542,298.6,56.02,0.0579,0.0228,2.23,541.0,3.32,2.32,29.0,0,Invisible Product
36512.0,0.0652,346.65,62.99,0.0921,0.0457,3.94,597.0,4.34,3.49,14.0,2,Attract but Don't Convert
29593.0,0.1577,179.1,29.08,0.1097,0.0856,7.72,283.0,9.91,4.64,971.0,1,High Performer
26811.0,0.1344,155.1,34.07,0.1238,0.0655,7.91,244.0,7.48,3.52,222.0,3,Low Engagement Product
8103.0,0.0909,356.27,61.37,0.0661,0.0341,6.7,654.0,5.22,3.59,292.0,2,Attract but Don't Convert
31807.0,0.0794,36.5,14.37,0.0992,0.0528,10.0,57.0,9.28,4.22,181.0,3,Low Engagement Product
3378.0,0.0971,128.6,16.54,0.1012,0.06,5.38,142.0,5.26,3.32,303.0,3,Low Engagement Product
7396.0,0.0913,462.88,76.8,0.1245,0.0671,7.22,849.0,3.83,4.28,465.0,2,Attract but Don't Convert
25498.0,0.0814,110.93,16.89,0.0615,0.0143,2.53,175.0,1.85,2.93,47.0,3,Low Engagement Product
35942.0,0.001,487.38,89.66,0.001,0.001,1.85,925.0,1.05,1.24,26.0,0,Invisible Product
13361.0,0.0945,187.96,32.87,0.0711,0.0314,8.99,320.0,4.19,3.47,223.0,3,Low Engagement Product
11273.0,0.1071,439.55,79.88,0.1297,0.0807,9.08,852.0,9.33,4.21,695.0,1,High Performer
30549.0,0.2228,61.64,11.09,0.0363,0.0211,8.08,86.0,3.85,3.15,480.0,4,Trust Issue Product
41180.0,0.1853,511.66,86.36,0.0209,0.0044,7.1,924.0,8.76,2.94,971.0,4,Trust Issue Product
1737.0,0.0246,330.7,50.48,0.0832,0.0401,5.59,664.0,2.13,4.34,98.0,2,Attract but Don't Convert
31881.0,0.0132,513.67,76.92,0.0399,0.0232,3.35,893.0,2.13,2.0,23.0,0,Invisible Product
13752.0,0.1242,236.58,49.82,0.1196,0.0658,7.19,413.0,7.82,4.04,80.0,1,High Performer
5203.0,0.1267,349.67,60.38,0.116,0.084,8.3,671.0,8.08,4.91,379.0,1,High Performer
25600.0,0.0852,329.58,58.0,0.1362,0.0833,4.49,613.0,7.75,4.34,343.0,1,High Performer
49896.0,0.0718,332.92,46.3,0.1182,0.0945,7.95,589.0,8.47,4.58,971.0,1,High Performer
34900.0,0.144,360.38,71.17,0.1151,0.0705,7.5,680.0,8.32,4.9,971.0,1,High Performer
35629.0,0.0737,255.19,42.64,0.0879,0.0468,3.85,424.0,6.6,4.12,393.0,3,Low Engagement Product
48063.0,0.0486,242.75,54.04,0.0758,0.0308,6.23,468.0,2.97,3.22,178.0,3,Low Engagement Product
18552.0,0.0477,89.05,18.56,0.0688,0.0392,1.2,150.0,4.31,4.43,323.0,3,Low Engagement Product
49493.0,0.1519,78.89,10.0,0.0808,0.0635,9.83,88.0,7.08,4.34,971.0,1,High Performer
31274.0,0.0781,199.6,46.18,0.0887,0.0596,6.75,364.0,4.37,3.29,422.0,3,Low Engagement Product
35536.0,0.0537,459.68,74.45,0.0986,0.0602,5.29,781.0,3.59,3.74,474.0,2,Attract but Don't Convert
47506.0,0.0369,216.09,37.64,0.0092,0.0058,1.49,339.0,3.33,1.6,2.0,0,Invisible Product
16054.0,0.1217,138.24,22.67,0.1102,0.0497,7.4,196.0,7.81,4.04,132.0,3,Low Engagement Product
17286.0,0.056,333.73,64.21,0.0488,0.0223,2.36,603.0,3.83,2.34,29.0,0,Invisible Product
12456.0,0.0865,297.06,44.63,0.0635,0.034,6.37,548.0,5.82,3.58,444.0,3,Low Engagement Product
33063.0,0.099,454.88,82.81,0.0741,0.0351,5.5,860.0,4.42,3.52,207.0,2,Attract but Don't Convert
2287.0,0.0633,102.8,18.35,0.1076,0.0577,6.22,179.0,4.56,4.18,105.0,3,Low Engagement Product
11807.0,0.0923,334.74,60.38,0.0901,0.0498,5.69,601.0,7.08,3.44,328.0,2,Attract but Don't Convert
35198.0,0.093,327.08,71.48,0.0914,0.0493,5.29,644.0,7.58,3.81,28.0,2,Attract but Don't Convert
27035.0,0.2274875,440.67,70.84,0.038,0.0115,7.55,763.0,9.77,2.78,316.0,4,Trust Issue Product
21325.0,0.0535,307.22,53.73,0.0259,0.0052,3.16,552.0,3.01,2.17,34.0,0,Invisible Product
3706.0,0.1239,134.4,19.74,0.1034,0.0768,9.17,154.0,7.09,4.0,971.0,1,High Performer
32928.0,0.1044,444.86,72.73,0.0714,0.032,6.79,794.0,7.64,3.5,164.0,2,Attract but Don't Convert
26589.0,0.0704,93.61,18.19,0.1343,0.0665,7.04,130.0,1.0,4.34,103.0,3,Low Engagement Product
14487.0,0.0515,427.42,72.27,0.0622,0.0461,3.43,777.0,3.95,3.23,379.0,2,Attract but Don't Convert
4027.0,0.053,172.48,32.73,0.0923,0.0311,1.3,302.0,2.0,2.12,32.0,0,Invisible Product
6396.0,0.0483,297.57,52.27,0.0374,0.0136,1.22,539.0,3.96,1.79,36.0,0,Invisible Product
30544.0,0.1365,508.48,86.23,0.0949,0.0651,8.74,988.0,8.46,4.15,971.0,1,High Performer
46490.0,0.0588,470.81,74.57,0.0653,0.0381,5.66,815.0,3.98,3.26,62.0,2,Attract but Don't Convert
46993.0,0.0169,402.76,68.85,0.0329,0.0148,3.36,738.0,3.93,2.82,39.0,0,Invisible Product
2691.0,0.1107,153.43,35.35,0.1009,0.0566,7.24,213.0,5.38,3.17,362.0,3,Low Engagement Product
44995.0,0.047,514.24,96.84,0.0894,0.0607,7.02,986.0,4.27,4.14,494.0,2,Attract but Don't Convert
48616.0,0.049,94.56,16.91,0.0615,0.0296,3.87,66.0,3.38,2.2,48.0,3,Low Engagement Product
26247.0,0.2127,514.01,87.54,0.0248,0.0167,4.27,997.0,10.0,2.31,438.0,4,Trust Issue Product
38989.0,0.0976,208.2,40.62,0.091,0.0718,8.13,361.0,7.2,4.19,971.0,1,High Performer
1300.0,0.008,151.08,26.79,0.0291,0.0069,1.3,261.0,1.0,1.51,15.0,0,Invisible Product
15821.0,0.0082,306.0,50.51,0.0511,0.0167,1.01,541.0,3.81,2.37,47.0,0,Invisible Product
19338.0,0.0324,210.68,41.4,0.0274,0.0085,3.78,389.0,3.0,2.49,17.0,0,Invisible Product
11187.0,0.0566,451.81,72.28,0.0451,0.0166,4.4,820.0,5.27,3.8,20.0,2,Attract but Don't Convert
30916.0,0.0337,496.26,80.54,0.001,0.001,3.18,922.0,2.54,1.05,17.0,0,Invisible Product
23508.0,0.0435,101.82,19.67,0.0594,0.0106,1.71,150.0,3.74,1.51,13.0,0,Invisible Product
39840.0,0.0425,153.19,44.55,0.0299,0.0177,1.83,289.0,3.22,1.61,31.0,0,Invisible Product
236.0,0.1231,507.88,87.59,0.111,0.0718,6.37,959.0,6.19,4.15,385.0,2,Attract but Don't Convert
17513.0,0.0304,444.39,67.99,0.0303,0.0023,1.74,833.0,3.61,1.62,11.0,0,Invisible Product
48214.0,0.0744,87.93,17.38,0.0394,0.0198,5.06,80.0,3.37,3.17,114.0,3,Low Engagement Product
19078.0,0.1214,115.71,26.93,0.1201,0.0898,8.95,183.0,8.93,4.53,971.0,1,High Performer
761.0,0.1316,282.41,53.22,0.0833,0.0439,7.2,544.0,5.87,4.4,19.0,2,Attract but Don't Convert
35340.0,0.0291,140.08,36.33,0.0464,0.0173,1.29,291.0,2.26,1.6,41.0,0,Invisible Product
27353.0,0.0293,422.48,66.27,0.055,0.0173,2.57,739.0,1.88,1.68,1.0,0,Invisible Product
26984.0,0.0378,414.93,71.43,0.036,0.0127,3.64,777.0,3.51,1.66,25.0,0,Invisible Product
32954.0,0.1419,112.58,21.72,0.1227,0.0986,8.48,152.0,8.02,4.95,971.0,1,High Performer
10804.0,0.0772,151.19,27.6,0.0478,0.0355,4.92,263.0,5.03,3.43,230.0,3,Low Engagement Product
39087.0,0.0945,430.52,71.25,0.1517,0.096,7.8,825.0,4.25,4.19,351.0,2,Attract but Don't Convert
24627.0,0.0163,254.59,46.63,0.0746,0.0293,3.4,453.0,1.59,3.21,22.0,0,Invisible Product
16422.0,0.092,41.79,15.71,0.1052,0.071,7.21,57.0,7.14,4.02,848.0,3,Low Engagement Product
47617.0,0.001,467.65,67.19,0.0548,0.0304,1.12,890.0,2.47,1.8,34.0,0,Invisible Product
7068.0,0.0397,337.79,54.38,0.085,0.0415,1.58,587.0,5.07,4.19,29.0,2,Attract but Don't Convert
27618.0,0.0267,213.04,35.62,0.0417,0.0126,1.77,338.0,3.07,1.87,32.0,0,Invisible Product
46464.0,0.1535,284.45,53.23,0.0318,0.0245,4.03,529.0,3.32,3.3,156.0,4,Trust Issue Product
27986.0,0.0664,222.91,45.7,0.0758,0.0463,4.07,395.0,4.99,3.83,353.0,3,Low Engagement Product
1800.0,0.0349,281.0,54.76,0.0446,0.0175,2.96,579.0,2.63,1.67,40.0,0,Invisible Product
28346.0,0.0276,314.59,63.79,0.0805,0.0284,2.06,636.0,3.55,3.42,24.0,0,Invisible Product
35568.0,0.1099,266.21,42.56,0.081,0.0578,9.13,493.0,7.81,4.24,971.0,1,High Performer
23299.0,0.1231,69.88,22.94,0.1206,0.0836,8.51,78.0,7.47,4.97,236.0,3,Low Engagement Product
44689.0,0.0293,308.58,58.39,0.0158,0.0029,1.99,608.0,3.99,2.34,3.0,0,Invisible Product
32215.0,0.0915,523.58,79.19,0.1064,0.065,4.98,959.0,2.83,3.95,485.0,2,Attract but Don't Convert
5620.0,0.0321,306.02,54.42,0.0851,0.0344,1.67,518.0,3.09,2.53,20.0,0,Invisible Product
44378.0,0.1392,131.64,27.63,0.1045,0.0595,9.46,237.0,6.65,3.62,264.0,3,Low Engagement Product
36555.0,0.0186,469.26,92.3,0.0886,0.0404,1.72,914.0,3.81,2.84,47.0,2,Attract but Don't Convert
49848.0,0.0963,331.23,64.86,0.0651,0.0433,4.55,586.0,8.73,3.54,139.0,2,Attract but Don't Convert
21029.0,0.0107,356.38,61.32,0.0333,0.0087,1.93,586.0,2.04,1.83,3.0,0,Invisible Product
41705.0,0.1401,95.65,10.0,0.1142,0.0769,8.78,148.0,8.76,4.88,528.0,1,High Performer
15055.0,0.0876,510.23,82.7,0.0969,0.0581,4.02,923.0,7.82,4.28,433.0,2,Attract but Don't Convert
44149.0,0.1705,230.47,48.51,0.105,0.074,8.74,402.0,8.72,4.83,735.0,1,High Performer
14017.0,0.0242,234.72,46.76,0.0526,0.0185,1.94,407.0,2.3,3.42,30.0,0,Invisible Product
4857.0,0.0082,78.24,13.71,0.063,0.0222,2.78,104.0,3.01,1.38,48.0,0,Invisible Product
13145.0,0.0781,313.23,51.8,0.0572,0.035,6.11,529.0,4.46,3.3,256.0,2,Attract but Don't Convert
41780.0,0.1074,442.13,72.57,0.1277,0.0789,8.1,745.0,5.69,4.19,155.0,2,Attract but Don't Convert
4833.0,0.024,370.1,53.71,0.0552,0.0155,1.76,646.0,3.1,2.14,14.0,0,Invisible Product
31054.0,0.2274875,234.41,38.94,0.0355,0.0102,3.77,456.0,3.27,2.15,3.0,4,Trust Issue Product
31235.0,0.0471,447.42,89.78,0.0817,0.0433,5.28,845.0,4.19,3.31,91.0,2,Attract but Don't Convert
7181.0,0.2252,147.06,33.42,0.0259,0.006,1.25,312.0,2.41,2.57,3.0,4,Trust Issue Product
41558.0,0.0442,105.11,10.0,0.001,0.001,2.31,68.0,2.01,1.27,43.0,0,Invisible Product
23601.0,0.1757,80.04,13.42,0.1058,0.0449,10.0,86.0,6.95,4.05,11.0,3,Low Engagement Product
21213.0,0.0874,416.95,76.11,0.0803,0.0368,4.61,806.0,7.49,3.43,312.0,2,Attract but Don't Convert
34541.0,0.1029,109.25,25.82,0.1018,0.0682,6.07,148.0,7.24,4.39,442.0,3,Low Engagement Product
47186.0,0.0311,91.71,10.55,0.0696,0.0272,2.47,48.0,2.32,2.38,2.0,3,Low Engagement Product
24790.0,0.1337,194.28,32.98,0.0793,0.0437,4.69,362.0,5.92,3.91,384.0,3,Low Engagement Product
44039.0,0.0328,300.59,59.48,0.0055,0.0001,1.02,564.0,1.71,1.26,4.0,0,Invisible Product
29445.0,0.1177,75.53,16.32,0.0659,0.0424,7.64,138.0,8.05,4.09,971.0,3,Low Engagement Product
46413.0,0.0625,396.84,65.61,0.0307,0.0133,1.52,711.0,1.2,2.13,18.0,0,Invisible Product
44671.0,0.0375,505.21,89.84,0.0515,0.0156,1.59,956.0,3.56,1.7,37.0,0,Invisible Product
26929.0,0.1329,327.84,62.13,0.0994,0.0565,4.46,682.0,3.82,3.8,257.0,2,Attract but Don't Convert
35162.0,0.1162,112.75,32.19,0.0981,0.051,3.31,152.0,7.75,3.44,416.0,3,Low Engagement Product
3730.0,0.1325,221.99,33.42,0.0969,0.0728,9.39,346.0,8.33,4.64,971.0,1,High Performer
47961.0,0.2274875,121.35,24.48,0.0355,0.0157,3.63,204.0,1.7,3.28,31.0,4,Trust Issue Product
31970.0,0.0339,291.59,50.02,0.0591,0.0172,2.75,525.0,1.43,1.13,8.0,0,Invisible Product
49398.0,0.0878,358.46,60.02,0.1044,0.0435,7.06,665.0,2.64,3.76,56.0,2,Attract but Don't Convert
47321.0,0.1151,397.75,72.06,0.1106,0.0885,9.5,708.0,7.39,4.2,971.0,1,High Performer
45042.0,0.1035,273.38,52.5,0.0358,0.0192,4.95,553.0,3.26,3.1,88.0,0,Invisible Product
3553.0,0.0773,146.86,45.07,0.1112,0.0533,7.62,260.0,4.43,3.22,133.0,3,Low Engagement Product
37375.0,0.1019,327.88,59.15,0.0772,0.0454,4.87,608.0,8.03,3.44,354.0,2,Attract but Don't Convert
43470.0,0.0549,412.91,69.9,0.0974,0.0677,1.65,735.0,4.69,4.42,438.0,2,Attract but Don't Convert
38496.0,0.1131,297.54,44.97,0.0943,0.0514,8.67,535.0,7.25,3.7,91.0,2,Attract but Don't Convert
8428.0,0.0297,433.32,75.83,0.0783,0.048,4.34,859.0,3.05,3.6,286.0,2,Attract but Don't Convert
15634.0,0.0868,507.98,91.74,0.0884,0.0612,4.56,979.0,6.37,4.16,440.0,2,Attract but Don't Convert
19844.0,0.0268,147.2,27.45,0.0581,0.0156,1.1,184.0,1.82,2.62,2.0,0,Invisible Product
19489.0,0.0721,476.54,80.37,0.1008,0.0486,6.12,946.0,4.38,4.04,41.0,2,Attract but Don't Convert
36420.0,0.0837,526.55,83.86,0.1053,0.0632,5.45,952.0,6.47,4.0,284.0,2,Attract but Don't Convert
49270.0,0.1313,378.22,46.66,0.1305,0.0976,9.7,659.0,7.39,4.65,971.0,1,High Performer
35110.0,0.1498,342.38,52.13,0.0712,0.0414,9.29,576.0,7.36,3.91,155.0,2,Attract but Don't Convert
14765.0,0.0531,170.5,37.6,0.0491,0.0104,1.99,237.0,1.95,2.74,33.0,0,Invisible Product
37965.0,0.1422,440.25,72.45,0.1198,0.1015,9.4,766.0,8.26,4.43,971.0,1,High Performer
8740.0,0.0904,327.6,68.97,0.0415,0.0307,4.96,667.0,8.24,3.19,289.0,2,Attract but Don't Convert
34816.0,0.1211,405.68,57.5,0.1081,0.0699,8.83,699.0,8.21,4.64,447.0,1,High Performer
25621.0,0.0713,423.9,71.92,0.0631,0.0404,5.77,768.0,4.39,3.59,440.0,2,Attract but Don't Convert
30149.0,0.0687,330.56,59.33,0.1049,0.0565,5.0,624.0,5.36,4.35,115.0,2,Attract but Don't Convert
5718.0,0.1795,18.39,10.0,0.0213,0.0034,8.65,24.0,7.19,2.89,912.0,4,Trust Issue Product
37104.0,0.1171,374.11,63.81,0.1027,0.0684,8.12,687.0,9.57,4.91,570.0,1,High Performer
2020.0,0.0647,465.62,69.44,0.0651,0.026,3.07,776.0,3.95,3.22,24.0,2,Attract but Don't Convert
44037.0,0.0956,485.93,75.45,0.1033,0.0641,8.53,891.0,5.93,4.44,167.0,2,Attract but Don't Convert
4288.0,0.1046,70.29,18.67,0.1026,0.0561,6.87,100.0,6.97,3.65,102.0,3,Low Engagement Product
12307.0,0.0429,210.37,35.65,0.0888,0.0342,3.36,266.0,2.35,3.19,9.0,3,Low Engagement Product
338.0,0.11,479.91,76.01,0.0751,0.031,7.46,874.0,5.98,3.0,255.0,2,Attract but Don't Convert
33072.0,0.0345,299.55,47.28,0.0501,0.0251,3.03,512.0,3.33,3.44,31.0,0,Invisible Product
10899.0,0.001,369.8,67.47,0.0844,0.0352,1.81,668.0,1.18,1.63,4.0,0,Invisible Product
5652.0,0.0222,242.79,42.64,0.0755,0.0434,2.43,405.0,2.18,3.75,350.0,3,Low Engagement Product
29016.0,0.0559,277.68,55.78,0.0779,0.0404,6.69,594.0,3.23,3.34,158.0,2,Attract but Don't Convert
5027.0,0.0365,196.06,36.57,0.0741,0.0511,6.52,326.0,3.95,3.28,313.0,3,Low Engagement Product
28064.0,0.0163,369.42,72.07,0.0424,0.0203,2.22,647.0,1.43,1.69,28.0,0,Invisible Product
11264.0,0.1098,383.61,67.27,0.0626,0.0316,8.34,644.0,8.13,3.43,498.0,2,Attract but Don't Convert
37258.0,0.042,356.89,63.58,0.0528,0.013,1.83,562.0,3.84,1.99,6.0,0,Invisible Product
19171.0,0.0579,65.09,15.76,0.0891,0.028,3.54,26.0,2.78,2.34,14.0,3,Low Engagement Product
48509.0,0.0675,506.75,81.79,0.0049,0.0035,2.2,945.0,1.79,1.92,1.0,0,Invisible Product
6260.0,0.0417,517.91,85.63,0.0618,0.0319,2.71,973.0,2.6,2.85,9.0,2,Attract but Don't Convert
15910.0,0.0541,283.04,48.94,0.0034,0.0032,3.34,534.0,3.78,1.02,10.0,0,Invisible Product
5226.0,0.1691,459.92,80.15,0.0209,0.0042,1.99,838.0,1.62,2.66,39.0,4,Trust Issue Product
30109.0,0.0985,456.6,70.4,0.1132,0.0824,8.21,774.0,8.31,4.03,971.0,1,High Performer
33684.0,0.2274875,316.12,52.79,0.0338,0.0105,1.12,587.0,3.59,3.19,20.0,4,Trust Issue Product
46282.0,0.0702,79.72,16.79,0.0724,0.0418,3.99,92.0,3.77,3.21,11.0,3,Low Engagement Product
25496.0,0.1123,30.34,10.0,0.0573,0.0291,4.15,29.0,7.31,3.18,459.0,3,Low Engagement Product
292.0,0.1753,346.76,62.4,0.0542,0.0262,9.58,592.0,9.98,4.19,162.0,4,Trust Issue Product
36513.0,0.0523,345.46,51.65,0.0612,0.0349,4.67,581.0,7.11,3.07,438.0,2,Attract but Don't Convert
12916.0,0.1054,86.65,25.84,0.1029,0.069,9.72,141.0,9.07,4.83,171.0,3,Low Engagement Product
39182.0,0.0384,394.69,68.81,0.078,0.0438,4.01,706.0,1.41,3.67,138.0,2,Attract but Don't Convert
32230.0,0.0832,243.33,55.44,0.0106,0.0065,4.58,532.0,4.62,3.39,31.0,0,Invisible Product
40242.0,0.2274875,254.56,41.07,0.0172,0.0096,1.5,460.0,1.47,3.48,3.0,4,Trust Issue Product
36568.0,0.0245,84.2,14.89,0.0405,0.0201,1.0,57.0,5.4,3.38,65.0,3,Low Engagement Product
30798.0,0.001,381.13,65.09,0.0276,0.0119,1.15,721.0,2.24,1.29,27.0,0,Invisible Product
10755.0,0.155,308.99,50.04,0.1219,0.0868,9.43,610.0,8.47,4.74,435.0,1,High Performer
47997.0,0.1153,225.81,46.3,0.0549,0.025,8.36,364.0,4.16,3.33,433.0,3,Low Engagement Product
30175.0,0.224,520.31,88.32,0.0315,0.0119,3.02,985.0,6.44,2.28,47.0,4,Trust Issue Product
9459.0,0.0911,212.43,36.31,0.0795,0.0419,5.41,357.0,6.87,4.1,28.0,3,Low Engagement Product
36761.0,0.0083,526.76,95.27,0.1082,0.0409,2.1,980.0,1.33,3.34,28.0,2,Attract but Don't Convert
39679.0,0.001,408.69,72.52,0.0385,0.0163,1.16,721.0,2.2,2.3,12.0,0,Invisible Product
42156.0,0.001,153.14,42.76,0.0487,0.0193,1.3,203.0,1.31,2.86,49.0,0,Invisible Product
33372.0,0.0423,80.74,12.12,0.0676,0.0404,6.21,86.0,4.87,3.99,412.0,3,Low Engagement Product
42681.0,0.0292,71.56,10.03,0.001,0.0005,2.19,36.0,2.51,1.5,17.0,0,Invisible Product
14771.0,0.0511,230.62,51.86,0.1073,0.0578,2.88,402.0,2.69,4.46,203.0,3,Low Engagement Product
27148.0,0.1259,229.9,36.68,0.091,0.0617,7.56,387.0,9.05,4.19,971.0,1,High Performer
10838.0,0.0548,492.16,80.19,0.0452,0.0248,2.26,923.0,1.28,2.37,26.0,0,Invisible Product
26063.0,0.2274875,174.04,36.39,0.0123,0.0001,2.91,335.0,2.07,2.08,2.0,4,Trust Issue Product
44054.0,0.0758,317.79,59.52,0.0634,0.044,5.93,516.0,8.56,4.37,102.0,2,Attract but Don't Convert
 